{
"type": "FeatureCollection",
"name": "outfalls_priority",
"crs": { "type": "name", "properties": { "name": "urn:ogc:def:crs:OGC:1.3:CRS84" } },
"features": [
{"type":"Feature","properties":{"AssetID":"DP_1642","EndPointType":"NPDES_PossibleOF","PropertyOwner":"Private","MaintenanceGroup":"Private","unconfirmed_flag":true,"tbd_flag":false,"risk_score":93.6,"OVERALL_ANNUAL":18,"dist_to_employment_m":0.0},"geometry":{"type":"Point","coordinates":[-122.391454,47.153199]}},
{"type":"Feature","properties":{"AssetID":"DP_2419","EndPointType":"NPDES_PossibleDP","PropertyOwner":"Private","MaintenanceGroup":"Private","unconfirmed_flag":true,"tbd_flag":false,"risk_score":92.9,"OVERALL_ANNUAL":18,"dist_to_employment_m":79.0},"geometry":{"type":"Point","coordinates":[-122.428693,47.162448]}},
{"type":"Feature","properties":{"AssetID":"DP_6397","EndPointType":"NPDES_PossibleDP","PropertyOwner":"Private","MaintenanceGroup":"Private","unconfirmed_flag":true,"tbd_flag":false,"risk_score":92.5,"OVERALL_ANNUAL":24,"dist_to_employment_m":0.0},"geometry":{"type":"Point","coordinates":[-122.241204,47.180648]}},
{"type":"Feature","properties":{"AssetID":"DP_1138","EndPointType":"NPDES_PossibleDP","PropertyOwner":"Private","MaintenanceGroup":"Private","unconfirmed_flag":true,"tbd_flag":false,"risk_score":92.0,"OVERALL_ANNUAL":27,"dist_to_employment_m":0.0},"geometry":{"type":"Point","coordinates":[-122.35716,47.137837]}},
{"type":"Feature","properties":{"AssetID":"DP_1056","EndPointType":"NPDES_PossibleDP","PropertyOwner":"Private","MaintenanceGroup":"Private","unconfirmed_flag":true,"tbd_flag":false,"risk_score":92.0,"OVERALL_ANNUAL":27,"dist_to_employment_m":0.0},"geometry":{"type":"Point","coordinates":[-122.355308,47.139774]}},
{"type":"Feature","properties":{"AssetID":"DP_1620","EndPointType":"NPDES_PossibleOF","PropertyOwner":"Public","MaintenanceGroup":"PC Roads","unconfirmed_flag":true,"tbd_flag":false,"risk_score":91.6,"OVERALL_ANNUAL":18,"dist_to_employment_m":0.0},"geometry":{"type":"Point","coordinates":[-122.411512,47.151456]}},
{"type":"Feature","properties":{"AssetID":"DP_5671","EndPointType":"NPDES_PossibleDP","PropertyOwner":"Private","MaintenanceGroup":"Private","unconfirmed_flag":true,"tbd_flag":false,"risk_score":91.3,"OVERALL_ANNUAL":13,"dist_to_employment_m":606.0},"geometry":{"type":"Point","coordinates":[-122.423928,47.093683]}},
{"type":"Feature","properties":{"AssetID":"DP_1615","EndPointType":"NPDES_PossibleOF","PropertyOwner":"Public","MaintenanceGroup":"PC SWM","unconfirmed_flag":true,"tbd_flag":false,"risk_score":91.1,"OVERALL_ANNUAL":18,"dist_to_employment_m":23.0},"geometry":{"type":"Point","coordinates":[-122.415085,47.15085]}},
{"type":"Feature","properties":{"AssetID":"DP_1668","EndPointType":"NPDES_PossibleOF","PropertyOwner":"Public","MaintenanceGroup":"PC Roads","unconfirmed_flag":true,"tbd_flag":false,"risk_score":91.1,"OVERALL_ANNUAL":18,"dist_to_employment_m":28.0},"geometry":{"type":"Point","coordinates":[-122.407647,47.147196]}},
{"type":"Feature","properties":{"AssetID":"DP_5668","EndPointType":"NPDES_PossibleDP","PropertyOwner":"Private","MaintenanceGroup":"Private","unconfirmed_flag":true,"tbd_flag":false,"risk_score":91.0,"OVERALL_ANNUAL":13,"dist_to_employment_m":683.0},"geometry":{"type":"Point","coordinates":[-122.424562,47.095321]}},
{"type":"Feature","properties":{"AssetID":"DP_1616","EndPointType":"NPDES_PossibleOF","PropertyOwner":"Public","MaintenanceGroup":"PC Roads","unconfirmed_flag":true,"tbd_flag":false,"risk_score":91.0,"OVERALL_ANNUAL":18,"dist_to_employment_m":36.0},"geometry":{"type":"Point","coordinates":[-122.415447,47.150735]}},
{"type":"Feature","properties":{"AssetID":"DP_1535","EndPointType":"NPDES_PossibleOF","PropertyOwner":"Public","MaintenanceGroup":"PC Roads","unconfirmed_flag":true,"tbd_flag":false,"risk_score":90.8,"OVERALL_ANNUAL":18,"dist_to_employment_m":91.0},"geometry":{"type":"Point","coordinates":[-122.415298,47.156974]}},
{"type":"Feature","properties":{"AssetID":"DP_2418","EndPointType":"NPDES_PossibleOF","PropertyOwner":"Public","MaintenanceGroup":"PC Roads","unconfirmed_flag":true,"tbd_flag":false,"risk_score":90.5,"OVERALL_ANNUAL":18,"dist_to_employment_m":168.0},"geometry":{"type":"Point","coordinates":[-122.425601,47.163168]}},
{"type":"Feature","properties":{"AssetID":"DP_1652","EndPointType":"NPDES_PossibleDP","PropertyOwner":"Public","MaintenanceGroup":"PC Roads","unconfirmed_flag":true,"tbd_flag":false,"risk_score":90.1,"OVERALL_ANNUAL":18,"dist_to_employment_m":250.0},"geometry":{"type":"Point","coordinates":[-122.41049,47.146485]}},
{"type":"Feature","properties":{"AssetID":"DP_1659","EndPointType":"NPDES_PossibleDP","PropertyOwner":"Public","MaintenanceGroup":"PC Roads","unconfirmed_flag":true,"tbd_flag":false,"risk_score":90.1,"OVERALL_ANNUAL":18,"dist_to_employment_m":278.0},"geometry":{"type":"Point","coordinates":[-122.410223,47.145788]}},
{"type":"Feature","properties":{"AssetID":"DP_1658","EndPointType":"NPDES_PossibleDP","PropertyOwner":"Public","MaintenanceGroup":"PC Roads","unconfirmed_flag":true,"tbd_flag":false,"risk_score":90.0,"OVERALL_ANNUAL":18,"dist_to_employment_m":283.0},"geometry":{"type":"Point","coordinates":[-122.410215,47.145708]}},
{"type":"Feature","properties":{"AssetID":"DP_1660","EndPointType":"NPDES_PossibleDP","PropertyOwner":"Public","MaintenanceGroup":"PC Roads","unconfirmed_flag":true,"tbd_flag":false,"risk_score":90.0,"OVERALL_ANNUAL":18,"dist_to_employment_m":293.0},"geometry":{"type":"Point","coordinates":[-122.410248,47.145599]}},
{"type":"Feature","properties":{"AssetID":"DP_1011","EndPointType":"NPDES_PossibleOF","PropertyOwner":"Public","MaintenanceGroup":"PC Roads","unconfirmed_flag":true,"tbd_flag":false,"risk_score":89.9,"OVERALL_ANNUAL":27,"dist_to_employment_m":0.0},"geometry":{"type":"Point","coordinates":[-122.359916,47.144623]}},
{"type":"Feature","properties":{"AssetID":"DP_1661","EndPointType":"NPDES_PossibleDP","PropertyOwner":"Public","MaintenanceGroup":"PC Roads","unconfirmed_flag":true,"tbd_flag":false,"risk_score":89.8,"OVERALL_ANNUAL":18,"dist_to_employment_m":340.0},"geometry":{"type":"Point","coordinates":[-122.410246,47.145004]}},
{"type":"Feature","properties":{"AssetID":"DP_1669","EndPointType":"NPDES_PossibleDP","PropertyOwner":"Public","MaintenanceGroup":"PC Roads","unconfirmed_flag":true,"tbd_flag":false,"risk_score":89.8,"OVERALL_ANNUAL":18,"dist_to_employment_m":344.0},"geometry":{"type":"Point","coordinates":[-122.41569,47.147969]}},
{"type":"Feature","properties":{"AssetID":"DP_1656","EndPointType":"NPDES_PossibleDP","PropertyOwner":"Public","MaintenanceGroup":"PC Roads","unconfirmed_flag":true,"tbd_flag":false,"risk_score":89.6,"OVERALL_ANNUAL":18,"dist_to_employment_m":394.0},"geometry":{"type":"Point","coordinates":[-122.410253,47.14441]}},
{"type":"Feature","properties":{"AssetID":"DP_1657","EndPointType":"NPDES_PossibleDP","PropertyOwner":"Public","MaintenanceGroup":"PC Roads","unconfirmed_flag":true,"tbd_flag":false,"risk_score":89.6,"OVERALL_ANNUAL":18,"dist_to_employment_m":399.0},"geometry":{"type":"Point","coordinates":[-122.410223,47.144336]}},
{"type":"Feature","properties":{"AssetID":"DP_CA_125","EndPointType":"NPDES_PossibleOF","PropertyOwner":"Public","MaintenanceGroup":"PC Roads","unconfirmed_flag":true,"tbd_flag":false,"risk_score":89.5,"OVERALL_ANNUAL":27,"dist_to_employment_m":7.0},"geometry":{"type":"Point","coordinates":[-122.352945,47.140026]}},
{"type":"Feature","properties":{"AssetID":"DP_4490","EndPointType":"NPDES_PossibleDP","PropertyOwner":"Private","MaintenanceGroup":"Private","unconfirmed_flag":true,"tbd_flag":false,"risk_score":89.4,"OVERALL_ANNUAL":29,"dist_to_employment_m":0.0},"geometry":{"type":"Point","coordinates":[-122.385936,47.043996]}},
{"type":"Feature","properties":{"AssetID":"DP_4491","EndPointType":"NPDES_PossibleDP","PropertyOwner":"Private","MaintenanceGroup":"Private","unconfirmed_flag":true,"tbd_flag":false,"risk_score":89.4,"OVERALL_ANNUAL":29,"dist_to_employment_m":0.0},"geometry":{"type":"Point","coordinates":[-122.385936,47.043996]}},
{"type":"Feature","properties":{"AssetID":"DP_4492","EndPointType":"NPDES_PossibleDP","PropertyOwner":"Private","MaintenanceGroup":"Private","unconfirmed_flag":true,"tbd_flag":false,"risk_score":89.4,"OVERALL_ANNUAL":29,"dist_to_employment_m":0.0},"geometry":{"type":"Point","coordinates":[-122.386055,47.044002]}},
{"type":"Feature","properties":{"AssetID":"DP_4489","EndPointType":"NPDES_PossibleDP","PropertyOwner":"Private","MaintenanceGroup":"Private","unconfirmed_flag":true,"tbd_flag":false,"risk_score":89.4,"OVERALL_ANNUAL":29,"dist_to_employment_m":0.0},"geometry":{"type":"Point","coordinates":[-122.387232,47.044019]}},
{"type":"Feature","properties":{"AssetID":"DP_4097","EndPointType":"NPDES_PossibleDP","PropertyOwner":"Private","MaintenanceGroup":"Private","unconfirmed_flag":true,"tbd_flag":false,"risk_score":89.4,"OVERALL_ANNUAL":29,"dist_to_employment_m":0.0},"geometry":{"type":"Point","coordinates":[-122.347943,47.074886]}},
{"type":"Feature","properties":{"AssetID":"DP_4245","EndPointType":"NPDES_PossibleDP","PropertyOwner":"Private","MaintenanceGroup":"Private","unconfirmed_flag":true,"tbd_flag":false,"risk_score":89.4,"OVERALL_ANNUAL":29,"dist_to_employment_m":0.0},"geometry":{"type":"Point","coordinates":[-122.379236,47.079611]}},
{"type":"Feature","properties":{"AssetID":"DP_3935","EndPointType":"NPDES_PossibleDP","PropertyOwner":"Private","MaintenanceGroup":"Private","unconfirmed_flag":true,"tbd_flag":false,"risk_score":89.4,"OVERALL_ANNUAL":29,"dist_to_employment_m":0.0},"geometry":{"type":"Point","coordinates":[-122.363293,47.082391]}},
{"type":"Feature","properties":{"AssetID":"DP_3940","EndPointType":"NPDES_PossibleDP","PropertyOwner":"Private","MaintenanceGroup":"Private","unconfirmed_flag":true,"tbd_flag":false,"risk_score":89.4,"OVERALL_ANNUAL":29,"dist_to_employment_m":0.0},"geometry":{"type":"Point","coordinates":[-122.366296,47.082553]}},
{"type":"Feature","properties":{"AssetID":"DP_3983","EndPointType":"NPDES_PossibleDP","PropertyOwner":"Private","MaintenanceGroup":"Private","unconfirmed_flag":true,"tbd_flag":false,"risk_score":89.4,"OVERALL_ANNUAL":29,"dist_to_employment_m":0.0},"geometry":{"type":"Point","coordinates":[-122.357306,47.083135]}},
{"type":"Feature","properties":{"AssetID":"DP_3982","EndPointType":"NPDES_PossibleDP","PropertyOwner":"Private","MaintenanceGroup":"Private","unconfirmed_flag":true,"tbd_flag":false,"risk_score":89.4,"OVERALL_ANNUAL":29,"dist_to_employment_m":0.0},"geometry":{"type":"Point","coordinates":[-122.357307,47.083608]}},
{"type":"Feature","properties":{"AssetID":"DP_3933","EndPointType":"NPDES_PossibleDP","PropertyOwner":"Private","MaintenanceGroup":"Private","unconfirmed_flag":true,"tbd_flag":false,"risk_score":89.4,"OVERALL_ANNUAL":29,"dist_to_employment_m":0.0},"geometry":{"type":"Point","coordinates":[-122.369548,47.083691]}},
{"type":"Feature","properties":{"AssetID":"DP_3934","EndPointType":"NPDES_PossibleDP","PropertyOwner":"Private","MaintenanceGroup":"Private","unconfirmed_flag":true,"tbd_flag":false,"risk_score":89.4,"OVERALL_ANNUAL":29,"dist_to_employment_m":0.0},"geometry":{"type":"Point","coordinates":[-122.363394,47.08523]}},
{"type":"Feature","properties":{"AssetID":"DP_3919","EndPointType":"NPDES_PossibleDP","PropertyOwner":"Private","MaintenanceGroup":"Private","unconfirmed_flag":true,"tbd_flag":false,"risk_score":89.4,"OVERALL_ANNUAL":29,"dist_to_employment_m":0.0},"geometry":{"type":"Point","coordinates":[-122.358934,47.087293]}},
{"type":"Feature","properties":{"AssetID":"DP_3914","EndPointType":"NPDES_PossibleDP","PropertyOwner":"Private","MaintenanceGroup":"Private","unconfirmed_flag":true,"tbd_flag":false,"risk_score":89.4,"OVERALL_ANNUAL":29,"dist_to_employment_m":0.0},"geometry":{"type":"Point","coordinates":[-122.358059,47.087676]}},
{"type":"Feature","properties":{"AssetID":"DP_3913","EndPointType":"NPDES_PossibleDP","PropertyOwner":"Private","MaintenanceGroup":"Private","unconfirmed_flag":true,"tbd_flag":false,"risk_score":89.4,"OVERALL_ANNUAL":29,"dist_to_employment_m":0.0},"geometry":{"type":"Point","coordinates":[-122.35792,47.088328]}},
{"type":"Feature","properties":{"AssetID":"DP_3911","EndPointType":"NPDES_PossibleDP","PropertyOwner":"Private","MaintenanceGroup":"Private","unconfirmed_flag":true,"tbd_flag":false,"risk_score":89.4,"OVERALL_ANNUAL":29,"dist_to_employment_m":0.0},"geometry":{"type":"Point","coordinates":[-122.356937,47.088917]}},
{"type":"Feature","properties":{"AssetID":"DP_3912","EndPointType":"NPDES_PossibleDP","PropertyOwner":"Private","MaintenanceGroup":"Private","unconfirmed_flag":true,"tbd_flag":false,"risk_score":89.4,"OVERALL_ANNUAL":29,"dist_to_employment_m":0.0},"geometry":{"type":"Point","coordinates":[-122.357685,47.08891]}},
{"type":"Feature","properties":{"AssetID":"DP_3905","EndPointType":"NPDES_PossibleDP","PropertyOwner":"Private","MaintenanceGroup":"Private","unconfirmed_flag":true,"tbd_flag":false,"risk_score":89.4,"OVERALL_ANNUAL":29,"dist_to_employment_m":0.0},"geometry":{"type":"Point","coordinates":[-122.358827,47.089634]}},
{"type":"Feature","properties":{"AssetID":"DP_3900","EndPointType":"NPDES_PossibleDP","PropertyOwner":"Private","MaintenanceGroup":"Private","unconfirmed_flag":true,"tbd_flag":false,"risk_score":89.4,"OVERALL_ANNUAL":29,"dist_to_employment_m":0.0},"geometry":{"type":"Point","coordinates":[-122.353882,47.090072]}},
{"type":"Feature","properties":{"AssetID":"DP_3899","EndPointType":"NPDES_PossibleDP","PropertyOwner":"Private","MaintenanceGroup":"Private","unconfirmed_flag":true,"tbd_flag":false,"risk_score":89.4,"OVERALL_ANNUAL":29,"dist_to_employment_m":0.0},"geometry":{"type":"Point","coordinates":[-122.354604,47.090568]}},
{"type":"Feature","properties":{"AssetID":"DP_3505","EndPointType":"NPDES_PossibleDP","PropertyOwner":"Private","MaintenanceGroup":"Private","unconfirmed_flag":true,"tbd_flag":false,"risk_score":89.4,"OVERALL_ANNUAL":29,"dist_to_employment_m":0.0},"geometry":{"type":"Point","coordinates":[-122.353716,47.107576]}},
{"type":"Feature","properties":{"AssetID":"DP_3506","EndPointType":"NPDES_PossibleOF","PropertyOwner":"Private","MaintenanceGroup":"Private","unconfirmed_flag":true,"tbd_flag":false,"risk_score":89.4,"OVERALL_ANNUAL":29,"dist_to_employment_m":0.0},"geometry":{"type":"Point","coordinates":[-122.353612,47.107599]}},
{"type":"Feature","properties":{"AssetID":"DP_3503","EndPointType":"NPDES_PossibleDP","PropertyOwner":"Private","MaintenanceGroup":"Private","unconfirmed_flag":true,"tbd_flag":false,"risk_score":89.4,"OVERALL_ANNUAL":29,"dist_to_employment_m":0.0},"geometry":{"type":"Point","coordinates":[-122.352094,47.107974]}},
{"type":"Feature","properties":{"AssetID":"DP_3467","EndPointType":"NPDES_PossibleDP","PropertyOwner":"Private","MaintenanceGroup":"Private","unconfirmed_flag":true,"tbd_flag":false,"risk_score":89.4,"OVERALL_ANNUAL":29,"dist_to_employment_m":0.0},"geometry":{"type":"Point","coordinates":[-122.352599,47.109173]}},
{"type":"Feature","properties":{"AssetID":"DP_3466","EndPointType":"NPDES_PossibleDP","PropertyOwner":"Private","MaintenanceGroup":"Private","unconfirmed_flag":true,"tbd_flag":false,"risk_score":89.4,"OVERALL_ANNUAL":29,"dist_to_employment_m":0.0},"geometry":{"type":"Point","coordinates":[-122.35369,47.109186]}},
{"type":"Feature","properties":{"AssetID":"DP_2977","EndPointType":"NPDES_PossibleOF","PropertyOwner":"Private","MaintenanceGroup":"Private","unconfirmed_flag":true,"tbd_flag":false,"risk_score":89.4,"OVERALL_ANNUAL":29,"dist_to_employment_m":0.0},"geometry":{"type":"Point","coordinates":[-122.357887,47.121855]}},
{"type":"Feature","properties":{"AssetID":"DP_CA_128","EndPointType":"NPDES_PossibleOF","PropertyOwner":"Public","MaintenanceGroup":"PC Roads","unconfirmed_flag":true,"tbd_flag":false,"risk_score":89.4,"OVERALL_ANNUAL":27,"dist_to_employment_m":16.0},"geometry":{"type":"Point","coordinates":[-122.352019,47.140138]}},
{"type":"Feature","properties":{"AssetID":"DP_6405","EndPointType":"NPDES_PossibleOF","PropertyOwner":"Public","MaintenanceGroup":"PC Parks","unconfirmed_flag":true,"tbd_flag":false,"risk_score":89.4,"OVERALL_ANNUAL":24,"dist_to_employment_m":169.0},"geometry":{"type":"Point","coordinates":[-122.237839,47.182632]}},
{"type":"Feature","properties":{"AssetID":"DP_6406","EndPointType":"NPDES_PossibleOF","PropertyOwner":"Public","MaintenanceGroup":"PC Parks","unconfirmed_flag":true,"tbd_flag":false,"risk_score":89.4,"OVERALL_ANNUAL":24,"dist_to_employment_m":169.0},"geometry":{"type":"Point","coordinates":[-122.237834,47.182622]}},
{"type":"Feature","properties":{"AssetID":"DP_1646","EndPointType":"NPDES_PossibleOF","PropertyOwner":"Public","MaintenanceGroup":"PC Roads","unconfirmed_flag":true,"tbd_flag":false,"risk_score":89.3,"OVERALL_ANNUAL":18,"dist_to_employment_m":465.0},"geometry":{"type":"Point","coordinates":[-122.387862,47.147515]}},
{"type":"Feature","properties":{"AssetID":"DP_PAC_6","EndPointType":"NPDES_PossibleOF","PropertyOwner":"Public","MaintenanceGroup":"PC Roads","unconfirmed_flag":true,"tbd_flag":false,"risk_score":89.1,"OVERALL_ANNUAL":24,"dist_to_employment_m":227.0},"geometry":{"type":"Point","coordinates":[-122.257875,47.200808]}},
{"type":"Feature","properties":{"AssetID":"DP_1675","EndPointType":"NPDES_PossibleDP","PropertyOwner":"Private","MaintenanceGroup":"Private","unconfirmed_flag":true,"tbd_flag":false,"risk_score":89.0,"OVERALL_ANNUAL":18,"dist_to_employment_m":1041.0},"geometry":{"type":"Point","coordinates":[-122.417894,47.14134]}},
{"type":"Feature","properties":{"AssetID":"DP_1676","EndPointType":"NPDES_PossibleOF","PropertyOwner":"Private","MaintenanceGroup":"Private","unconfirmed_flag":true,"tbd_flag":false,"risk_score":89.0,"OVERALL_ANNUAL":18,"dist_to_employment_m":1050.0},"geometry":{"type":"Point","coordinates":[-122.418145,47.14142]}},
{"type":"Feature","properties":{"AssetID":"DP_PAC_7","EndPointType":"NPDES_PossibleOF","PropertyOwner":"Public","MaintenanceGroup":"PC Roads","unconfirmed_flag":true,"tbd_flag":false,"risk_score":89.0,"OVERALL_ANNUAL":24,"dist_to_employment_m":270.0},"geometry":{"type":"Point","coordinates":[-122.255511,47.20066]}},
{"type":"Feature","properties":{"AssetID":"DP_3504","EndPointType":"NPDES_PossibleDP","PropertyOwner":"Private","MaintenanceGroup":"Private","unconfirmed_flag":true,"tbd_flag":false,"risk_score":88.9,"OVERALL_ANNUAL":29,"dist_to_employment_m":18.0},"geometry":{"type":"Point","coordinates":[-122.349403,47.107527]}},
{"type":"Feature","properties":{"AssetID":"DP_3472","EndPointType":"NPDES_PossibleDP","PropertyOwner":"Private","MaintenanceGroup":"Private","unconfirmed_flag":true,"tbd_flag":false,"risk_score":88.9,"OVERALL_ANNUAL":29,"dist_to_employment_m":17.0},"geometry":{"type":"Point","coordinates":[-122.351405,47.111115]}},
{"type":"Feature","properties":{"AssetID":"DP_3473","EndPointType":"NPDES_PossibleOF","PropertyOwner":"Private","MaintenanceGroup":"Private","unconfirmed_flag":true,"tbd_flag":false,"risk_score":88.9,"OVERALL_ANNUAL":29,"dist_to_employment_m":27.0},"geometry":{"type":"Point","coordinates":[-122.351878,47.111205]}},
{"type":"Feature","properties":{"AssetID":"DP_RC_54","EndPointType":"NPDES_PossibleOF","PropertyOwner":"Public","MaintenanceGroup":"PC Roads","unconfirmed_flag":true,"tbd_flag":false,"risk_score":88.9,"OVERALL_ANNUAL":27,"dist_to_employment_m":151.0},"geometry":{"type":"Point","coordinates":[-122.349997,47.139979]}},
{"type":"Feature","properties":{"AssetID":"DP_1064","EndPointType":"NPDES_PossibleOF","PropertyOwner":"Public","MaintenanceGroup":"PC Roads","unconfirmed_flag":true,"tbd_flag":false,"risk_score":88.9,"OVERALL_ANNUAL":27,"dist_to_employment_m":152.0},"geometry":{"type":"Point","coordinates":[-122.349978,47.140002]}},
{"type":"Feature","properties":{"AssetID":"DP_RC_76","EndPointType":"NPDES_PossibleOF","PropertyOwner":"Public","MaintenanceGroup":"PC Roads","unconfirmed_flag":true,"tbd_flag":false,"risk_score":88.8,"OVERALL_ANNUAL":27,"dist_to_employment_m":181.0},"geometry":{"type":"Point","coordinates":[-122.349601,47.140127]}},
{"type":"Feature","properties":{"AssetID":"DP_3512","EndPointType":"NPDES_PossibleDP","PropertyOwner":"Private","MaintenanceGroup":"Private","unconfirmed_flag":true,"tbd_flag":false,"risk_score":88.7,"OVERALL_ANNUAL":29,"dist_to_employment_m":78.0},"geometry":{"type":"Point","coordinates":[-122.358605,47.105914]}},
{"type":"Feature","properties":{"AssetID":"DP_77336","EndPointType":"NPDES_PossibleOF","PropertyOwner":"Public","MaintenanceGroup":"PC SWM","unconfirmed_flag":true,"tbd_flag":false,"risk_score":88.7,"OVERALL_ANNUAL":18,"dist_to_employment_m":0.0},"geometry":{"type":"Point","coordinates":[-122.410088,47.159413]}},
{"type":"Feature","properties":{"AssetID":"DP_1181","EndPointType":"NPDES_PossibleOF","PropertyOwner":"Public","MaintenanceGroup":"PC Roads","unconfirmed_flag":true,"tbd_flag":false,"risk_score":88.6,"OVERALL_ANNUAL":27,"dist_to_employment_m":208.0},"geometry":{"type":"Point","coordinates":[-122.362836,47.12759]}},
{"type":"Feature","properties":{"AssetID":"DP_5720","EndPointType":"NPDES_PossibleDP","PropertyOwner":"Private","MaintenanceGroup":"Private","unconfirmed_flag":true,"tbd_flag":false,"risk_score":88.5,"OVERALL_ANNUAL":29,"dist_to_employment_m":118.0},"geometry":{"type":"Point","coordinates":[-122.422653,47.07389]}},
{"type":"Feature","properties":{"AssetID":"DP_2420","EndPointType":"NPDES_PossibleDP","PropertyOwner":"Private","MaintenanceGroup":"Private","unconfirmed_flag":true,"tbd_flag":false,"risk_score":88.5,"OVERALL_ANNUAL":18,"dist_to_employment_m":68.0},"geometry":{"type":"Point","coordinates":[-122.426446,47.16231]}},
{"type":"Feature","properties":{"AssetID":"DP_3399","EndPointType":"NPDES_PossibleOF","PropertyOwner":"Public","MaintenanceGroup":"PC Roads","unconfirmed_flag":true,"tbd_flag":false,"risk_score":88.5,"OVERALL_ANNUAL":27,"dist_to_employment_m":244.0},"geometry":{"type":"Point","coordinates":[-122.363366,47.125468]}},
{"type":"Feature","properties":{"AssetID":"DP_4357","EndPointType":"NPDES_PossibleDP","PropertyOwner":"Private","MaintenanceGroup":"Private","unconfirmed_flag":true,"tbd_flag":false,"risk_score":88.3,"OVERALL_ANNUAL":29,"dist_to_employment_m":157.0},"geometry":{"type":"Point","coordinates":[-122.394403,47.08208]}},
{"type":"Feature","properties":{"AssetID":"DP_5719","EndPointType":"NPDES_PossibleDP","PropertyOwner":"Private","MaintenanceGroup":"Private","unconfirmed_flag":true,"tbd_flag":false,"risk_score":88.2,"OVERALL_ANNUAL":29,"dist_to_employment_m":187.0},"geometry":{"type":"Point","coordinates":[-122.42242,47.073283]}},
{"type":"Feature","properties":{"AssetID":"DP_4396","EndPointType":"NPDES_PossibleDP","PropertyOwner":"Private","MaintenanceGroup":"Private","unconfirmed_flag":true,"tbd_flag":false,"risk_score":88.2,"OVERALL_ANNUAL":29,"dist_to_employment_m":193.0},"geometry":{"type":"Point","coordinates":[-122.421331,47.073727]}},
{"type":"Feature","properties":{"AssetID":"DP_3924","EndPointType":"NPDES_PossibleDP","PropertyOwner":"Private","MaintenanceGroup":"Private","unconfirmed_flag":true,"tbd_flag":false,"risk_score":88.2,"OVERALL_ANNUAL":29,"dist_to_employment_m":187.0},"geometry":{"type":"Point","coordinates":[-122.377833,47.089708]}},
{"type":"Feature","properties":{"AssetID":"DP_67750","EndPointType":"NPDES_PossibleOF","PropertyOwner":"Public","MaintenanceGroup":"PC Roads","unconfirmed_flag":true,"tbd_flag":false,"risk_score":88.0,"OVERALL_ANNUAL":24,"dist_to_employment_m":0.0},"geometry":{"type":"Point","coordinates":[-122.250844,47.19544]}},
{"type":"Feature","properties":{"AssetID":"DP_4397","EndPointType":"NPDES_PossibleDP","PropertyOwner":"Private","MaintenanceGroup":"Private","unconfirmed_flag":true,"tbd_flag":false,"risk_score":87.8,"OVERALL_ANNUAL":29,"dist_to_employment_m":306.0},"geometry":{"type":"Point","coordinates":[-122.419751,47.071224]}},
{"type":"Feature","properties":{"AssetID":"DP_3461","EndPointType":"NPDES_PossibleOF","PropertyOwner":"Private","MaintenanceGroup":"Private","unconfirmed_flag":true,"tbd_flag":false,"risk_score":87.8,"OVERALL_ANNUAL":29,"dist_to_employment_m":306.0},"geometry":{"type":"Point","coordinates":[-122.364216,47.112887]}},
{"type":"Feature","properties":{"AssetID":"DP_1176","EndPointType":"NPDES_PossibleOF","PropertyOwner":"Public","MaintenanceGroup":"PC Roads","unconfirmed_flag":true,"tbd_flag":false,"risk_score":87.7,"OVERALL_ANNUAL":27,"dist_to_employment_m":445.0},"geometry":{"type":"Point","coordinates":[-122.365967,47.127854]}},
{"type":"Feature","properties":{"AssetID":"DP_1135","EndPointType":"NPDES_PossibleOF","PropertyOwner":"Public","MaintenanceGroup":"PC Roads","unconfirmed_flag":true,"tbd_flag":false,"risk_score":87.6,"OVERALL_ANNUAL":27,"dist_to_employment_m":479.0},"geometry":{"type":"Point","coordinates":[-122.346208,47.132732]}},
{"type":"Feature","properties":{"AssetID":"DP_4395","EndPointType":"NPDES_PossibleDP","PropertyOwner":"Private","MaintenanceGroup":"Private","unconfirmed_flag":true,"tbd_flag":false,"risk_score":87.4,"OVERALL_ANNUAL":29,"dist_to_employment_m":405.0},"geometry":{"type":"Point","coordinates":[-122.416122,47.07343]}},
{"type":"Feature","properties":{"AssetID":"DP_3891","EndPointType":"NPDES_PossibleDP","PropertyOwner":"Public","MaintenanceGroup":"PC Roads","unconfirmed_flag":true,"tbd_flag":false,"risk_score":87.4,"OVERALL_ANNUAL":29,"dist_to_employment_m":0.0},"geometry":{"type":"Point","coordinates":[-122.35677,47.093704]}},
{"type":"Feature","properties":{"AssetID":"DP_3892","EndPointType":"NPDES_PossibleDP","PropertyOwner":"Public","MaintenanceGroup":"PC Roads","unconfirmed_flag":true,"tbd_flag":false,"risk_score":87.4,"OVERALL_ANNUAL":29,"dist_to_employment_m":0.0},"geometry":{"type":"Point","coordinates":[-122.356761,47.093704]}},
{"type":"Feature","properties":{"AssetID":"DP_3894","EndPointType":"NPDES_PossibleDP","PropertyOwner":"Public","MaintenanceGroup":"PC Roads","unconfirmed_flag":true,"tbd_flag":false,"risk_score":87.4,"OVERALL_ANNUAL":29,"dist_to_employment_m":0.0},"geometry":{"type":"Point","coordinates":[-122.356451,47.093619]}},
{"type":"Feature","properties":{"AssetID":"DP_4008","EndPointType":"NPDES_PossibleDP","PropertyOwner":"Public","MaintenanceGroup":"PC Roads","unconfirmed_flag":true,"tbd_flag":false,"risk_score":87.4,"OVERALL_ANNUAL":29,"dist_to_employment_m":0.0},"geometry":{"type":"Point","coordinates":[-122.354377,47.080952]}},
{"type":"Feature","properties":{"AssetID":"DP_4121","EndPointType":"NPDES_PossibleDP","PropertyOwner":"Public","MaintenanceGroup":"PC Roads","unconfirmed_flag":true,"tbd_flag":false,"risk_score":87.4,"OVERALL_ANNUAL":29,"dist_to_employment_m":0.0},"geometry":{"type":"Point","coordinates":[-122.363682,47.077511]}},
{"type":"Feature","properties":{"AssetID":"DP_5736","EndPointType":"NPDES_PossibleOF","PropertyOwner":"Public","MaintenanceGroup":"PC Roads","unconfirmed_flag":true,"tbd_flag":false,"risk_score":87.4,"OVERALL_ANNUAL":29,"dist_to_employment_m":0.0},"geometry":{"type":"Point","coordinates":[-122.430399,47.076343]}},
{"type":"Feature","properties":{"AssetID":"DP_4163","EndPointType":"NPDES_PossibleDP","PropertyOwner":"Private","MaintenanceGroup":"Private","unconfirmed_flag":true,"tbd_flag":false,"risk_score":87.2,"OVERALL_ANNUAL":29,"dist_to_employment_m":434.0},"geometry":{"type":"Point","coordinates":[-122.363684,47.070871]}},
{"type":"Feature","properties":{"AssetID":"DP_CLC_905","EndPointType":"NPDES_PossibleOF","PropertyOwner":"Public","MaintenanceGroup":"PC Roads","unconfirmed_flag":true,"tbd_flag":false,"risk_score":87.2,"OVERALL_ANNUAL":27,"dist_to_employment_m":581.0},"geometry":{"type":"Point","coordinates":[-122.367701,47.146866]}},
{"type":"Feature","properties":{"AssetID":"DP_CLC_2266","EndPointType":"NPDES_PossibleOF","PropertyOwner":"Public","MaintenanceGroup":"PC Roads","unconfirmed_flag":true,"tbd_flag":false,"risk_score":87.2,"OVERALL_ANNUAL":27,"dist_to_employment_m":581.0},"geometry":{"type":"Point","coordinates":[-122.367701,47.146866]}},
{"type":"Feature","properties":{"AssetID":"DP_6414","EndPointType":"NPDES_PossibleOF","PropertyOwner":"Public","MaintenanceGroup":"PC Roads","unconfirmed_flag":true,"tbd_flag":false,"risk_score":87.2,"OVERALL_ANNUAL":24,"dist_to_employment_m":722.0},"geometry":{"type":"Point","coordinates":[-122.230496,47.180571]}},
{"type":"Feature","properties":{"AssetID":"DP_4162","EndPointType":"NPDES_PossibleDP","PropertyOwner":"Private","MaintenanceGroup":"Private","unconfirmed_flag":true,"tbd_flag":false,"risk_score":87.1,"OVERALL_ANNUAL":29,"dist_to_employment_m":466.0},"geometry":{"type":"Point","coordinates":[-122.367228,47.07067]}},
{"type":"Feature","properties":{"AssetID":"DP_4206","EndPointType":"NPDES_PossibleDP","PropertyOwner":"Private","MaintenanceGroup":"Private","unconfirmed_flag":true,"tbd_flag":false,"risk_score":87.0,"OVERALL_ANNUAL":29,"dist_to_employment_m":504.0},"geometry":{"type":"Point","coordinates":[-122.344327,47.069491]}},
{"type":"Feature","properties":{"AssetID":"DP_3522","EndPointType":"NPDES_PossibleDP","PropertyOwner":"Public","MaintenanceGroup":"PC Roads","unconfirmed_flag":true,"tbd_flag":false,"risk_score":87.0,"OVERALL_ANNUAL":29,"dist_to_employment_m":1.0},"geometry":{"type":"Point","coordinates":[-122.357574,47.102904]}},
{"type":"Feature","properties":{"AssetID":"DP_4205","EndPointType":"NPDES_PossibleDP","PropertyOwner":"Private","MaintenanceGroup":"Private","unconfirmed_flag":true,"tbd_flag":false,"risk_score":86.8,"OVERALL_ANNUAL":29,"dist_to_employment_m":539.0},"geometry":{"type":"Point","coordinates":[-122.343862,47.06931]}},
{"type":"Feature","properties":{"AssetID":"DP_6407","EndPointType":"NPDES_PossibleOF","PropertyOwner":"Public","MaintenanceGroup":"PC Parks","unconfirmed_flag":true,"tbd_flag":false,"risk_score":86.8,"OVERALL_ANNUAL":24,"dist_to_employment_m":339.0},"geometry":{"type":"Point","coordinates":[-122.235538,47.180664]}},
{"type":"Feature","properties":{"AssetID":"DP_6408","EndPointType":"NPDES_PossibleOF","PropertyOwner":"Public","MaintenanceGroup":"PC Parks","unconfirmed_flag":true,"tbd_flag":false,"risk_score":86.8,"OVERALL_ANNUAL":24,"dist_to_employment_m":339.0},"geometry":{"type":"Point","coordinates":[-122.235541,47.180529]}},
{"type":"Feature","properties":{"AssetID":"DP_4477","EndPointType":"NPDES_PossibleDP","PropertyOwner":"Public","MaintenanceGroup":"PC Roads","unconfirmed_flag":true,"tbd_flag":false,"risk_score":86.5,"OVERALL_ANNUAL":29,"dist_to_employment_m":128.0},"geometry":{"type":"Point","coordinates":[-122.390798,47.047009]}},
{"type":"Feature","properties":{"AssetID":"DP_5533","EndPointType":"NPDES_PossibleDP","PropertyOwner":"Private","MaintenanceGroup":"Private","unconfirmed_flag":true,"tbd_flag":false,"risk_score":86.4,"OVERALL_ANNUAL":13,"dist_to_employment_m":1761.0},"geometry":{"type":"Point","coordinates":[-122.426999,47.10651]}},
{"type":"Feature","properties":{"AssetID":"DP_CLC_2179","EndPointType":"NPDES_PossibleOF","PropertyOwner":"Private","MaintenanceGroup":"Private","unconfirmed_flag":true,"tbd_flag":false,"risk_score":86.2,"OVERALL_ANNUAL":27,"dist_to_employment_m":1296.0},"geometry":{"type":"Point","coordinates":[-122.378774,47.128416]}},
{"type":"Feature","properties":{"AssetID":"DP_1685","EndPointType":"NPDES_PossibleOF","PropertyOwner":"Public","MaintenanceGroup":"PC Roads","unconfirmed_flag":true,"tbd_flag":false,"risk_score":86.2,"OVERALL_ANNUAL":18,"dist_to_employment_m":613.0},"geometry":{"type":"Point","coordinates":[-122.401968,47.141876]}},
{"type":"Feature","properties":{"AssetID":"DP_3600","EndPointType":"NPDES_PossibleDP","PropertyOwner":"Private","MaintenanceGroup":"Private","unconfirmed_flag":true,"tbd_flag":false,"risk_score":86.1,"OVERALL_ANNUAL":29,"dist_to_employment_m":733.0},"geometry":{"type":"Point","coordinates":[-122.308464,47.088085]}},
{"type":"Feature","properties":{"AssetID":"DP_CLC_2114","EndPointType":"NPDES_PossibleOF","PropertyOwner":"Public","MaintenanceGroup":"PC Roads","unconfirmed_flag":true,"tbd_flag":false,"risk_score":86.1,"OVERALL_ANNUAL":29,"dist_to_employment_m":206.0},"geometry":{"type":"Point","coordinates":[-122.362876,47.123924]}},
{"type":"Feature","properties":{"AssetID":"DP_SPC_396","EndPointType":"NPDES_PossibleDP","PropertyOwner":"Public","MaintenanceGroup":"PC Roads","unconfirmed_flag":true,"tbd_flag":false,"risk_score":86.1,"OVERALL_ANNUAL":29,"dist_to_employment_m":216.0},"geometry":{"type":"Point","coordinates":[-122.411193,47.071726]}},
{"type":"Feature","properties":{"AssetID":"DP_3601","EndPointType":"NPDES_PossibleDP","PropertyOwner":"Private","MaintenanceGroup":"Private","unconfirmed_flag":true,"tbd_flag":false,"risk_score":86.0,"OVERALL_ANNUAL":29,"dist_to_employment_m":741.0},"geometry":{"type":"Point","coordinates":[-122.308551,47.088004]}},
{"type":"Feature","properties":{"AssetID":"DP_1686","EndPointType":"NPDES_PossibleOF","PropertyOwner":"Public","MaintenanceGroup":"PC Roads","unconfirmed_flag":true,"tbd_flag":false,"risk_score":85.9,"OVERALL_ANNUAL":18,"dist_to_employment_m":688.0},"geometry":{"type":"Point","coordinates":[-122.401339,47.141209]}},
{"type":"Feature","properties":{"AssetID":"DP_1040","EndPointType":"NPDES_PossibleOF","PropertyOwner":"Public","MaintenanceGroup":"PC Roads","unconfirmed_flag":true,"tbd_flag":false,"risk_score":85.8,"OVERALL_ANNUAL":27,"dist_to_employment_m":951.0},"geometry":{"type":"Point","coordinates":[-122.375846,47.1387]}},
{"type":"Feature","properties":{"AssetID":"DP_CLC_483","EndPointType":"NPDES_PossibleOF","PropertyOwner":"Public","MaintenanceGroup":"PC Roads","unconfirmed_flag":true,"tbd_flag":false,"risk_score":85.6,"OVERALL_ANNUAL":27,"dist_to_employment_m":991.0},"geometry":{"type":"Point","coordinates":[-122.375928,47.140528]}},
{"type":"Feature","properties":{"AssetID":"DP_981","EndPointType":"NPDES_PossibleOF","PropertyOwner":"Private","MaintenanceGroup":"Private","unconfirmed_flag":true,"tbd_flag":false,"risk_score":85.3,"OVERALL_ANNUAL":45,"dist_to_employment_m":67.0},"geometry":{"type":"Point","coordinates":[-122.35358,47.155115]}},
{"type":"Feature","properties":{"AssetID":"DP_3490","EndPointType":"NPDES_PossibleDP","PropertyOwner":"Public","MaintenanceGroup":"PC Roads","unconfirmed_flag":true,"tbd_flag":false,"risk_score":85.3,"OVERALL_ANNUAL":29,"dist_to_employment_m":417.0},"geometry":{"type":"Point","coordinates":[-122.341272,47.1112]}},
{"type":"Feature","properties":{"AssetID":"DP_4450","EndPointType":"NPDES_PossibleDP","PropertyOwner":"Private","MaintenanceGroup":"Private","unconfirmed_flag":true,"tbd_flag":false,"risk_score":85.2,"OVERALL_ANNUAL":29,"dist_to_employment_m":965.0},"geometry":{"type":"Point","coordinates":[-122.396399,47.053539]}},
{"type":"Feature","properties":{"AssetID":"DP_2785","EndPointType":"NPDES_PossibleDP","PropertyOwner":"Private","MaintenanceGroup":"Private","unconfirmed_flag":true,"tbd_flag":false,"risk_score":85.2,"OVERALL_ANNUAL":29,"dist_to_employment_m":961.0},"geometry":{"type":"Point","coordinates":[-122.383124,47.099031]}},
{"type":"Feature","properties":{"AssetID":"DP_CLC_1977","EndPointType":"NPDES_PossibleDP","PropertyOwner":"Public","MaintenanceGroup":"PC Roads","unconfirmed_flag":true,"tbd_flag":false,"risk_score":85.2,"OVERALL_ANNUAL":29,"dist_to_employment_m":429.0},"geometry":{"type":"Point","coordinates":[-122.341279,47.111308]}},
{"type":"Feature","properties":{"AssetID":"DP_2938","EndPointType":"NPDES_PossibleDP","PropertyOwner":"Public","MaintenanceGroup":"PC SWM","unconfirmed_flag":true,"tbd_flag":false,"risk_score":85.1,"OVERALL_ANNUAL":27,"dist_to_employment_m":1088.0},"geometry":{"type":"Point","coordinates":[-122.374521,47.121051]}},
{"type":"Feature","properties":{"AssetID":"DP_4346","EndPointType":"NPDES_PossibleDP","PropertyOwner":"Private","MaintenanceGroup":"Private","unconfirmed_flag":true,"tbd_flag":false,"risk_score":85.0,"OVERALL_ANNUAL":29,"dist_to_employment_m":998.0},"geometry":{"type":"Point","coordinates":[-122.409493,47.079806]}},
{"type":"Feature","properties":{"AssetID":"DP_1671","EndPointType":"NPDES_PossibleOF","PropertyOwner":"Private","MaintenanceGroup":"Private","unconfirmed_flag":true,"tbd_flag":false,"risk_score":85.0,"OVERALL_ANNUAL":18,"dist_to_employment_m":935.0},"geometry":{"type":"Point","coordinates":[-122.420244,47.143325]}},
{"type":"Feature","properties":{"AssetID":"DP_32151","EndPointType":"NPDES_PossibleOF","PropertyOwner":"TBD","MaintenanceGroup":"TBD","unconfirmed_flag":true,"tbd_flag":true,"risk_score":85.0,"OVERALL_ANNUAL":45,"dist_to_employment_m":403.0},"geometry":{"type":"Point","coordinates":[-122.359157,47.157365]}},
{"type":"Feature","properties":{"AssetID":"DP_4446","EndPointType":"NPDES_PossibleDP","PropertyOwner":"Private","MaintenanceGroup":"Private","unconfirmed_flag":true,"tbd_flag":false,"risk_score":84.9,"OVERALL_ANNUAL":29,"dist_to_employment_m":1028.0},"geometry":{"type":"Point","coordinates":[-122.400086,47.055959]}},
{"type":"Feature","properties":{"AssetID":"DP_3518","EndPointType":"NPDES_PossibleDP","PropertyOwner":"Private","MaintenanceGroup":"Private","unconfirmed_flag":true,"tbd_flag":false,"risk_score":84.9,"OVERALL_ANNUAL":29,"dist_to_employment_m":1029.0},"geometry":{"type":"Point","coordinates":[-122.376386,47.10585]}},
{"type":"Feature","properties":{"AssetID":"DP_750","EndPointType":"NPDES_PossibleDP","PropertyOwner":"Public","MaintenanceGroup":"PC Roads","unconfirmed_flag":true,"tbd_flag":false,"risk_score":84.8,"OVERALL_ANNUAL":29,"dist_to_employment_m":539.0},"geometry":{"type":"Point","coordinates":[-122.380461,47.094373]}},
{"type":"Feature","properties":{"AssetID":"DP_4279","EndPointType":"NPDES_PossibleDP","PropertyOwner":"Public","MaintenanceGroup":"PC Roads","unconfirmed_flag":true,"tbd_flag":false,"risk_score":84.7,"OVERALL_ANNUAL":29,"dist_to_employment_m":556.0},"geometry":{"type":"Point","coordinates":[-122.396568,47.08626]}},
{"type":"Feature","properties":{"AssetID":"DP_4280","EndPointType":"NPDES_PossibleDP","PropertyOwner":"Public","MaintenanceGroup":"PC Roads","unconfirmed_flag":true,"tbd_flag":false,"risk_score":84.7,"OVERALL_ANNUAL":29,"dist_to_employment_m":556.0},"geometry":{"type":"Point","coordinates":[-122.396568,47.08626]}},
{"type":"Feature","properties":{"AssetID":"DP_4449","EndPointType":"NPDES_PossibleDP","PropertyOwner":"Private","MaintenanceGroup":"Private","unconfirmed_flag":true,"tbd_flag":false,"risk_score":84.6,"OVERALL_ANNUAL":29,"dist_to_employment_m":1100.0},"geometry":{"type":"Point","coordinates":[-122.398338,47.054163]}},
{"type":"Feature","properties":{"AssetID":"DP_4448","EndPointType":"NPDES_PossibleDP","PropertyOwner":"Private","MaintenanceGroup":"Private","unconfirmed_flag":true,"tbd_flag":false,"risk_score":84.6,"OVERALL_ANNUAL":29,"dist_to_employment_m":1098.0},"geometry":{"type":"Point","coordinates":[-122.398246,47.054182]}},
{"type":"Feature","properties":{"AssetID":"DP_3566","EndPointType":"NPDES_PossibleDP","PropertyOwner":"Private","MaintenanceGroup":"Private","unconfirmed_flag":true,"tbd_flag":false,"risk_score":84.6,"OVERALL_ANNUAL":29,"dist_to_employment_m":1093.0},"geometry":{"type":"Point","coordinates":[-122.313278,47.09675]}},
{"type":"Feature","properties":{"AssetID":"DP_3567","EndPointType":"NPDES_PossibleOF","PropertyOwner":"Private","MaintenanceGroup":"Private","unconfirmed_flag":true,"tbd_flag":false,"risk_score":84.6,"OVERALL_ANNUAL":29,"dist_to_employment_m":1096.0},"geometry":{"type":"Point","coordinates":[-122.313211,47.097659]}},
{"type":"Feature","properties":{"AssetID":"DP_CLC_908","EndPointType":"NPDES_PossibleDP","PropertyOwner":"Private","MaintenanceGroup":"Private","unconfirmed_flag":true,"tbd_flag":false,"risk_score":84.6,"OVERALL_ANNUAL":29,"dist_to_employment_m":1093.0},"geometry":{"type":"Point","coordinates":[-122.340321,47.119025]}},
{"type":"Feature","properties":{"AssetID":"DP_2939","EndPointType":"NPDES_PossibleOF","PropertyOwner":"Public","MaintenanceGroup":"PC SWM","unconfirmed_flag":true,"tbd_flag":false,"risk_score":84.6,"OVERALL_ANNUAL":27,"dist_to_employment_m":1192.0},"geometry":{"type":"Point","coordinates":[-122.375891,47.121319]}},
{"type":"Feature","properties":{"AssetID":"DP_2782","EndPointType":"NPDES_PossibleDP","PropertyOwner":"Private","MaintenanceGroup":"Private","unconfirmed_flag":true,"tbd_flag":false,"risk_score":84.5,"OVERALL_ANNUAL":29,"dist_to_employment_m":1120.0},"geometry":{"type":"Point","coordinates":[-122.383021,47.102404]}},
{"type":"Feature","properties":{"AssetID":"DP_CLC_2101","EndPointType":"NPDES_PossibleOF","PropertyOwner":"Public","MaintenanceGroup":"PC Roads","unconfirmed_flag":true,"tbd_flag":false,"risk_score":84.5,"OVERALL_ANNUAL":29,"dist_to_employment_m":612.0},"geometry":{"type":"Point","coordinates":[-122.368254,47.11984]}},
{"type":"Feature","properties":{"AssetID":"DP_4274","EndPointType":"NPDES_PossibleDP","PropertyOwner":"Public","MaintenanceGroup":"PC SWM","unconfirmed_flag":true,"tbd_flag":false,"risk_score":84.5,"OVERALL_ANNUAL":29,"dist_to_employment_m":611.0},"geometry":{"type":"Point","coordinates":[-122.398238,47.085913]}},
{"type":"Feature","properties":{"AssetID":"DP_4275","EndPointType":"NPDES_PossibleDP","PropertyOwner":"Public","MaintenanceGroup":"PC SWM","unconfirmed_flag":true,"tbd_flag":false,"risk_score":84.5,"OVERALL_ANNUAL":29,"dist_to_employment_m":611.0},"geometry":{"type":"Point","coordinates":[-122.398238,47.085913]}},
{"type":"Feature","properties":{"AssetID":"DP_10270","EndPointType":"NPDES_PossibleDP","PropertyOwner":"Public","MaintenanceGroup":"PC Roads","unconfirmed_flag":true,"tbd_flag":false,"risk_score":84.5,"OVERALL_ANNUAL":29,"dist_to_employment_m":613.0},"geometry":{"type":"Point","coordinates":[-122.385355,47.03801]}},
{"type":"Feature","properties":{"AssetID":"DP_4432","EndPointType":"NPDES_PossibleDP","PropertyOwner":"Private","MaintenanceGroup":"Private","unconfirmed_flag":true,"tbd_flag":false,"risk_score":84.4,"OVERALL_ANNUAL":29,"dist_to_employment_m":1129.0},"geometry":{"type":"Point","coordinates":[-122.379163,47.05757]}},
{"type":"Feature","properties":{"AssetID":"DP_307","EndPointType":"NPDES_PossibleDP","PropertyOwner":"Private","MaintenanceGroup":"Private","unconfirmed_flag":true,"tbd_flag":false,"risk_score":84.4,"OVERALL_ANNUAL":29,"dist_to_employment_m":1124.0},"geometry":{"type":"Point","coordinates":[-122.333579,47.068956]}},
{"type":"Feature","properties":{"AssetID":"DP_1701","EndPointType":"NPDES_PossibleOF","PropertyOwner":"Public","MaintenanceGroup":"PC Roads","unconfirmed_flag":true,"tbd_flag":false,"risk_score":84.4,"OVERALL_ANNUAL":27,"dist_to_employment_m":1249.0},"geometry":{"type":"Point","coordinates":[-122.385829,47.140272]}},
{"type":"Feature","properties":{"AssetID":"DP_4377","EndPointType":"NPDES_PossibleDP","PropertyOwner":"Public","MaintenanceGroup":"PC Roads","unconfirmed_flag":true,"tbd_flag":false,"risk_score":84.4,"OVERALL_ANNUAL":29,"dist_to_employment_m":629.0},"geometry":{"type":"Point","coordinates":[-122.410855,47.075445]}},
{"type":"Feature","properties":{"AssetID":"DP_4447","EndPointType":"NPDES_PossibleDP","PropertyOwner":"Private","MaintenanceGroup":"Private","unconfirmed_flag":true,"tbd_flag":false,"risk_score":84.3,"OVERALL_ANNUAL":29,"dist_to_employment_m":1156.0},"geometry":{"type":"Point","coordinates":[-122.399235,47.05496]}},
{"type":"Feature","properties":{"AssetID":"DP_10401","EndPointType":"NPDES_PossibleOF","PropertyOwner":"Public","MaintenanceGroup":"PC Roads","unconfirmed_flag":true,"tbd_flag":false,"risk_score":84.3,"OVERALL_ANNUAL":4,"dist_to_employment_m":2540.0},"geometry":{"type":"Point","coordinates":[-122.221912,46.852158]}},
{"type":"Feature","properties":{"AssetID":"DP_CLC_2180","EndPointType":"NPDES_PossibleOF","PropertyOwner":"Public","MaintenanceGroup":"PC Roads","unconfirmed_flag":true,"tbd_flag":false,"risk_score":84.2,"OVERALL_ANNUAL":27,"dist_to_employment_m":1288.0},"geometry":{"type":"Point","coordinates":[-122.378657,47.128416]}},
{"type":"Feature","properties":{"AssetID":"DP_1702","EndPointType":"NPDES_PossibleOF","PropertyOwner":"Public","MaintenanceGroup":"PC Roads","unconfirmed_flag":true,"tbd_flag":false,"risk_score":84.2,"OVERALL_ANNUAL":27,"dist_to_employment_m":1277.0},"geometry":{"type":"Point","coordinates":[-122.384862,47.140272]}},
{"type":"Feature","properties":{"AssetID":"DP_3565","EndPointType":"NPDES_PossibleDP","PropertyOwner":"Private","MaintenanceGroup":"Private","unconfirmed_flag":true,"tbd_flag":false,"risk_score":84.1,"OVERALL_ANNUAL":29,"dist_to_employment_m":1190.0},"geometry":{"type":"Point","coordinates":[-122.314466,47.097632]}},
{"type":"Feature","properties":{"AssetID":"DP_10264","EndPointType":"NPDES_PossibleDP","PropertyOwner":"Public","MaintenanceGroup":"PC Roads","unconfirmed_flag":true,"tbd_flag":false,"risk_score":84.1,"OVERALL_ANNUAL":29,"dist_to_employment_m":719.0},"geometry":{"type":"Point","coordinates":[-122.389073,47.036734]}},
{"type":"Feature","properties":{"AssetID":"DP_10397","EndPointType":"NPDES_PossibleOF","PropertyOwner":"Public","MaintenanceGroup":"PC Roads","unconfirmed_flag":true,"tbd_flag":false,"risk_score":84.1,"OVERALL_ANNUAL":4,"dist_to_employment_m":1930.0},"geometry":{"type":"Point","coordinates":[-122.237956,46.85192]}},
{"type":"Feature","properties":{"AssetID":"DP_4251","EndPointType":"NPDES_PossibleDP","PropertyOwner":"Private","MaintenanceGroup":"Private","unconfirmed_flag":true,"tbd_flag":false,"risk_score":84.0,"OVERALL_ANNUAL":29,"dist_to_employment_m":1205.0},"geometry":{"type":"Point","coordinates":[-122.390937,47.093699]}},
{"type":"Feature","properties":{"AssetID":"DP_3543","EndPointType":"NPDES_PossibleDP","PropertyOwner":"Public","MaintenanceGroup":"PC Roads","unconfirmed_flag":true,"tbd_flag":false,"risk_score":84.0,"OVERALL_ANNUAL":29,"dist_to_employment_m":737.0},"geometry":{"type":"Point","coordinates":[-122.326386,47.09658]}},
{"type":"Feature","properties":{"AssetID":"DP_3610","EndPointType":"NPDES_PossibleDP","PropertyOwner":"Private","MaintenanceGroup":"Private","unconfirmed_flag":true,"tbd_flag":false,"risk_score":83.9,"OVERALL_ANNUAL":29,"dist_to_employment_m":1229.0},"geometry":{"type":"Point","coordinates":[-122.31986,47.088466]}},
{"type":"Feature","properties":{"AssetID":"DP_CLC_2020","EndPointType":"NPDES_PossibleDP","PropertyOwner":"Public","MaintenanceGroup":"PC Roads","unconfirmed_flag":true,"tbd_flag":false,"risk_score":83.8,"OVERALL_ANNUAL":29,"dist_to_employment_m":796.0},"geometry":{"type":"Point","coordinates":[-122.37067,47.116086]}},
{"type":"Feature","properties":{"AssetID":"DP_CLC_2021","EndPointType":"NPDES_PossibleDP","PropertyOwner":"Public","MaintenanceGroup":"PC Roads","unconfirmed_flag":true,"tbd_flag":false,"risk_score":83.8,"OVERALL_ANNUAL":29,"dist_to_employment_m":811.0},"geometry":{"type":"Point","coordinates":[-122.370876,47.116193]}},
{"type":"Feature","properties":{"AssetID":"DP_3609","EndPointType":"NPDES_PossibleDP","PropertyOwner":"Private","MaintenanceGroup":"Private","unconfirmed_flag":true,"tbd_flag":false,"risk_score":83.7,"OVERALL_ANNUAL":29,"dist_to_employment_m":1270.0},"geometry":{"type":"Point","coordinates":[-122.319317,47.088459]}},
{"type":"Feature","properties":{"AssetID":"DP_3798","EndPointType":"NPDES_PossibleOF","PropertyOwner":"Public","MaintenanceGroup":"PC Roads","unconfirmed_flag":true,"tbd_flag":false,"risk_score":83.7,"OVERALL_ANNUAL":29,"dist_to_employment_m":814.0},"geometry":{"type":"Point","coordinates":[-122.334718,47.071647]}},
{"type":"Feature","properties":{"AssetID":"DP_3799","EndPointType":"NPDES_PossibleOF","PropertyOwner":"Public","MaintenanceGroup":"PC Roads","unconfirmed_flag":true,"tbd_flag":false,"risk_score":83.7,"OVERALL_ANNUAL":29,"dist_to_employment_m":814.0},"geometry":{"type":"Point","coordinates":[-122.334718,47.071647]}},
{"type":"Feature","properties":{"AssetID":"DP_3800","EndPointType":"NPDES_PossibleOF","PropertyOwner":"Public","MaintenanceGroup":"PC Roads","unconfirmed_flag":true,"tbd_flag":false,"risk_score":83.7,"OVERALL_ANNUAL":29,"dist_to_employment_m":814.0},"geometry":{"type":"Point","coordinates":[-122.334718,47.071647]}},
{"type":"Feature","properties":{"AssetID":"DP_10289","EndPointType":"NPDES_PossibleDP","PropertyOwner":"Public","MaintenanceGroup":"PC Roads","unconfirmed_flag":true,"tbd_flag":false,"risk_score":83.7,"OVERALL_ANNUAL":29,"dist_to_employment_m":833.0},"geometry":{"type":"Point","coordinates":[-122.389096,47.035706]}},
{"type":"Feature","properties":{"AssetID":"DP_723","EndPointType":"NPDES_PossibleDP","PropertyOwner":"Private","MaintenanceGroup":"Private","unconfirmed_flag":true,"tbd_flag":false,"risk_score":83.6,"OVERALL_ANNUAL":29,"dist_to_employment_m":1297.0},"geometry":{"type":"Point","coordinates":[-122.414238,47.093859]}},
{"type":"Feature","properties":{"AssetID":"DP_SPC_464","EndPointType":"NPDES_PossibleDP","PropertyOwner":"Public","MaintenanceGroup":"PC Roads","unconfirmed_flag":true,"tbd_flag":false,"risk_score":83.6,"OVERALL_ANNUAL":29,"dist_to_employment_m":853.0},"geometry":{"type":"Point","coordinates":[-122.385495,47.035744]}},
{"type":"Feature","properties":{"AssetID":"DP_1703","EndPointType":"NPDES_PossibleDP","PropertyOwner":"Public","MaintenanceGroup":"PC SWM","unconfirmed_flag":true,"tbd_flag":false,"risk_score":83.5,"OVERALL_ANNUAL":27,"dist_to_employment_m":1423.0},"geometry":{"type":"Point","coordinates":[-122.386793,47.138261]}},
{"type":"Feature","properties":{"AssetID":"DP_10395","EndPointType":"NPDES_PossibleOF","PropertyOwner":"Public","MaintenanceGroup":"PC Roads","unconfirmed_flag":true,"tbd_flag":false,"risk_score":83.4,"OVERALL_ANNUAL":4,"dist_to_employment_m":2164.0},"geometry":{"type":"Point","coordinates":[-122.228737,46.852657]}},
{"type":"Feature","properties":{"AssetID":"DP_741","EndPointType":"NPDES_PossibleDP","PropertyOwner":"Private","MaintenanceGroup":"Private","unconfirmed_flag":true,"tbd_flag":false,"risk_score":83.3,"OVERALL_ANNUAL":29,"dist_to_employment_m":1370.0},"geometry":{"type":"Point","coordinates":[-122.398372,47.093799]}},
{"type":"Feature","properties":{"AssetID":"DP_724","EndPointType":"NPDES_PossibleDP","PropertyOwner":"Private","MaintenanceGroup":"Private","unconfirmed_flag":true,"tbd_flag":false,"risk_score":83.2,"OVERALL_ANNUAL":29,"dist_to_employment_m":1397.0},"geometry":{"type":"Point","coordinates":[-122.412772,47.093514]}},
{"type":"Feature","properties":{"AssetID":"DP_4284","EndPointType":"NPDES_PossibleDP","PropertyOwner":"Private","MaintenanceGroup":"Private","unconfirmed_flag":true,"tbd_flag":false,"risk_score":83.1,"OVERALL_ANNUAL":29,"dist_to_employment_m":1414.0},"geometry":{"type":"Point","coordinates":[-122.412156,47.089114]}},
{"type":"Feature","properties":{"AssetID":"DP_743","EndPointType":"NPDES_PossibleDP","PropertyOwner":"Private","MaintenanceGroup":"Private","unconfirmed_flag":true,"tbd_flag":false,"risk_score":82.9,"OVERALL_ANNUAL":29,"dist_to_employment_m":1460.0},"geometry":{"type":"Point","coordinates":[-122.392338,47.096156]}},
{"type":"Feature","properties":{"AssetID":"DP_5247","EndPointType":"NPDES_PossibleDP","PropertyOwner":"Private","MaintenanceGroup":"Private","unconfirmed_flag":true,"tbd_flag":false,"risk_score":82.9,"OVERALL_ANNUAL":50,"dist_to_employment_m":0.0},"geometry":{"type":"Point","coordinates":[-122.285655,47.098645]}},
{"type":"Feature","properties":{"AssetID":"DP_5252","EndPointType":"NPDES_PossibleDP","PropertyOwner":"Private","MaintenanceGroup":"Private","unconfirmed_flag":true,"tbd_flag":false,"risk_score":82.9,"OVERALL_ANNUAL":50,"dist_to_employment_m":0.0},"geometry":{"type":"Point","coordinates":[-122.28307,47.0989]}},
{"type":"Feature","properties":{"AssetID":"DP_5248","EndPointType":"NPDES_PossibleDP","PropertyOwner":"Private","MaintenanceGroup":"Private","unconfirmed_flag":true,"tbd_flag":false,"risk_score":82.9,"OVERALL_ANNUAL":50,"dist_to_employment_m":0.0},"geometry":{"type":"Point","coordinates":[-122.281218,47.104109]}},
{"type":"Feature","properties":{"AssetID":"DP_3753","EndPointType":"NPDES_PossibleDP","PropertyOwner":"Private","MaintenanceGroup":"Private","unconfirmed_flag":true,"tbd_flag":false,"risk_score":82.8,"OVERALL_ANNUAL":29,"dist_to_employment_m":1482.0},"geometry":{"type":"Point","coordinates":[-122.317067,47.077197]}},
{"type":"Feature","properties":{"AssetID":"DP_7922","EndPointType":"NPDES_PossibleOF","PropertyOwner":"Public","MaintenanceGroup":"PC Roads","unconfirmed_flag":true,"tbd_flag":false,"risk_score":82.8,"OVERALL_ANNUAL":24,"dist_to_employment_m":1764.0},"geometry":{"type":"Point","coordinates":[-122.216787,47.189033]}},
{"type":"Feature","properties":{"AssetID":"DP_7923","EndPointType":"NPDES_PossibleOF","PropertyOwner":"Public","MaintenanceGroup":"PC Roads","unconfirmed_flag":true,"tbd_flag":false,"risk_score":82.8,"OVERALL_ANNUAL":24,"dist_to_employment_m":1755.0},"geometry":{"type":"Point","coordinates":[-122.216903,47.18905]}},
{"type":"Feature","properties":{"AssetID":"DP_1426","EndPointType":"NPDES_PossibleDP","PropertyOwner":"Private","MaintenanceGroup":"Private","unconfirmed_flag":true,"tbd_flag":false,"risk_score":82.7,"OVERALL_ANNUAL":45,"dist_to_employment_m":717.0},"geometry":{"type":"Point","coordinates":[-122.393731,47.173396]}},
{"type":"Feature","properties":{"AssetID":"DP_10393","EndPointType":"NPDES_PossibleOF","PropertyOwner":"Public","MaintenanceGroup":"PC Roads","unconfirmed_flag":true,"tbd_flag":false,"risk_score":82.7,"OVERALL_ANNUAL":4,"dist_to_employment_m":3087.0},"geometry":{"type":"Point","coordinates":[-122.216986,46.84857]}},
{"type":"Feature","properties":{"AssetID":null,"EndPointType":null,"PropertyOwner":"Public","MaintenanceGroup":"PC Roads","unconfirmed_flag":true,"tbd_flag":false,"risk_score":82.7,"OVERALL_ANNUAL":24,"dist_to_employment_m":0.0},"geometry":{"type":"Point","coordinates":[-122.243676,47.184477]}},
{"type":"Feature","properties":{"AssetID":"DP_3754","EndPointType":"NPDES_PossibleOF","PropertyOwner":"Private","MaintenanceGroup":"Private","unconfirmed_flag":true,"tbd_flag":false,"risk_score":82.6,"OVERALL_ANNUAL":29,"dist_to_employment_m":1533.0},"geometry":{"type":"Point","coordinates":[-122.316391,47.077181]}},
{"type":"Feature","properties":{"AssetID":"DP_4973","EndPointType":"NPDES_PossibleOF","PropertyOwner":"Public","MaintenanceGroup":"TBD","unconfirmed_flag":true,"tbd_flag":true,"risk_score":82.6,"OVERALL_ANNUAL":50,"dist_to_employment_m":691.0},"geometry":{"type":"Point","coordinates":[-122.272481,47.123747]}},
{"type":"Feature","properties":{"AssetID":"DP_3755","EndPointType":"NPDES_PossibleDP","PropertyOwner":"Private","MaintenanceGroup":"Private","unconfirmed_flag":true,"tbd_flag":false,"risk_score":82.5,"OVERALL_ANNUAL":29,"dist_to_employment_m":1555.0},"geometry":{"type":"Point","coordinates":[-122.316097,47.077181]}},
{"type":"Feature","properties":{"AssetID":"DP_3268","EndPointType":"NPDES_PossibleDP","PropertyOwner":"Private","MaintenanceGroup":"Private","unconfirmed_flag":true,"tbd_flag":false,"risk_score":82.5,"OVERALL_ANNUAL":29,"dist_to_employment_m":1558.0},"geometry":{"type":"Point","coordinates":[-122.317335,47.105905]}},
{"type":"Feature","properties":{"AssetID":"DP_SW_91","EndPointType":"NPDES_PossibleOF","PropertyOwner":"Public","MaintenanceGroup":"PC Roads","unconfirmed_flag":true,"tbd_flag":false,"risk_score":82.4,"OVERALL_ANNUAL":45,"dist_to_employment_m":283.0},"geometry":{"type":"Point","coordinates":[-122.396995,47.168318]}},
{"type":"Feature","properties":{"AssetID":"DP_1449","EndPointType":"NPDES_PossibleDP","PropertyOwner":"Private","MaintenanceGroup":"Private","unconfirmed_flag":true,"tbd_flag":false,"risk_score":82.2,"OVERALL_ANNUAL":45,"dist_to_employment_m":857.0},"geometry":{"type":"Point","coordinates":[-122.415442,47.176784]}},
{"type":"Feature","properties":{"AssetID":"DP_CLC_1901","EndPointType":"NPDES_PossibleOF","PropertyOwner":"Public","MaintenanceGroup":"PC Roads","unconfirmed_flag":true,"tbd_flag":false,"risk_score":82.2,"OVERALL_ANNUAL":29,"dist_to_employment_m":1163.0},"geometry":{"type":"Point","coordinates":[-122.380826,47.10459]}},
{"type":"Feature","properties":{"AssetID":"DP_737","EndPointType":"NPDES_PossibleDP","PropertyOwner":"Private","MaintenanceGroup":"Private","unconfirmed_flag":true,"tbd_flag":false,"risk_score":82.0,"OVERALL_ANNUAL":29,"dist_to_employment_m":1688.0},"geometry":{"type":"Point","coordinates":[-122.399939,47.096453]}},
{"type":"Feature","properties":{"AssetID":"DP_6415","EndPointType":"NPDES_PossibleOF","PropertyOwner":"Public","MaintenanceGroup":"PC Roads","unconfirmed_flag":true,"tbd_flag":false,"risk_score":81.9,"OVERALL_ANNUAL":24,"dist_to_employment_m":2050.0},"geometry":{"type":"Point","coordinates":[-122.213056,47.183779]}},
{"type":"Feature","properties":{"AssetID":"DP_734","EndPointType":"NPDES_PossibleDP","PropertyOwner":"Private","MaintenanceGroup":"Private","unconfirmed_flag":true,"tbd_flag":false,"risk_score":81.8,"OVERALL_ANNUAL":29,"dist_to_employment_m":1749.0},"geometry":{"type":"Point","coordinates":[-122.405008,47.09532]}},
{"type":"Feature","properties":{"AssetID":"DP_736","EndPointType":"NPDES_PossibleDP","PropertyOwner":"Private","MaintenanceGroup":"Private","unconfirmed_flag":true,"tbd_flag":false,"risk_score":81.8,"OVERALL_ANNUAL":29,"dist_to_employment_m":1733.0},"geometry":{"type":"Point","coordinates":[-122.400557,47.096731]}},
{"type":"Feature","properties":{"AssetID":"DP_1466","EndPointType":"NPDES_PossibleOF","PropertyOwner":"Public","MaintenanceGroup":"PC Roads","unconfirmed_flag":true,"tbd_flag":false,"risk_score":81.8,"OVERALL_ANNUAL":45,"dist_to_employment_m":421.0},"geometry":{"type":"Point","coordinates":[-122.412105,47.171447]}},
{"type":"Feature","properties":{"AssetID":"DP_6417","EndPointType":"NPDES_PossibleOF","PropertyOwner":"Public","MaintenanceGroup":"PC Roads","unconfirmed_flag":true,"tbd_flag":false,"risk_score":81.8,"OVERALL_ANNUAL":24,"dist_to_employment_m":2056.0},"geometry":{"type":"Point","coordinates":[-122.212941,47.183477]}},
{"type":"Feature","properties":{"AssetID":"DP_735","EndPointType":"NPDES_PossibleDP","PropertyOwner":"Private","MaintenanceGroup":"Private","unconfirmed_flag":true,"tbd_flag":false,"risk_score":81.7,"OVERALL_ANNUAL":29,"dist_to_employment_m":1760.0},"geometry":{"type":"Point","coordinates":[-122.402118,47.096535]}},
{"type":"Feature","properties":{"AssetID":"DP_1776","EndPointType":"NPDES_PossibleOF","PropertyOwner":"Public","MaintenanceGroup":"PC Roads","unconfirmed_flag":true,"tbd_flag":false,"risk_score":81.6,"OVERALL_ANNUAL":27,"dist_to_employment_m":1965.0},"geometry":{"type":"Point","coordinates":[-122.389334,47.131297]}},
{"type":"Feature","properties":{"AssetID":"DP_1777","EndPointType":"NPDES_PossibleOF","PropertyOwner":"Public","MaintenanceGroup":"PC Roads","unconfirmed_flag":true,"tbd_flag":false,"risk_score":81.5,"OVERALL_ANNUAL":27,"dist_to_employment_m":1973.0},"geometry":{"type":"Point","coordinates":[-122.389341,47.131213]}},
{"type":"Feature","properties":{"AssetID":"DP_3388","EndPointType":"NPDES_PossibleDP","PropertyOwner":"Private","MaintenanceGroup":"Private","unconfirmed_flag":true,"tbd_flag":false,"risk_score":81.4,"OVERALL_ANNUAL":50,"dist_to_employment_m":262.0},"geometry":{"type":"Point","coordinates":[-122.294842,47.101473]}},
{"type":"Feature","properties":{"AssetID":"DP_2791","EndPointType":"NPDES_PossibleOF","PropertyOwner":"Public","MaintenanceGroup":"PC Roads","unconfirmed_flag":true,"tbd_flag":false,"risk_score":81.4,"OVERALL_ANNUAL":29,"dist_to_employment_m":1340.0},"geometry":{"type":"Point","coordinates":[-122.389223,47.098666]}},
{"type":"Feature","properties":{"AssetID":"DP_3392","EndPointType":"NPDES_PossibleDP","PropertyOwner":"Private","MaintenanceGroup":"Private","unconfirmed_flag":true,"tbd_flag":false,"risk_score":81.3,"OVERALL_ANNUAL":50,"dist_to_employment_m":276.0},"geometry":{"type":"Point","coordinates":[-122.295036,47.100645]}},
{"type":"Feature","properties":{"AssetID":"DP_5253","EndPointType":"NPDES_PossibleDP","PropertyOwner":"Private","MaintenanceGroup":"Private","unconfirmed_flag":true,"tbd_flag":false,"risk_score":81.3,"OVERALL_ANNUAL":50,"dist_to_employment_m":287.0},"geometry":{"type":"Point","coordinates":[-122.271877,47.101118]}},
{"type":"Feature","properties":{"AssetID":"DP_CLC_1141","EndPointType":"NPDES_PossibleDP","PropertyOwner":"Private","MaintenanceGroup":"Private","unconfirmed_flag":true,"tbd_flag":false,"risk_score":81.2,"OVERALL_ANNUAL":50,"dist_to_employment_m":298.0},"geometry":{"type":"Point","coordinates":[-122.295333,47.100225]}},
{"type":"Feature","properties":{"AssetID":"DP_1779","EndPointType":"NPDES_PossibleOF","PropertyOwner":"Public","MaintenanceGroup":"PC Roads","unconfirmed_flag":true,"tbd_flag":false,"risk_score":81.1,"OVERALL_ANNUAL":27,"dist_to_employment_m":2122.0},"geometry":{"type":"Point","coordinates":[-122.389906,47.127787]}},
{"type":"Feature","properties":{"AssetID":"DP_2770","EndPointType":"NPDES_PossibleDP","PropertyOwner":"Private","MaintenanceGroup":"Private","unconfirmed_flag":true,"tbd_flag":false,"risk_score":81.0,"OVERALL_ANNUAL":29,"dist_to_employment_m":1993.0},"geometry":{"type":"Point","coordinates":[-122.389438,47.109329]}},
{"type":"Feature","properties":{"AssetID":"DP_SW_49","EndPointType":"NPDES_PossibleOF","PropertyOwner":"Public","MaintenanceGroup":"PC Roads","unconfirmed_flag":true,"tbd_flag":false,"risk_score":81.0,"OVERALL_ANNUAL":45,"dist_to_employment_m":638.0},"geometry":{"type":"Point","coordinates":[-122.395329,47.173664]}},
{"type":"Feature","properties":{"AssetID":"DP_CLC_2081","EndPointType":"NPDES_PossibleOF","PropertyOwner":"Public","MaintenanceGroup":"PC Roads","unconfirmed_flag":true,"tbd_flag":false,"risk_score":81.0,"OVERALL_ANNUAL":27,"dist_to_employment_m":2143.0},"geometry":{"type":"Point","coordinates":[-122.38924,47.12576]}},
{"type":"Feature","properties":{"AssetID":"DP_CLC_2082","EndPointType":"NPDES_PossibleOF","PropertyOwner":"Public","MaintenanceGroup":"PC Roads","unconfirmed_flag":true,"tbd_flag":false,"risk_score":81.0,"OVERALL_ANNUAL":27,"dist_to_employment_m":2152.0},"geometry":{"type":"Point","coordinates":[-122.389241,47.125538]}},
{"type":"Feature","properties":{"AssetID":"DP_4288","EndPointType":"NPDES_PossibleOF","PropertyOwner":"Public","MaintenanceGroup":"PC Roads","unconfirmed_flag":true,"tbd_flag":false,"risk_score":80.9,"OVERALL_ANNUAL":29,"dist_to_employment_m":1445.0},"geometry":{"type":"Point","coordinates":[-122.411002,47.087665]}},
{"type":"Feature","properties":{"AssetID":"DP_10321","EndPointType":"NPDES_PossibleOF","PropertyOwner":"Public","MaintenanceGroup":"PC Roads","unconfirmed_flag":true,"tbd_flag":false,"risk_score":80.9,"OVERALL_ANNUAL":29,"dist_to_employment_m":1454.0},"geometry":{"type":"Point","coordinates":[-122.383006,47.030606]}},
{"type":"Feature","properties":{"AssetID":"DP_10322","EndPointType":"NPDES_PossibleOF","PropertyOwner":"Public","MaintenanceGroup":"PC Roads","unconfirmed_flag":true,"tbd_flag":false,"risk_score":80.9,"OVERALL_ANNUAL":29,"dist_to_employment_m":1458.0},"geometry":{"type":"Point","coordinates":[-122.383247,47.030515]}},
{"type":"Feature","properties":{"AssetID":"DP_5753","EndPointType":"NPDES_PossibleOF","PropertyOwner":"Public","MaintenanceGroup":"PC Roads","unconfirmed_flag":true,"tbd_flag":false,"risk_score":80.8,"OVERALL_ANNUAL":50,"dist_to_employment_m":0.0},"geometry":{"type":"Point","coordinates":[-122.293856,47.096103]}},
{"type":"Feature","properties":{"AssetID":"DP_10309","EndPointType":"NPDES_PossibleOF","PropertyOwner":"Public","MaintenanceGroup":"PC Roads","unconfirmed_flag":true,"tbd_flag":false,"risk_score":80.8,"OVERALL_ANNUAL":29,"dist_to_employment_m":2104.0},"geometry":{"type":"Point","coordinates":[-122.378657,47.025368]}},
{"type":"Feature","properties":{"AssetID":"DP_SPC_477","EndPointType":"NPDES_PossibleOF","PropertyOwner":"Public","MaintenanceGroup":"PC Roads","unconfirmed_flag":true,"tbd_flag":false,"risk_score":80.8,"OVERALL_ANNUAL":29,"dist_to_employment_m":1463.0},"geometry":{"type":"Point","coordinates":[-122.382523,47.03061]}},
{"type":"Feature","properties":{"AssetID":"DP_CLC_1300","EndPointType":"NPDES_PossibleOF","PropertyOwner":"Private","MaintenanceGroup":"Private","unconfirmed_flag":true,"tbd_flag":false,"risk_score":80.6,"OVERALL_ANNUAL":45,"dist_to_employment_m":1263.0},"geometry":{"type":"Point","coordinates":[-122.2966,47.0778]}},
{"type":"Feature","properties":{"AssetID":"DP_2922","EndPointType":"NPDES_PossibleDP","PropertyOwner":"Private","MaintenanceGroup":"Private","unconfirmed_flag":true,"tbd_flag":false,"risk_score":80.6,"OVERALL_ANNUAL":29,"dist_to_employment_m":2106.0},"geometry":{"type":"Point","coordinates":[-122.406565,47.100152]}},
{"type":"Feature","properties":{"AssetID":"DP_3215","EndPointType":"NPDES_PossibleDP","PropertyOwner":"Private","MaintenanceGroup":"Private","unconfirmed_flag":true,"tbd_flag":false,"risk_score":80.6,"OVERALL_ANNUAL":50,"dist_to_employment_m":451.0},"geometry":{"type":"Point","coordinates":[-122.297414,47.107902]}},
{"type":"Feature","properties":{"AssetID":"DP_2769","EndPointType":"NPDES_PossibleDP","PropertyOwner":"Private","MaintenanceGroup":"Private","unconfirmed_flag":true,"tbd_flag":false,"risk_score":80.6,"OVERALL_ANNUAL":29,"dist_to_employment_m":2126.0},"geometry":{"type":"Point","coordinates":[-122.391475,47.109609]}},
{"type":"Feature","properties":{"AssetID":"DP_3733","EndPointType":"NPDES_PossibleDP","PropertyOwner":"Private","MaintenanceGroup":"Private","unconfirmed_flag":true,"tbd_flag":false,"risk_score":80.5,"OVERALL_ANNUAL":45,"dist_to_employment_m":1273.0},"geometry":{"type":"Point","coordinates":[-122.296142,47.077707]}},
{"type":"Feature","properties":{"AssetID":"DP_3384","EndPointType":"NPDES_PossibleDP","PropertyOwner":"Private","MaintenanceGroup":"Private","unconfirmed_flag":true,"tbd_flag":false,"risk_score":80.5,"OVERALL_ANNUAL":50,"dist_to_employment_m":479.0},"geometry":{"type":"Point","coordinates":[-122.298296,47.100789]}},
{"type":"Feature","properties":{"AssetID":"DP_3274","EndPointType":"NPDES_PossibleOF","PropertyOwner":"Public","MaintenanceGroup":"PC Roads","unconfirmed_flag":true,"tbd_flag":false,"risk_score":80.5,"OVERALL_ANNUAL":29,"dist_to_employment_m":1554.0},"geometry":{"type":"Point","coordinates":[-122.316886,47.105034]}},
{"type":"Feature","properties":{"AssetID":"DP_3383","EndPointType":"NPDES_PossibleDP","PropertyOwner":"Private","MaintenanceGroup":"Private","unconfirmed_flag":true,"tbd_flag":false,"risk_score":80.4,"OVERALL_ANNUAL":50,"dist_to_employment_m":519.0},"geometry":{"type":"Point","coordinates":[-122.298238,47.101232]}},
{"type":"Feature","properties":{"AssetID":"DP_76115","EndPointType":"NPDES_PossibleOF","PropertyOwner":"Public","MaintenanceGroup":"PC Roads","unconfirmed_flag":true,"tbd_flag":false,"risk_score":80.4,"OVERALL_ANNUAL":45,"dist_to_employment_m":142.0},"geometry":{"type":"Point","coordinates":[-122.394255,47.159786]}},
{"type":"Feature","properties":{"AssetID":"DP_5787","EndPointType":"NPDES_PossibleDP","PropertyOwner":"Private","MaintenanceGroup":"Private","unconfirmed_flag":true,"tbd_flag":false,"risk_score":80.3,"OVERALL_ANNUAL":45,"dist_to_employment_m":1279.0},"geometry":{"type":"Point","coordinates":[-122.289691,47.077633]}},
{"type":"Feature","properties":{"AssetID":"DP_5790","EndPointType":"NPDES_PossibleDP","PropertyOwner":"Private","MaintenanceGroup":"Private","unconfirmed_flag":true,"tbd_flag":false,"risk_score":80.3,"OVERALL_ANNUAL":45,"dist_to_employment_m":1277.0},"geometry":{"type":"Point","coordinates":[-122.291013,47.077648]}},
{"type":"Feature","properties":{"AssetID":"DP_5794","EndPointType":"NPDES_PossibleDP","PropertyOwner":"Private","MaintenanceGroup":"Private","unconfirmed_flag":true,"tbd_flag":false,"risk_score":80.3,"OVERALL_ANNUAL":45,"dist_to_employment_m":1270.0},"geometry":{"type":"Point","coordinates":[-122.29354,47.077717]}},
{"type":"Feature","properties":{"AssetID":"DP_3382","EndPointType":"NPDES_PossibleDP","PropertyOwner":"Private","MaintenanceGroup":"Private","unconfirmed_flag":true,"tbd_flag":false,"risk_score":80.3,"OVERALL_ANNUAL":50,"dist_to_employment_m":544.0},"geometry":{"type":"Point","coordinates":[-122.298553,47.101758]}},
{"type":"Feature","properties":{"AssetID":"DP_3219","EndPointType":"NPDES_PossibleDP","PropertyOwner":"Private","MaintenanceGroup":"Private","unconfirmed_flag":true,"tbd_flag":false,"risk_score":80.3,"OVERALL_ANNUAL":50,"dist_to_employment_m":527.0},"geometry":{"type":"Point","coordinates":[-122.298467,47.104693]}},
{"type":"Feature","properties":{"AssetID":"DP_CLC_1008","EndPointType":"NPDES_PossibleOF","PropertyOwner":"Public","MaintenanceGroup":"PC Roads","unconfirmed_flag":true,"tbd_flag":false,"risk_score":80.3,"OVERALL_ANNUAL":29,"dist_to_employment_m":1614.0},"geometry":{"type":"Point","coordinates":[-122.330698,47.133883]}},
{"type":"Feature","properties":{"AssetID":"DP_5266","EndPointType":"NPDES_PossibleOF","PropertyOwner":"Public","MaintenanceGroup":"PC SWM","unconfirmed_flag":true,"tbd_flag":false,"risk_score":80.3,"OVERALL_ANNUAL":50,"dist_to_employment_m":30.0},"geometry":{"type":"Point","coordinates":[-122.282392,47.100263]}},
{"type":"Feature","properties":{"AssetID":"DP_SW_79","EndPointType":"NPDES_PossibleOF","PropertyOwner":"Public","MaintenanceGroup":"PC Roads","unconfirmed_flag":true,"tbd_flag":false,"risk_score":80.2,"OVERALL_ANNUAL":45,"dist_to_employment_m":841.0},"geometry":{"type":"Point","coordinates":[-122.391815,47.173563]}},
{"type":"Feature","properties":{"AssetID":"DP_6428","EndPointType":"NPDES_PossibleOF","PropertyOwner":"Public","MaintenanceGroup":"PC Parks","unconfirmed_flag":true,"tbd_flag":false,"risk_score":80.2,"OVERALL_ANNUAL":43,"dist_to_employment_m":1090.0},"geometry":{"type":"Point","coordinates":[-122.233696,47.171799]}},
{"type":"Feature","properties":{"AssetID":"DP_5788","EndPointType":"NPDES_PossibleDP","PropertyOwner":"Private","MaintenanceGroup":"Private","unconfirmed_flag":true,"tbd_flag":false,"risk_score":80.0,"OVERALL_ANNUAL":45,"dist_to_employment_m":1327.0},"geometry":{"type":"Point","coordinates":[-122.289716,47.077203]}},
{"type":"Feature","properties":{"AssetID":"DP_3349","EndPointType":"NPDES_PossibleDP","PropertyOwner":"Private","MaintenanceGroup":"Private","unconfirmed_flag":true,"tbd_flag":false,"risk_score":80.0,"OVERALL_ANNUAL":50,"dist_to_employment_m":618.0},"geometry":{"type":"Point","coordinates":[-122.306148,47.098984]}},
{"type":"Feature","properties":{"AssetID":"DP_CLC_2059","EndPointType":"NPDES_PossibleDP","PropertyOwner":"Public","MaintenanceGroup":"PC Roads","unconfirmed_flag":true,"tbd_flag":false,"risk_score":79.9,"OVERALL_ANNUAL":13,"dist_to_employment_m":3190.0},"geometry":{"type":"Point","coordinates":[-122.405386,47.118665]}},
{"type":"Feature","properties":{"AssetID":"DP_5793","EndPointType":"NPDES_PossibleDP","PropertyOwner":"Private","MaintenanceGroup":"Private","unconfirmed_flag":true,"tbd_flag":false,"risk_score":79.6,"OVERALL_ANNUAL":45,"dist_to_employment_m":1422.0},"geometry":{"type":"Point","coordinates":[-122.293643,47.076346]}},
{"type":"Feature","properties":{"AssetID":"DP_3150","EndPointType":"NPDES_PossibleOF","PropertyOwner":"Public","MaintenanceGroup":"PC Roads","unconfirmed_flag":true,"tbd_flag":false,"risk_score":79.6,"OVERALL_ANNUAL":29,"dist_to_employment_m":1778.0},"geometry":{"type":"Point","coordinates":[-122.319717,47.11357]}},
{"type":"Feature","properties":{"AssetID":"DP_5791","EndPointType":"NPDES_PossibleDP","PropertyOwner":"Private","MaintenanceGroup":"Private","unconfirmed_flag":true,"tbd_flag":false,"risk_score":79.5,"OVERALL_ANNUAL":45,"dist_to_employment_m":1442.0},"geometry":{"type":"Point","coordinates":[-122.291763,47.076163]}},
{"type":"Feature","properties":{"AssetID":"DP_2803","EndPointType":"NPDES_PossibleDP","PropertyOwner":"Public","MaintenanceGroup":"PC Roads","unconfirmed_flag":true,"tbd_flag":false,"risk_score":79.5,"OVERALL_ANNUAL":29,"dist_to_employment_m":1796.0},"geometry":{"type":"Point","coordinates":[-122.400059,47.097451]}},
{"type":"Feature","properties":{"AssetID":"DP_5789","EndPointType":"NPDES_PossibleDP","PropertyOwner":"Private","MaintenanceGroup":"Private","unconfirmed_flag":true,"tbd_flag":false,"risk_score":79.4,"OVERALL_ANNUAL":45,"dist_to_employment_m":1471.0},"geometry":{"type":"Point","coordinates":[-122.2894,47.075903]}},
{"type":"Feature","properties":{"AssetID":"DP_5792","EndPointType":"NPDES_PossibleDP","PropertyOwner":"Private","MaintenanceGroup":"Private","unconfirmed_flag":true,"tbd_flag":false,"risk_score":79.4,"OVERALL_ANNUAL":45,"dist_to_employment_m":1461.0},"geometry":{"type":"Point","coordinates":[-122.291763,47.075997]}},
{"type":"Feature","properties":{"AssetID":"DP_3012","EndPointType":"NPDES_PossibleOF","PropertyOwner":"Public","MaintenanceGroup":"PC Roads","unconfirmed_flag":true,"tbd_flag":false,"risk_score":79.4,"OVERALL_ANNUAL":29,"dist_to_employment_m":1831.0},"geometry":{"type":"Point","coordinates":[-122.330613,47.125712]}},
{"type":"Feature","properties":{"AssetID":"DP_6425","EndPointType":"NPDES_PossibleOF","PropertyOwner":"Private","MaintenanceGroup":"Private","unconfirmed_flag":true,"tbd_flag":false,"risk_score":79.3,"OVERALL_ANNUAL":49,"dist_to_employment_m":1041.0},"geometry":{"type":"Point","coordinates":[-122.228844,47.175158]}},
{"type":"Feature","properties":{"AssetID":"DP_6504","EndPointType":"NPDES_PossibleDP","PropertyOwner":"Private","MaintenanceGroup":"Private","unconfirmed_flag":true,"tbd_flag":false,"risk_score":79.2,"OVERALL_ANNUAL":24,"dist_to_employment_m":3854.0},"geometry":{"type":"Point","coordinates":[-122.190423,47.197089]}},
{"type":"Feature","properties":{"AssetID":"DP_DC_55","EndPointType":"NPDES_PossibleDP","PropertyOwner":"Public","MaintenanceGroup":"PC SWM","unconfirmed_flag":true,"tbd_flag":false,"risk_score":79.2,"OVERALL_ANNUAL":45,"dist_to_employment_m":440.0},"geometry":{"type":"Point","coordinates":[-122.344455,47.148369]}},
{"type":"Feature","properties":{"AssetID":"DP_5761","EndPointType":"NPDES_PossibleDP","PropertyOwner":"Public","MaintenanceGroup":"PC SWM","unconfirmed_flag":true,"tbd_flag":false,"risk_score":79.2,"OVERALL_ANNUAL":50,"dist_to_employment_m":295.0},"geometry":{"type":"Point","coordinates":[-122.270062,47.08838]}},
{"type":"Feature","properties":{"AssetID":"DP_10410","EndPointType":"NPDES_PossibleOF","PropertyOwner":"Public","MaintenanceGroup":"PC Roads","unconfirmed_flag":true,"tbd_flag":false,"risk_score":79.1,"OVERALL_ANNUAL":36,"dist_to_employment_m":1482.0},"geometry":{"type":"Point","coordinates":[-122.273454,46.878947]}},
{"type":"Feature","properties":{"AssetID":"DP_6505","EndPointType":"NPDES_PossibleDP","PropertyOwner":"Private","MaintenanceGroup":"Private","unconfirmed_flag":true,"tbd_flag":false,"risk_score":79.0,"OVERALL_ANNUAL":24,"dist_to_employment_m":3956.0},"geometry":{"type":"Point","coordinates":[-122.188784,47.196234]}},
{"type":"Feature","properties":{"AssetID":"DP_CLC_1892","EndPointType":"NPDES_PossibleOF","PropertyOwner":"Public","MaintenanceGroup":"PC Roads","unconfirmed_flag":true,"tbd_flag":false,"risk_score":79.0,"OVERALL_ANNUAL":29,"dist_to_employment_m":1972.0},"geometry":{"type":"Point","coordinates":[-122.389151,47.109252]}},
{"type":"Feature","properties":{"AssetID":"DP_3018","EndPointType":"NPDES_PossibleOF","PropertyOwner":"Public","MaintenanceGroup":"PC Roads","unconfirmed_flag":true,"tbd_flag":false,"risk_score":79.0,"OVERALL_ANNUAL":29,"dist_to_employment_m":1968.0},"geometry":{"type":"Point","coordinates":[-122.328804,47.126322]}},
{"type":"Feature","properties":{"AssetID":"DP_3102","EndPointType":"NPDES_PossibleOF","PropertyOwner":"Public","MaintenanceGroup":"PC SWM","unconfirmed_flag":true,"tbd_flag":false,"risk_score":79.0,"OVERALL_ANNUAL":29,"dist_to_employment_m":1967.0},"geometry":{"type":"Point","coordinates":[-122.317517,47.115591]}},
{"type":"Feature","properties":{"AssetID":"DP_6562","EndPointType":"NPDES_PossibleOF","PropertyOwner":"Private","MaintenanceGroup":"Private","unconfirmed_flag":true,"tbd_flag":false,"risk_score":78.9,"OVERALL_ANNUAL":24,"dist_to_employment_m":4024.0},"geometry":{"type":"Point","coordinates":[-122.192622,47.205838]}},
{"type":"Feature","properties":{"AssetID":"DP_1377","EndPointType":"NPDES_PossibleDP","PropertyOwner":"Private","MaintenanceGroup":"Private","unconfirmed_flag":true,"tbd_flag":false,"risk_score":78.7,"OVERALL_ANNUAL":29,"dist_to_employment_m":2702.0},"geometry":{"type":"Point","coordinates":[-122.313766,47.132013]}},
{"type":"Feature","properties":{"AssetID":"DP_2773","EndPointType":"NPDES_PossibleOF","PropertyOwner":"Public","MaintenanceGroup":"PC Roads","unconfirmed_flag":true,"tbd_flag":false,"risk_score":78.7,"OVERALL_ANNUAL":29,"dist_to_employment_m":2057.0},"geometry":{"type":"Point","coordinates":[-122.389107,47.110335]}},
{"type":"Feature","properties":{"AssetID":"DP_10319","EndPointType":"NPDES_PossibleOF","PropertyOwner":"Public","MaintenanceGroup":"PC Roads","unconfirmed_flag":true,"tbd_flag":false,"risk_score":78.6,"OVERALL_ANNUAL":29,"dist_to_employment_m":2092.0},"geometry":{"type":"Point","coordinates":[-122.379585,47.025296]}},
{"type":"Feature","properties":{"AssetID":"DP_8076","EndPointType":"NPDES_PossibleDP","PropertyOwner":"Private","MaintenanceGroup":"Private","unconfirmed_flag":true,"tbd_flag":false,"risk_score":78.5,"OVERALL_ANNUAL":29,"dist_to_employment_m":2788.0},"geometry":{"type":"Point","coordinates":[-122.314142,47.132907]}},
{"type":"Feature","properties":{"AssetID":"DP_1592","EndPointType":"NPDES_PossibleOF","PropertyOwner":"Public","MaintenanceGroup":"PC Roads","unconfirmed_flag":true,"tbd_flag":false,"risk_score":78.3,"OVERALL_ANNUAL":45,"dist_to_employment_m":741.0},"geometry":{"type":"Point","coordinates":[-122.393717,47.173699]}},
{"type":"Feature","properties":{"AssetID":"DP_5071","EndPointType":"NPDES_PossibleOF","PropertyOwner":"Public","MaintenanceGroup":"PC Roads","unconfirmed_flag":true,"tbd_flag":false,"risk_score":78.3,"OVERALL_ANNUAL":50,"dist_to_employment_m":536.0},"geometry":{"type":"Point","coordinates":[-122.269387,47.121998]}},
{"type":"Feature","properties":{"AssetID":"DP_83","EndPointType":"NPDES_PossibleOF","PropertyOwner":"Public","MaintenanceGroup":"PC Roads","unconfirmed_flag":true,"tbd_flag":false,"risk_score":78.2,"OVERALL_ANNUAL":29,"dist_to_employment_m":2245.0},"geometry":{"type":"Point","coordinates":[-122.373245,47.025157]}},
{"type":"Feature","properties":{"AssetID":"DP_84","EndPointType":"NPDES_PossibleOF","PropertyOwner":"Public","MaintenanceGroup":"PC Roads","unconfirmed_flag":true,"tbd_flag":false,"risk_score":78.2,"OVERALL_ANNUAL":29,"dist_to_employment_m":2222.0},"geometry":{"type":"Point","coordinates":[-122.373657,47.02527]}},
{"type":"Feature","properties":{"AssetID":"DP_10984","EndPointType":"NPDES_PossibleOF","PropertyOwner":"Public","MaintenanceGroup":"PC Roads","unconfirmed_flag":true,"tbd_flag":false,"risk_score":78.2,"OVERALL_ANNUAL":4,"dist_to_employment_m":4374.0},"geometry":{"type":"Point","coordinates":[-122.207108,46.839074]}},
{"type":"Feature","properties":{"AssetID":"DP_5257","EndPointType":"NPDES_PossibleOF","PropertyOwner":"Public","MaintenanceGroup":"PC Roads","unconfirmed_flag":true,"tbd_flag":false,"risk_score":77.9,"OVERALL_ANNUAL":50,"dist_to_employment_m":613.0},"geometry":{"type":"Point","coordinates":[-122.265731,47.099671]}},
{"type":"Feature","properties":{"AssetID":"DP_7933","EndPointType":"NPDES_PossibleOF","PropertyOwner":"Public","MaintenanceGroup":"PC Roads","unconfirmed_flag":true,"tbd_flag":false,"risk_score":77.8,"OVERALL_ANNUAL":29,"dist_to_employment_m":2343.0},"geometry":{"type":"Point","coordinates":[-122.357629,47.032913]}},
{"type":"Feature","properties":{"AssetID":"DP_6092","EndPointType":"NPDES_PossibleOF","PropertyOwner":"Public","MaintenanceGroup":"PC Roads","unconfirmed_flag":true,"tbd_flag":false,"risk_score":77.5,"OVERALL_ANNUAL":46,"dist_to_employment_m":1199.0},"geometry":{"type":"Point","coordinates":[-122.156294,47.144783]}},
{"type":"Feature","properties":{"AssetID":"DP_4851","EndPointType":"NPDES_PossibleDP","PropertyOwner":"Private","MaintenanceGroup":"Private","unconfirmed_flag":true,"tbd_flag":false,"risk_score":77.4,"OVERALL_ANNUAL":50,"dist_to_employment_m":1230.0},"geometry":{"type":"Point","coordinates":[-122.284256,47.128505]}},
{"type":"Feature","properties":{"AssetID":"DP_842","EndPointType":"NPDES_PossibleOF","PropertyOwner":"Public","MaintenanceGroup":"PC Roads","unconfirmed_flag":true,"tbd_flag":false,"risk_score":77.3,"OVERALL_ANNUAL":45,"dist_to_employment_m":1500.0},"geometry":{"type":"Point","coordinates":[-122.375786,47.171572]}},
{"type":"Feature","properties":{"AssetID":"DP_7935","EndPointType":"NPDES_PossibleOF","PropertyOwner":"Public","MaintenanceGroup":"PC Roads","unconfirmed_flag":true,"tbd_flag":false,"risk_score":77.2,"OVERALL_ANNUAL":29,"dist_to_employment_m":2531.0},"geometry":{"type":"Point","coordinates":[-122.363258,47.026113]}},
{"type":"Feature","properties":{"AssetID":"DP_10445","EndPointType":"NPDES_PossibleOF","PropertyOwner":"Public","MaintenanceGroup":"PC Roads","unconfirmed_flag":true,"tbd_flag":false,"risk_score":77.2,"OVERALL_ANNUAL":35,"dist_to_employment_m":2092.0},"geometry":{"type":"Point","coordinates":[-122.281327,46.87994]}},
{"type":"Feature","properties":{"AssetID":"DP_7936","EndPointType":"NPDES_PossibleOF","PropertyOwner":"Public","MaintenanceGroup":"PC Roads","unconfirmed_flag":true,"tbd_flag":false,"risk_score":77.1,"OVERALL_ANNUAL":29,"dist_to_employment_m":2546.0},"geometry":{"type":"Point","coordinates":[-122.363259,47.025937]}},
{"type":"Feature","properties":{"AssetID":"DP_CLC_215","EndPointType":"NPDES_PossibleDP","PropertyOwner":"Private","MaintenanceGroup":"Private","unconfirmed_flag":true,"tbd_flag":false,"risk_score":77.0,"OVERALL_ANNUAL":29,"dist_to_employment_m":1067.0},"geometry":{"type":"Point","coordinates":[-122.340711,47.120805]}},
{"type":"Feature","properties":{"AssetID":"DP_5779","EndPointType":"NPDES_PossibleDP","PropertyOwner":"Private","MaintenanceGroup":"Private","unconfirmed_flag":true,"tbd_flag":false,"risk_score":76.9,"OVERALL_ANNUAL":45,"dist_to_employment_m":2204.0},"geometry":{"type":"Point","coordinates":[-122.252585,47.076005]}},
{"type":"Feature","properties":{"AssetID":"DP_5856","EndPointType":"NPDES_PossibleOF","PropertyOwner":"Public","MaintenanceGroup":"PC Roads","unconfirmed_flag":true,"tbd_flag":false,"risk_score":76.9,"OVERALL_ANNUAL":45,"dist_to_employment_m":1615.0},"geometry":{"type":"Point","coordinates":[-122.219249,47.094276]}},
{"type":"Feature","properties":{"AssetID":"DP_5780","EndPointType":"NPDES_PossibleDP","PropertyOwner":"Private","MaintenanceGroup":"Private","unconfirmed_flag":true,"tbd_flag":false,"risk_score":76.8,"OVERALL_ANNUAL":45,"dist_to_employment_m":2226.0},"geometry":{"type":"Point","coordinates":[-122.252764,47.075621]}},
{"type":"Feature","properties":{"AssetID":"DP_4562","EndPointType":"NPDES_PossibleDP","PropertyOwner":"Public","MaintenanceGroup":"PC Roads","unconfirmed_flag":true,"tbd_flag":false,"risk_score":76.3,"OVERALL_ANNUAL":43,"dist_to_employment_m":2074.0},"geometry":{"type":"Point","coordinates":[-122.269028,47.150742]}},
{"type":"Feature","properties":{"AssetID":"DP_4950","EndPointType":"NPDES_PossibleDP","PropertyOwner":"Public","MaintenanceGroup":"PC SWM","unconfirmed_flag":true,"tbd_flag":false,"risk_score":76.1,"OVERALL_ANNUAL":50,"dist_to_employment_m":1067.0},"geometry":{"type":"Point","coordinates":[-122.28096,47.127108]}},
{"type":"Feature","properties":{"AssetID":"DP_6443","EndPointType":"NPDES_PossibleOF","PropertyOwner":"Public","MaintenanceGroup":"PC Roads","unconfirmed_flag":true,"tbd_flag":false,"risk_score":76.1,"OVERALL_ANNUAL":43,"dist_to_employment_m":2158.0},"geometry":{"type":"Point","coordinates":[-122.250921,47.159118]}},
{"type":"Feature","properties":{"AssetID":"DP_6444","EndPointType":"NPDES_PossibleOF","PropertyOwner":"Public","MaintenanceGroup":"PC Roads","unconfirmed_flag":true,"tbd_flag":false,"risk_score":76.1,"OVERALL_ANNUAL":43,"dist_to_employment_m":2154.0},"geometry":{"type":"Point","coordinates":[-122.250978,47.159076]}},
{"type":"Feature","properties":{"AssetID":"DP_6445","EndPointType":"NPDES_PossibleOF","PropertyOwner":"Public","MaintenanceGroup":"PC Roads","unconfirmed_flag":true,"tbd_flag":false,"risk_score":76.1,"OVERALL_ANNUAL":43,"dist_to_employment_m":2158.0},"geometry":{"type":"Point","coordinates":[-122.251016,47.15911]}},
{"type":"Feature","properties":{"AssetID":"DP_6446","EndPointType":"NPDES_PossibleOF","PropertyOwner":"Public","MaintenanceGroup":"PC Roads","unconfirmed_flag":true,"tbd_flag":false,"risk_score":76.1,"OVERALL_ANNUAL":43,"dist_to_employment_m":2161.0},"geometry":{"type":"Point","coordinates":[-122.250972,47.159145]}},
{"type":"Feature","properties":{"AssetID":"DP_7750","EndPointType":"NPDES_PossibleOF","PropertyOwner":"Public","MaintenanceGroup":"PC Roads","unconfirmed_flag":true,"tbd_flag":false,"risk_score":75.9,"OVERALL_ANNUAL":24,"dist_to_employment_m":4674.0},"geometry":{"type":"Point","coordinates":[-122.196255,47.220768]}},
{"type":"Feature","properties":{"AssetID":"DP_6154","EndPointType":"NPDES_PossibleDP","PropertyOwner":"Public","MaintenanceGroup":"PC Parks","unconfirmed_flag":true,"tbd_flag":false,"risk_score":75.7,"OVERALL_ANNUAL":43,"dist_to_employment_m":1679.0},"geometry":{"type":"Point","coordinates":[-122.234423,47.154523]}},
{"type":"Feature","properties":{"AssetID":"DP_2267","EndPointType":"NPDES_PossibleDP","PropertyOwner":"Private","MaintenanceGroup":"Private","unconfirmed_flag":true,"tbd_flag":false,"risk_score":75.6,"OVERALL_ANNUAL":61,"dist_to_employment_m":190.0},"geometry":{"type":"Point","coordinates":[-122.416944,47.188139]}},
{"type":"Feature","properties":{"AssetID":"DP_5004","EndPointType":"NPDES_PossibleDP","PropertyOwner":"Public","MaintenanceGroup":"PC Roads","unconfirmed_flag":true,"tbd_flag":false,"risk_score":75.6,"OVERALL_ANNUAL":50,"dist_to_employment_m":1169.0},"geometry":{"type":"Point","coordinates":[-122.263902,47.126464]}},
{"type":"Feature","properties":{"AssetID":"DP_5003","EndPointType":"NPDES_PossibleDP","PropertyOwner":"Public","MaintenanceGroup":"PC SWM","unconfirmed_flag":true,"tbd_flag":false,"risk_score":75.5,"OVERALL_ANNUAL":50,"dist_to_employment_m":1197.0},"geometry":{"type":"Point","coordinates":[-122.263764,47.126693]}},
{"type":"Feature","properties":{"AssetID":"DP_3858","EndPointType":"NPDES_PossibleDP","PropertyOwner":"Public","MaintenanceGroup":"PC Roads","unconfirmed_flag":true,"tbd_flag":false,"risk_score":75.4,"OVERALL_ANNUAL":45,"dist_to_employment_m":2027.0},"geometry":{"type":"Point","coordinates":[-122.303669,47.071242]}},
{"type":"Feature","properties":{"AssetID":"DP_5047","EndPointType":"NPDES_PossibleOF","PropertyOwner":"Public","MaintenanceGroup":"PC Roads","unconfirmed_flag":true,"tbd_flag":false,"risk_score":75.4,"OVERALL_ANNUAL":50,"dist_to_employment_m":1203.0},"geometry":{"type":"Point","coordinates":[-122.257571,47.121957]}},
{"type":"Feature","properties":{"AssetID":"DP_7925","EndPointType":"NPDES_PossibleOF","PropertyOwner":"Public","MaintenanceGroup":"PC Roads","unconfirmed_flag":true,"tbd_flag":false,"risk_score":75.4,"OVERALL_ANNUAL":45,"dist_to_employment_m":2032.0},"geometry":{"type":"Point","coordinates":[-122.272436,46.856848]}},
{"type":"Feature","properties":{"AssetID":"DP_LT_99","EndPointType":"NPDES_PossibleOF","PropertyOwner":"Public","MaintenanceGroup":"PC Roads","unconfirmed_flag":true,"tbd_flag":false,"risk_score":75.3,"OVERALL_ANNUAL":24,"dist_to_employment_m":5140.0},"geometry":{"type":"Point","coordinates":[-122.186651,47.218886]}},
{"type":"Feature","properties":{"AssetID":"DP_5932","EndPointType":"NPDES_PossibleDP","PropertyOwner":"Private","MaintenanceGroup":"Private","unconfirmed_flag":true,"tbd_flag":false,"risk_score":75.2,"OVERALL_ANNUAL":46,"dist_to_employment_m":2367.0},"geometry":{"type":"Point","coordinates":[-122.145692,47.15458]}},
{"type":"Feature","properties":{"AssetID":"DP_LT_78","EndPointType":"NPDES_PossibleOF","PropertyOwner":"Public","MaintenanceGroup":"PC Roads","unconfirmed_flag":true,"tbd_flag":false,"risk_score":75.2,"OVERALL_ANNUAL":24,"dist_to_employment_m":5238.0},"geometry":{"type":"Point","coordinates":[-122.179489,47.212275]}},
{"type":"Feature","properties":{"AssetID":"DP_5934","EndPointType":"NPDES_PossibleDP","PropertyOwner":"Private","MaintenanceGroup":"Private","unconfirmed_flag":true,"tbd_flag":false,"risk_score":75.1,"OVERALL_ANNUAL":46,"dist_to_employment_m":2407.0},"geometry":{"type":"Point","coordinates":[-122.144499,47.153933]}},
{"type":"Feature","properties":{"AssetID":"DP_PAC_15","EndPointType":"NPDES_PossibleDP","PropertyOwner":"Public","MaintenanceGroup":"PC Roads","unconfirmed_flag":true,"tbd_flag":false,"risk_score":75.1,"OVERALL_ANNUAL":24,"dist_to_employment_m":3763.0},"geometry":{"type":"Point","coordinates":[-122.208113,47.217713]}},
{"type":"Feature","properties":{"AssetID":"DP_5933","EndPointType":"NPDES_PossibleDP","PropertyOwner":"Private","MaintenanceGroup":"Private","unconfirmed_flag":true,"tbd_flag":false,"risk_score":75.0,"OVERALL_ANNUAL":46,"dist_to_employment_m":2433.0},"geometry":{"type":"Point","coordinates":[-122.144648,47.154557]}},
{"type":"Feature","properties":{"AssetID":"DP_5889","EndPointType":"NPDES_PossibleDP","PropertyOwner":"Public","MaintenanceGroup":"PC Roads","unconfirmed_flag":true,"tbd_flag":false,"risk_score":75.0,"OVERALL_ANNUAL":46,"dist_to_employment_m":1812.0},"geometry":{"type":"Point","coordinates":[-122.155448,47.154841]}},
{"type":"Feature","properties":{"AssetID":"DP_5890","EndPointType":"NPDES_PossibleDP","PropertyOwner":"Public","MaintenanceGroup":"PC Roads","unconfirmed_flag":true,"tbd_flag":false,"risk_score":75.0,"OVERALL_ANNUAL":46,"dist_to_employment_m":1812.0},"geometry":{"type":"Point","coordinates":[-122.155448,47.154841]}},
{"type":"Feature","properties":{"AssetID":"DP_5891","EndPointType":"NPDES_PossibleDP","PropertyOwner":"Public","MaintenanceGroup":"PC Roads","unconfirmed_flag":true,"tbd_flag":false,"risk_score":75.0,"OVERALL_ANNUAL":46,"dist_to_employment_m":1812.0},"geometry":{"type":"Point","coordinates":[-122.155448,47.154841]}},
{"type":"Feature","properties":{"AssetID":"DP_8392","EndPointType":"NPDES_PossibleOF","PropertyOwner":"Public","MaintenanceGroup":"PC Roads","unconfirmed_flag":true,"tbd_flag":false,"risk_score":74.8,"OVERALL_ANNUAL":35,"dist_to_employment_m":2869.0},"geometry":{"type":"Point","coordinates":[-122.291495,46.871555]}},
{"type":"Feature","properties":{"AssetID":"DP_3058","EndPointType":"NPDES_PossibleDP","PropertyOwner":"Public","MaintenanceGroup":"PC Roads","unconfirmed_flag":true,"tbd_flag":false,"risk_score":74.7,"OVERALL_ANNUAL":50,"dist_to_employment_m":1368.0},"geometry":{"type":"Point","coordinates":[-122.298495,47.125606]}},
{"type":"Feature","properties":{"AssetID":"DP_6734","EndPointType":"NPDES_PossibleOF","PropertyOwner":"Public","MaintenanceGroup":"PC SWM","unconfirmed_flag":true,"tbd_flag":false,"risk_score":74.7,"OVERALL_ANNUAL":61,"dist_to_employment_m":0.0},"geometry":{"type":"Point","coordinates":[-122.242318,47.255927]}},
{"type":"Feature","properties":{"AssetID":"DP_10250","EndPointType":"NPDES_PossibleOF","PropertyOwner":"Public","MaintenanceGroup":"PC Roads","unconfirmed_flag":true,"tbd_flag":false,"risk_score":74.7,"OVERALL_ANNUAL":28,"dist_to_employment_m":4616.0},"geometry":{"type":"Point","coordinates":[-122.443216,47.024907]}},
{"type":"Feature","properties":{"AssetID":"DP_10251","EndPointType":"NPDES_PossibleOF","PropertyOwner":"Public","MaintenanceGroup":"PC Roads","unconfirmed_flag":true,"tbd_flag":false,"risk_score":74.7,"OVERALL_ANNUAL":28,"dist_to_employment_m":4617.0},"geometry":{"type":"Point","coordinates":[-122.443373,47.025077]}},
{"type":"Feature","properties":{"AssetID":"DP_5915","EndPointType":"NPDES_PossibleOF","PropertyOwner":"Public","MaintenanceGroup":"PC Roads","unconfirmed_flag":true,"tbd_flag":false,"risk_score":74.6,"OVERALL_ANNUAL":46,"dist_to_employment_m":1932.0},"geometry":{"type":"Point","coordinates":[-122.151918,47.153792]}},
{"type":"Feature","properties":{"AssetID":"DP_5916","EndPointType":"NPDES_PossibleOF","PropertyOwner":"Public","MaintenanceGroup":"PC Roads","unconfirmed_flag":true,"tbd_flag":false,"risk_score":74.6,"OVERALL_ANNUAL":46,"dist_to_employment_m":1932.0},"geometry":{"type":"Point","coordinates":[-122.151918,47.153792]}},
{"type":"Feature","properties":{"AssetID":"DP_9970","EndPointType":"NPDES_PossibleOF","PropertyOwner":"Public","MaintenanceGroup":"PC Roads","unconfirmed_flag":true,"tbd_flag":false,"risk_score":74.6,"OVERALL_ANNUAL":28,"dist_to_employment_m":4708.0},"geometry":{"type":"Point","coordinates":[-122.416349,47.005408]}},
{"type":"Feature","properties":{"AssetID":"DP_9971","EndPointType":"NPDES_PossibleOF","PropertyOwner":"Public","MaintenanceGroup":"PC Roads","unconfirmed_flag":true,"tbd_flag":false,"risk_score":74.6,"OVERALL_ANNUAL":28,"dist_to_employment_m":4708.0},"geometry":{"type":"Point","coordinates":[-122.416327,47.0054]}},
{"type":"Feature","properties":{"AssetID":"DP_3057","EndPointType":"NPDES_PossibleDP","PropertyOwner":"Public","MaintenanceGroup":"PC Roads","unconfirmed_flag":true,"tbd_flag":false,"risk_score":74.5,"OVERALL_ANNUAL":50,"dist_to_employment_m":1406.0},"geometry":{"type":"Point","coordinates":[-122.299221,47.125613]}},
{"type":"Feature","properties":{"AssetID":"DP_9945","EndPointType":"NPDES_PossibleOF","PropertyOwner":"Public","MaintenanceGroup":"PC Roads","unconfirmed_flag":true,"tbd_flag":false,"risk_score":74.4,"OVERALL_ANNUAL":28,"dist_to_employment_m":4873.0},"geometry":{"type":"Point","coordinates":[-122.421457,47.005659]}},
{"type":"Feature","properties":{"AssetID":"DP_7932","EndPointType":"NPDES_PossibleOF","PropertyOwner":"Public","MaintenanceGroup":"PC Roads","unconfirmed_flag":true,"tbd_flag":false,"risk_score":74.3,"OVERALL_ANNUAL":29,"dist_to_employment_m":3727.0},"geometry":{"type":"Point","coordinates":[-122.338368,47.031447]}},
{"type":"Feature","properties":{"AssetID":"DP_4536","EndPointType":"NPDES_PossibleOF","PropertyOwner":"Public","MaintenanceGroup":"PC Roads","unconfirmed_flag":true,"tbd_flag":false,"risk_score":74.2,"OVERALL_ANNUAL":43,"dist_to_employment_m":2747.0},"geometry":{"type":"Point","coordinates":[-122.27901,47.151149]}},
{"type":"Feature","properties":{"AssetID":"DP_5859","EndPointType":"NPDES_PossibleOF","PropertyOwner":"Public","MaintenanceGroup":"PC Roads","unconfirmed_flag":true,"tbd_flag":false,"risk_score":74.2,"OVERALL_ANNUAL":45,"dist_to_employment_m":2409.0},"geometry":{"type":"Point","coordinates":[-122.230029,47.090813]}},
{"type":"Feature","properties":{"AssetID":"DP_5860","EndPointType":"NPDES_PossibleOF","PropertyOwner":"Public","MaintenanceGroup":"PC Roads","unconfirmed_flag":true,"tbd_flag":false,"risk_score":74.1,"OVERALL_ANNUAL":45,"dist_to_employment_m":2421.0},"geometry":{"type":"Point","coordinates":[-122.230012,47.09066]}},
{"type":"Feature","properties":{"AssetID":"DP_12497","EndPointType":"NPDES_PossibleOF","PropertyOwner":"Public","MaintenanceGroup":"PC Roads","unconfirmed_flag":true,"tbd_flag":false,"risk_score":74.1,"OVERALL_ANNUAL":35,"dist_to_employment_m":3078.0},"geometry":{"type":"Point","coordinates":[-122.278726,46.899306]}},
{"type":"Feature","properties":{"AssetID":"DP_117638","EndPointType":"Unknown","PropertyOwner":"Private","MaintenanceGroup":"Private","unconfirmed_flag":true,"tbd_flag":false,"risk_score":73.9,"OVERALL_ANNUAL":29,"dist_to_employment_m":1605.0},"geometry":{"type":"Point","coordinates":[-122.311746,47.117566]}},
{"type":"Feature","properties":{"AssetID":"DP_117639","EndPointType":"Unknown","PropertyOwner":"Private","MaintenanceGroup":"Private","unconfirmed_flag":true,"tbd_flag":false,"risk_score":73.9,"OVERALL_ANNUAL":29,"dist_to_employment_m":1607.0},"geometry":{"type":"Point","coordinates":[-122.311718,47.117659]}},
{"type":"Feature","properties":{"AssetID":"DP_117637","EndPointType":"Unknown","PropertyOwner":"Private","MaintenanceGroup":"Private","unconfirmed_flag":true,"tbd_flag":false,"risk_score":73.9,"OVERALL_ANNUAL":29,"dist_to_employment_m":1608.0},"geometry":{"type":"Point","coordinates":[-122.311647,47.117809]}},
{"type":"Feature","properties":{"AssetID":"DP_117635","EndPointType":"Unknown","PropertyOwner":"Private","MaintenanceGroup":"Private","unconfirmed_flag":true,"tbd_flag":false,"risk_score":73.9,"OVERALL_ANNUAL":29,"dist_to_employment_m":1610.0},"geometry":{"type":"Point","coordinates":[-122.311615,47.117903]}},
{"type":"Feature","properties":{"AssetID":"DP_117636","EndPointType":"Unknown","PropertyOwner":"Private","MaintenanceGroup":"Private","unconfirmed_flag":true,"tbd_flag":false,"risk_score":73.9,"OVERALL_ANNUAL":29,"dist_to_employment_m":1613.0},"geometry":{"type":"Point","coordinates":[-122.311664,47.117902]}},
{"type":"Feature","properties":{"AssetID":"DP_117634","EndPointType":"Unknown","PropertyOwner":"Private","MaintenanceGroup":"Private","unconfirmed_flag":true,"tbd_flag":false,"risk_score":73.9,"OVERALL_ANNUAL":29,"dist_to_employment_m":1618.0},"geometry":{"type":"Point","coordinates":[-122.311662,47.118028]}},
{"type":"Feature","properties":{"AssetID":"DP_117633","EndPointType":"Unknown","PropertyOwner":"Private","MaintenanceGroup":"Private","unconfirmed_flag":true,"tbd_flag":false,"risk_score":73.9,"OVERALL_ANNUAL":29,"dist_to_employment_m":1615.0},"geometry":{"type":"Point","coordinates":[-122.311614,47.118029]}},
{"type":"Feature","properties":{"AssetID":"DP_6034","EndPointType":"NPDES_PossibleOF","PropertyOwner":"Public","MaintenanceGroup":"PC Roads","unconfirmed_flag":true,"tbd_flag":false,"risk_score":73.9,"OVERALL_ANNUAL":46,"dist_to_employment_m":2162.0},"geometry":{"type":"Point","coordinates":[-122.144447,47.148822]}},
{"type":"Feature","properties":{"AssetID":"DP_117632","EndPointType":"Unknown","PropertyOwner":"Private","MaintenanceGroup":"Private","unconfirmed_flag":true,"tbd_flag":false,"risk_score":73.8,"OVERALL_ANNUAL":29,"dist_to_employment_m":1626.0},"geometry":{"type":"Point","coordinates":[-122.311614,47.118265]}},
{"type":"Feature","properties":{"AssetID":"DP_117631","EndPointType":"Unknown","PropertyOwner":"Private","MaintenanceGroup":"Private","unconfirmed_flag":true,"tbd_flag":false,"risk_score":73.8,"OVERALL_ANNUAL":29,"dist_to_employment_m":1629.0},"geometry":{"type":"Point","coordinates":[-122.31166,47.118265]}},
{"type":"Feature","properties":{"AssetID":"DP_6033","EndPointType":"NPDES_PossibleOF","PropertyOwner":"Public","MaintenanceGroup":"PC Roads","unconfirmed_flag":true,"tbd_flag":false,"risk_score":73.8,"OVERALL_ANNUAL":46,"dist_to_employment_m":2204.0},"geometry":{"type":"Point","coordinates":[-122.144428,47.149444]}},
{"type":"Feature","properties":{"AssetID":"DP_5264","EndPointType":"NPDES_PossibleDP","PropertyOwner":"Private","MaintenanceGroup":"Private","unconfirmed_flag":true,"tbd_flag":false,"risk_score":73.7,"OVERALL_ANNUAL":50,"dist_to_employment_m":2220.0},"geometry":{"type":"Point","coordinates":[-122.242875,47.10266]}},
{"type":"Feature","properties":{"AssetID":"DP_70127","EndPointType":"NPDES_PossibleOF","PropertyOwner":"Public","MaintenanceGroup":"PC Roads","unconfirmed_flag":true,"tbd_flag":false,"risk_score":73.6,"OVERALL_ANNUAL":45,"dist_to_employment_m":1779.0},"geometry":{"type":"Point","coordinates":[-122.380492,47.17717]}},
{"type":"Feature","properties":{"AssetID":"DP_119610","EndPointType":"Unknown","PropertyOwner":"Public","MaintenanceGroup":"PC Other","unconfirmed_flag":true,"tbd_flag":false,"risk_score":73.6,"OVERALL_ANNUAL":50,"dist_to_employment_m":0.0},"geometry":{"type":"Point","coordinates":[-122.288709,47.1117]}},
{"type":"Feature","properties":{"AssetID":"DP_6105","EndPointType":"NPDES_PossibleDP","PropertyOwner":"Public","MaintenanceGroup":"PC SWM","unconfirmed_flag":true,"tbd_flag":false,"risk_score":73.5,"OVERALL_ANNUAL":46,"dist_to_employment_m":2276.0},"geometry":{"type":"Point","coordinates":[-122.139184,47.145465]}},
{"type":"Feature","properties":{"AssetID":"DP_93","EndPointType":"NPDES_PossibleOF","PropertyOwner":"Public","MaintenanceGroup":"PC Roads","unconfirmed_flag":true,"tbd_flag":false,"risk_score":73.4,"OVERALL_ANNUAL":29,"dist_to_employment_m":4289.0},"geometry":{"type":"Point","coordinates":[-122.341979,47.018133]}},
{"type":"Feature","properties":{"AssetID":"DP_5868","EndPointType":"NPDES_PossibleOF","PropertyOwner":"Public","MaintenanceGroup":"PC Roads","unconfirmed_flag":true,"tbd_flag":false,"risk_score":73.2,"OVERALL_ANNUAL":45,"dist_to_employment_m":2720.0},"geometry":{"type":"Point","coordinates":[-122.219268,47.081415]}},
{"type":"Feature","properties":{"AssetID":"DP_12489","EndPointType":"NPDES_PossibleOF","PropertyOwner":"Public","MaintenanceGroup":"PC Roads","unconfirmed_flag":true,"tbd_flag":false,"risk_score":73.1,"OVERALL_ANNUAL":35,"dist_to_employment_m":3527.0},"geometry":{"type":"Point","coordinates":[-122.276428,46.905421]}},
{"type":"Feature","properties":{"AssetID":"DP_66104","EndPointType":"NPDES_PossibleOF","PropertyOwner":"Public","MaintenanceGroup":"PC Roads","unconfirmed_flag":true,"tbd_flag":false,"risk_score":73.1,"OVERALL_ANNUAL":24,"dist_to_employment_m":4944.0},"geometry":{"type":"Point","coordinates":[-122.186842,47.21571]}},
{"type":"Feature","properties":{"AssetID":"DP_66475","EndPointType":"NPDES_PossibleOF","PropertyOwner":"Public","MaintenanceGroup":"PC Roads","unconfirmed_flag":true,"tbd_flag":false,"risk_score":73.1,"OVERALL_ANNUAL":24,"dist_to_employment_m":4955.0},"geometry":{"type":"Point","coordinates":[-122.191488,47.220664]}},
{"type":"Feature","properties":{"AssetID":"DP_119216","EndPointType":"Unknown","PropertyOwner":"Private","MaintenanceGroup":"Private","unconfirmed_flag":true,"tbd_flag":false,"risk_score":73.0,"OVERALL_ANNUAL":50,"dist_to_employment_m":33.0},"geometry":{"type":"Point","coordinates":[-122.291966,47.111603]}},
{"type":"Feature","properties":{"AssetID":"DP_119215","EndPointType":"Unknown","PropertyOwner":"Private","MaintenanceGroup":"Private","unconfirmed_flag":true,"tbd_flag":false,"risk_score":73.0,"OVERALL_ANNUAL":50,"dist_to_employment_m":35.0},"geometry":{"type":"Point","coordinates":[-122.292164,47.111602]}},
{"type":"Feature","properties":{"AssetID":"DP_119217","EndPointType":"Unknown","PropertyOwner":"Private","MaintenanceGroup":"Private","unconfirmed_flag":true,"tbd_flag":false,"risk_score":73.0,"OVERALL_ANNUAL":50,"dist_to_employment_m":28.0},"geometry":{"type":"Point","coordinates":[-122.291817,47.111651]}},
{"type":"Feature","properties":{"AssetID":"DP_119214","EndPointType":"Unknown","PropertyOwner":"Private","MaintenanceGroup":"Private","unconfirmed_flag":true,"tbd_flag":false,"risk_score":73.0,"OVERALL_ANNUAL":50,"dist_to_employment_m":22.0},"geometry":{"type":"Point","coordinates":[-122.29217,47.111726]}},
{"type":"Feature","properties":{"AssetID":"DP_119212","EndPointType":"Unknown","PropertyOwner":"Private","MaintenanceGroup":"Private","unconfirmed_flag":true,"tbd_flag":false,"risk_score":73.0,"OVERALL_ANNUAL":50,"dist_to_employment_m":24.0},"geometry":{"type":"Point","coordinates":[-122.29236,47.112281]}},
{"type":"Feature","properties":{"AssetID":"DP_119218","EndPointType":"Unknown","PropertyOwner":"Private","MaintenanceGroup":"Private","unconfirmed_flag":true,"tbd_flag":false,"risk_score":72.9,"OVERALL_ANNUAL":50,"dist_to_employment_m":65.0},"geometry":{"type":"Point","coordinates":[-122.292688,47.111509]}},
{"type":"Feature","properties":{"AssetID":"DP_119213","EndPointType":"Unknown","PropertyOwner":"Private","MaintenanceGroup":"Private","unconfirmed_flag":true,"tbd_flag":false,"risk_score":72.9,"OVERALL_ANNUAL":50,"dist_to_employment_m":69.0},"geometry":{"type":"Point","coordinates":[-122.292953,47.112038]}},
{"type":"Feature","properties":{"AssetID":"DP_119211","EndPointType":"Unknown","PropertyOwner":"Private","MaintenanceGroup":"Private","unconfirmed_flag":true,"tbd_flag":false,"risk_score":72.9,"OVERALL_ANNUAL":50,"dist_to_employment_m":52.0},"geometry":{"type":"Point","coordinates":[-122.29272,47.112372]}},
{"type":"Feature","properties":{"AssetID":"DP_7755","EndPointType":"NPDES_PossibleOF","PropertyOwner":"Private","MaintenanceGroup":"Private","unconfirmed_flag":true,"tbd_flag":false,"risk_score":72.9,"OVERALL_ANNUAL":24,"dist_to_employment_m":5277.0},"geometry":{"type":"Point","coordinates":[-122.184708,47.219108]}},
{"type":"Feature","properties":{"AssetID":"DP_66103","EndPointType":"NPDES_PossibleOF","PropertyOwner":"Public","MaintenanceGroup":"PC Roads","unconfirmed_flag":true,"tbd_flag":false,"risk_score":72.9,"OVERALL_ANNUAL":24,"dist_to_employment_m":5106.0},"geometry":{"type":"Point","coordinates":[-122.188087,47.219795]}},
{"type":"Feature","properties":{"AssetID":"DP_66927","EndPointType":"NPDES_PossibleOF","PropertyOwner":"Public","MaintenanceGroup":"PC Roads","unconfirmed_flag":true,"tbd_flag":false,"risk_score":72.9,"OVERALL_ANNUAL":24,"dist_to_employment_m":5048.0},"geometry":{"type":"Point","coordinates":[-122.183067,47.213085]}},
{"type":"Feature","properties":{"AssetID":"DP_119221","EndPointType":"Unknown","PropertyOwner":"Private","MaintenanceGroup":"Private","unconfirmed_flag":true,"tbd_flag":false,"risk_score":72.8,"OVERALL_ANNUAL":50,"dist_to_employment_m":89.0},"geometry":{"type":"Point","coordinates":[-122.292964,47.111399]}},
{"type":"Feature","properties":{"AssetID":"DP_119219","EndPointType":"Unknown","PropertyOwner":"Private","MaintenanceGroup":"Private","unconfirmed_flag":true,"tbd_flag":false,"risk_score":72.8,"OVERALL_ANNUAL":50,"dist_to_employment_m":74.0},"geometry":{"type":"Point","coordinates":[-122.292766,47.111448]}},
{"type":"Feature","properties":{"AssetID":"DP_119220","EndPointType":"Unknown","PropertyOwner":"Private","MaintenanceGroup":"Private","unconfirmed_flag":true,"tbd_flag":false,"risk_score":72.8,"OVERALL_ANNUAL":50,"dist_to_employment_m":81.0},"geometry":{"type":"Point","coordinates":[-122.292962,47.111527]}},
{"type":"Feature","properties":{"AssetID":"DP_5029","EndPointType":"NPDES_PossibleOF","PropertyOwner":"Public","MaintenanceGroup":"PC Roads","unconfirmed_flag":true,"tbd_flag":false,"risk_score":72.8,"OVERALL_ANNUAL":50,"dist_to_employment_m":1192.0},"geometry":{"type":"Point","coordinates":[-122.259566,47.127894]}},
{"type":"Feature","properties":{"AssetID":"DP_5850","EndPointType":"NPDES_PossibleDP","PropertyOwner":"Public","MaintenanceGroup":"PC Roads","unconfirmed_flag":true,"tbd_flag":false,"risk_score":72.8,"OVERALL_ANNUAL":50,"dist_to_employment_m":1840.0},"geometry":{"type":"Point","coordinates":[-122.248443,47.10006]}},
{"type":"Feature","properties":{"AssetID":"DP_66102","EndPointType":"NPDES_PossibleDP","PropertyOwner":"Public","MaintenanceGroup":"PC Roads","unconfirmed_flag":true,"tbd_flag":false,"risk_score":72.8,"OVERALL_ANNUAL":24,"dist_to_employment_m":5122.0},"geometry":{"type":"Point","coordinates":[-122.1863,47.21821]}},
{"type":"Feature","properties":{"AssetID":"DP_119667","EndPointType":"Unknown","PropertyOwner":"Public","MaintenanceGroup":"PC Roads","unconfirmed_flag":true,"tbd_flag":false,"risk_score":72.7,"OVERALL_ANNUAL":50,"dist_to_employment_m":115.0},"geometry":{"type":"Point","coordinates":[-122.274048,47.118558]}},
{"type":"Feature","properties":{"AssetID":"DP_119208","EndPointType":"Unknown","PropertyOwner":"Private","MaintenanceGroup":"Private","unconfirmed_flag":true,"tbd_flag":false,"risk_score":72.6,"OVERALL_ANNUAL":50,"dist_to_employment_m":119.0},"geometry":{"type":"Point","coordinates":[-122.291849,47.113392]}},
{"type":"Feature","properties":{"AssetID":"DP_5683","EndPointType":"NPDES_PossibleDP","PropertyOwner":"Private","MaintenanceGroup":"Private","unconfirmed_flag":true,"tbd_flag":false,"risk_score":72.5,"OVERALL_ANNUAL":64,"dist_to_employment_m":279.0},"geometry":{"type":"Point","coordinates":[-122.427113,47.089296]}},
{"type":"Feature","properties":{"AssetID":"DP_117612","EndPointType":"Unknown","PropertyOwner":"Private","MaintenanceGroup":"Private","unconfirmed_flag":true,"tbd_flag":false,"risk_score":72.5,"OVERALL_ANNUAL":29,"dist_to_employment_m":2006.0},"geometry":{"type":"Point","coordinates":[-122.3228,47.120308]}},
{"type":"Feature","properties":{"AssetID":"DP_5022","EndPointType":"NPDES_PossibleOF","PropertyOwner":"Public","MaintenanceGroup":"PC Roads","unconfirmed_flag":true,"tbd_flag":false,"risk_score":72.5,"OVERALL_ANNUAL":50,"dist_to_employment_m":1261.0},"geometry":{"type":"Point","coordinates":[-122.259909,47.127029]}},
{"type":"Feature","properties":{"AssetID":"DP_CLC_1292","EndPointType":"NPDES_PossibleOF","PropertyOwner":"Public","MaintenanceGroup":"PC Roads","unconfirmed_flag":true,"tbd_flag":false,"risk_score":72.5,"OVERALL_ANNUAL":45,"dist_to_employment_m":2979.0},"geometry":{"type":"Point","coordinates":[-122.307869,47.060497]}},
{"type":"Feature","properties":{"AssetID":"DP_5669","EndPointType":"NPDES_PossibleDP","PropertyOwner":"Private","MaintenanceGroup":"Private","unconfirmed_flag":true,"tbd_flag":false,"risk_score":72.4,"OVERALL_ANNUAL":64,"dist_to_employment_m":288.0},"geometry":{"type":"Point","coordinates":[-122.42709,47.091519]}},
{"type":"Feature","properties":{"AssetID":"DP_2260","EndPointType":"NPDES_PossibleOF","PropertyOwner":"Public","MaintenanceGroup":"PC Roads","unconfirmed_flag":true,"tbd_flag":false,"risk_score":72.4,"OVERALL_ANNUAL":61,"dist_to_employment_m":484.0},"geometry":{"type":"Point","coordinates":[-122.413045,47.188465]}},
{"type":"Feature","properties":{"AssetID":"DP_2261","EndPointType":"NPDES_PossibleOF","PropertyOwner":"Public","MaintenanceGroup":"PC Roads","unconfirmed_flag":true,"tbd_flag":false,"risk_score":72.4,"OVERALL_ANNUAL":61,"dist_to_employment_m":484.0},"geometry":{"type":"Point","coordinates":[-122.413045,47.188465]}},
{"type":"Feature","properties":{"AssetID":"DP_2262","EndPointType":"NPDES_PossibleOF","PropertyOwner":"Public","MaintenanceGroup":"PC Roads","unconfirmed_flag":true,"tbd_flag":false,"risk_score":72.4,"OVERALL_ANNUAL":61,"dist_to_employment_m":484.0},"geometry":{"type":"Point","coordinates":[-122.413045,47.188465]}},
{"type":"Feature","properties":{"AssetID":"DP_5011","EndPointType":"NPDES_PossibleOF","PropertyOwner":"Public","MaintenanceGroup":"PC Roads","unconfirmed_flag":true,"tbd_flag":false,"risk_score":72.3,"OVERALL_ANNUAL":50,"dist_to_employment_m":1307.0},"geometry":{"type":"Point","coordinates":[-122.261272,47.126702]}},
{"type":"Feature","properties":{"AssetID":"DP_5028","EndPointType":"NPDES_PossibleOF","PropertyOwner":"Public","MaintenanceGroup":"PC Roads","unconfirmed_flag":true,"tbd_flag":false,"risk_score":72.2,"OVERALL_ANNUAL":50,"dist_to_employment_m":1322.0},"geometry":{"type":"Point","coordinates":[-122.261425,47.127848]}},
{"type":"Feature","properties":{"AssetID":"DP_5918","EndPointType":"NPDES_PossibleOF","PropertyOwner":"Public","MaintenanceGroup":"PC Roads","unconfirmed_flag":true,"tbd_flag":false,"risk_score":72.2,"OVERALL_ANNUAL":46,"dist_to_employment_m":2673.0},"geometry":{"type":"Point","coordinates":[-122.145098,47.158641]}},
{"type":"Feature","properties":{"AssetID":"DP_9902","EndPointType":"NPDES_PossibleDP","PropertyOwner":"Private","MaintenanceGroup":"Private","unconfirmed_flag":true,"tbd_flag":false,"risk_score":72.1,"OVERALL_ANNUAL":28,"dist_to_employment_m":8598.0},"geometry":{"type":"Point","coordinates":[-122.477163,46.995319]}},
{"type":"Feature","properties":{"AssetID":"DP_1690","EndPointType":"NPDES_PossibleOF","PropertyOwner":"Public","MaintenanceGroup":"PC Roads","unconfirmed_flag":true,"tbd_flag":false,"risk_score":72.1,"OVERALL_ANNUAL":60,"dist_to_employment_m":816.0},"geometry":{"type":"Point","coordinates":[-122.396971,47.140372]}},
{"type":"Feature","properties":{"AssetID":"DP_1691","EndPointType":"NPDES_PossibleOF","PropertyOwner":"Public","MaintenanceGroup":"PC Roads","unconfirmed_flag":true,"tbd_flag":false,"risk_score":72.1,"OVERALL_ANNUAL":60,"dist_to_employment_m":820.0},"geometry":{"type":"Point","coordinates":[-122.39677,47.140371]}},
{"type":"Feature","properties":{"AssetID":"DP_1692","EndPointType":"NPDES_PossibleOF","PropertyOwner":"Public","MaintenanceGroup":"PC Roads","unconfirmed_flag":true,"tbd_flag":false,"risk_score":72.1,"OVERALL_ANNUAL":60,"dist_to_employment_m":826.0},"geometry":{"type":"Point","coordinates":[-122.396576,47.140361]}},
{"type":"Feature","properties":{"AssetID":"DP_5997","EndPointType":"NPDES_PossibleDP","PropertyOwner":"Public","MaintenanceGroup":"PC Roads","unconfirmed_flag":true,"tbd_flag":false,"risk_score":72.1,"OVERALL_ANNUAL":46,"dist_to_employment_m":2731.0},"geometry":{"type":"Point","coordinates":[-122.132201,47.148297]}},
{"type":"Feature","properties":{"AssetID":"DP_117611","EndPointType":"Unknown","PropertyOwner":"Private","MaintenanceGroup":"Private","unconfirmed_flag":true,"tbd_flag":false,"risk_score":72.0,"OVERALL_ANNUAL":29,"dist_to_employment_m":2169.0},"geometry":{"type":"Point","coordinates":[-122.315483,47.123493]}},
{"type":"Feature","properties":{"AssetID":"DP_5699","EndPointType":"NPDES_PossibleOF","PropertyOwner":"Public","MaintenanceGroup":"PC Roads","unconfirmed_flag":true,"tbd_flag":false,"risk_score":72.0,"OVERALL_ANNUAL":64,"dist_to_employment_m":0.0},"geometry":{"type":"Point","coordinates":[-122.43222,47.081737]}},
{"type":"Feature","properties":{"AssetID":"DP_6433","EndPointType":"NPDES_PossibleOF","PropertyOwner":"Public","MaintenanceGroup":"PC Roads","unconfirmed_flag":true,"tbd_flag":false,"risk_score":72.0,"OVERALL_ANNUAL":49,"dist_to_employment_m":2445.0},"geometry":{"type":"Point","coordinates":[-122.211919,47.169786]}},
{"type":"Feature","properties":{"AssetID":"DP_10513","EndPointType":"NPDES_PossibleOF","PropertyOwner":"Private","MaintenanceGroup":"Private","unconfirmed_flag":true,"tbd_flag":false,"risk_score":71.9,"OVERALL_ANNUAL":23,"dist_to_employment_m":11538.0},"geometry":{"type":"Point","coordinates":[-122.468963,46.95524]}},
{"type":"Feature","properties":{"AssetID":"DP_10514","EndPointType":"NPDES_PossibleOF","PropertyOwner":"Private","MaintenanceGroup":"Private","unconfirmed_flag":true,"tbd_flag":false,"risk_score":71.9,"OVERALL_ANNUAL":23,"dist_to_employment_m":11538.0},"geometry":{"type":"Point","coordinates":[-122.468963,46.95524]}},
{"type":"Feature","properties":{"AssetID":"DP_9936","EndPointType":"NPDES_PossibleOF","PropertyOwner":"Public","MaintenanceGroup":"PC Roads","unconfirmed_flag":true,"tbd_flag":false,"risk_score":71.9,"OVERALL_ANNUAL":28,"dist_to_employment_m":6874.0},"geometry":{"type":"Point","coordinates":[-122.442991,46.993923]}},
{"type":"Feature","properties":{"AssetID":"DP_9937","EndPointType":"NPDES_PossibleOF","PropertyOwner":"Public","MaintenanceGroup":"PC Roads","unconfirmed_flag":true,"tbd_flag":false,"risk_score":71.9,"OVERALL_ANNUAL":28,"dist_to_employment_m":6879.0},"geometry":{"type":"Point","coordinates":[-122.44312,46.993931]}},
{"type":"Feature","properties":{"AssetID":"DP_117713","EndPointType":"Unknown","PropertyOwner":"Private","MaintenanceGroup":"Private","unconfirmed_flag":true,"tbd_flag":false,"risk_score":71.8,"OVERALL_ANNUAL":50,"dist_to_employment_m":562.0},"geometry":{"type":"Point","coordinates":[-122.293705,47.118011]}},
{"type":"Feature","properties":{"AssetID":"DP_124","EndPointType":"NPDES_PossibleOF","PropertyOwner":"Public","MaintenanceGroup":"PC Roads","unconfirmed_flag":true,"tbd_flag":false,"risk_score":71.2,"OVERALL_ANNUAL":45,"dist_to_employment_m":3484.0},"geometry":{"type":"Point","coordinates":[-122.292395,46.854082]}},
{"type":"Feature","properties":{"AssetID":"DP_1409","EndPointType":"NPDES_PossibleDP","PropertyOwner":"Public","MaintenanceGroup":"PC Roads","unconfirmed_flag":true,"tbd_flag":false,"risk_score":71.2,"OVERALL_ANNUAL":61,"dist_to_employment_m":782.0},"geometry":{"type":"Point","coordinates":[-122.400317,47.178921]}},
{"type":"Feature","properties":{"AssetID":"DP_5962","EndPointType":"NPDES_PossibleOF","PropertyOwner":"Public","MaintenanceGroup":"PC Roads","unconfirmed_flag":true,"tbd_flag":false,"risk_score":71.2,"OVERALL_ANNUAL":46,"dist_to_employment_m":3019.0},"geometry":{"type":"Point","coordinates":[-122.136011,47.154749]}},
{"type":"Feature","properties":{"AssetID":"DP_5963","EndPointType":"NPDES_PossibleOF","PropertyOwner":"Public","MaintenanceGroup":"PC Roads","unconfirmed_flag":true,"tbd_flag":false,"risk_score":71.2,"OVERALL_ANNUAL":46,"dist_to_employment_m":3022.0},"geometry":{"type":"Point","coordinates":[-122.13596,47.154745]}},
{"type":"Feature","properties":{"AssetID":"DP_9715","EndPointType":"NPDES_PossibleOF","PropertyOwner":"Private","MaintenanceGroup":"Private","unconfirmed_flag":true,"tbd_flag":false,"risk_score":71.1,"OVERALL_ANNUAL":28,"dist_to_employment_m":9765.0},"geometry":{"type":"Point","coordinates":[-122.455281,46.968212]}},
{"type":"Feature","properties":{"AssetID":"DP_13574","EndPointType":"NPDES_PossibleDP","PropertyOwner":"Private","MaintenanceGroup":"Private","unconfirmed_flag":true,"tbd_flag":false,"risk_score":71.1,"OVERALL_ANNUAL":43,"dist_to_employment_m":5808.0},"geometry":{"type":"Point","coordinates":[-122.358792,46.994641]}},
{"type":"Feature","properties":{"AssetID":"DP_13394","EndPointType":"NPDES_PossibleOF","PropertyOwner":"Public","MaintenanceGroup":"PC Roads","unconfirmed_flag":true,"tbd_flag":false,"risk_score":71.1,"OVERALL_ANNUAL":43,"dist_to_employment_m":4236.0},"geometry":{"type":"Point","coordinates":[-122.368492,47.00737]}},
{"type":"Feature","properties":{"AssetID":"DP_9989","EndPointType":"NPDES_PossibleOF","PropertyOwner":"Public","MaintenanceGroup":"PC Roads","unconfirmed_flag":true,"tbd_flag":false,"risk_score":71.0,"OVERALL_ANNUAL":43,"dist_to_employment_m":4306.0},"geometry":{"type":"Point","coordinates":[-122.377832,47.005097]}},
{"type":"Feature","properties":{"AssetID":"DP_2254","EndPointType":"NPDES_PossibleOF","PropertyOwner":"Public","MaintenanceGroup":"PC Roads","unconfirmed_flag":true,"tbd_flag":false,"risk_score":70.9,"OVERALL_ANNUAL":61,"dist_to_employment_m":868.0},"geometry":{"type":"Point","coordinates":[-122.407834,47.188067]}},
{"type":"Feature","properties":{"AssetID":"DP_2255","EndPointType":"NPDES_PossibleOF","PropertyOwner":"Public","MaintenanceGroup":"PC Roads","unconfirmed_flag":true,"tbd_flag":false,"risk_score":70.9,"OVERALL_ANNUAL":61,"dist_to_employment_m":868.0},"geometry":{"type":"Point","coordinates":[-122.407834,47.188067]}},
{"type":"Feature","properties":{"AssetID":"DP_7674","EndPointType":"NPDES_PossibleOF","PropertyOwner":"Public","MaintenanceGroup":"PC Roads","unconfirmed_flag":true,"tbd_flag":false,"risk_score":70.9,"OVERALL_ANNUAL":43,"dist_to_employment_m":4355.0},"geometry":{"type":"Point","coordinates":[-122.374068,47.005218]}},
{"type":"Feature","properties":{"AssetID":"DP_TL_82","EndPointType":"NPDES_PossibleOF","PropertyOwner":"Public","MaintenanceGroup":"PC Roads","unconfirmed_flag":true,"tbd_flag":false,"risk_score":70.9,"OVERALL_ANNUAL":35,"dist_to_employment_m":5067.0},"geometry":{"type":"Point","coordinates":[-122.300089,46.910219]}},
{"type":"Feature","properties":{"AssetID":"DP_662","EndPointType":"NPDES_PossibleOF","PropertyOwner":"Public","MaintenanceGroup":"PC Roads","unconfirmed_flag":true,"tbd_flag":false,"risk_score":70.8,"OVERALL_ANNUAL":45,"dist_to_employment_m":3761.0},"geometry":{"type":"Point","coordinates":[-122.225117,47.070648]}},
{"type":"Feature","properties":{"AssetID":"DP_5661","EndPointType":"NPDES_PossibleOF","PropertyOwner":"Public","MaintenanceGroup":"PC Roads","unconfirmed_flag":true,"tbd_flag":false,"risk_score":70.8,"OVERALL_ANNUAL":64,"dist_to_employment_m":175.0},"geometry":{"type":"Point","coordinates":[-122.434839,47.091349]}},
{"type":"Feature","properties":{"AssetID":"DP_5880","EndPointType":"NPDES_PossibleOF","PropertyOwner":"Public","MaintenanceGroup":"PC Roads","unconfirmed_flag":true,"tbd_flag":false,"risk_score":70.8,"OVERALL_ANNUAL":45,"dist_to_employment_m":3782.0},"geometry":{"type":"Point","coordinates":[-122.230633,47.07193]}},
{"type":"Feature","properties":{"AssetID":"DP_7632","EndPointType":"NPDES_PossibleOF","PropertyOwner":"Public","MaintenanceGroup":"PC Roads","unconfirmed_flag":true,"tbd_flag":false,"risk_score":70.8,"OVERALL_ANNUAL":20,"dist_to_employment_m":10394.0},"geometry":{"type":"Point","coordinates":[-122.159734,46.761144]}},
{"type":"Feature","properties":{"AssetID":"DP_7633","EndPointType":"NPDES_PossibleOF","PropertyOwner":"Public","MaintenanceGroup":"PC Roads","unconfirmed_flag":true,"tbd_flag":false,"risk_score":70.8,"OVERALL_ANNUAL":20,"dist_to_employment_m":10394.0},"geometry":{"type":"Point","coordinates":[-122.159734,46.761144]}},
{"type":"Feature","properties":{"AssetID":"DP_12596","EndPointType":"NPDES_PossibleOF","PropertyOwner":"Public","MaintenanceGroup":"PC Other","unconfirmed_flag":true,"tbd_flag":false,"risk_score":70.8,"OVERALL_ANNUAL":23,"dist_to_employment_m":14346.0},"geometry":{"type":"Point","coordinates":[-122.497653,46.937997]}},
{"type":"Feature","properties":{"AssetID":"DP_1402","EndPointType":"NPDES_PossibleOF","PropertyOwner":"Public","MaintenanceGroup":"PC Roads","unconfirmed_flag":true,"tbd_flag":false,"risk_score":70.7,"OVERALL_ANNUAL":61,"dist_to_employment_m":908.0},"geometry":{"type":"Point","coordinates":[-122.41002,47.18228]}},
{"type":"Feature","properties":{"AssetID":"DP_9964","EndPointType":"NPDES_PossibleOF","PropertyOwner":"Public","MaintenanceGroup":"PC Roads","unconfirmed_flag":true,"tbd_flag":false,"risk_score":70.7,"OVERALL_ANNUAL":28,"dist_to_employment_m":7895.0},"geometry":{"type":"Point","coordinates":[-122.437624,46.980661]}},
{"type":"Feature","properties":{"AssetID":"DP_9965","EndPointType":"NPDES_PossibleOF","PropertyOwner":"Public","MaintenanceGroup":"PC Roads","unconfirmed_flag":true,"tbd_flag":false,"risk_score":70.7,"OVERALL_ANNUAL":28,"dist_to_employment_m":7903.0},"geometry":{"type":"Point","coordinates":[-122.437564,46.980559]}},
{"type":"Feature","properties":{"AssetID":"DP_5618","EndPointType":"NPDES_PossibleDP","PropertyOwner":"Private","MaintenanceGroup":"Private","unconfirmed_flag":true,"tbd_flag":false,"risk_score":70.6,"OVERALL_ANNUAL":64,"dist_to_employment_m":766.0},"geometry":{"type":"Point","coordinates":[-122.435282,47.09745]}},
{"type":"Feature","properties":{"AssetID":"DP_5619","EndPointType":"NPDES_PossibleDP","PropertyOwner":"Private","MaintenanceGroup":"Private","unconfirmed_flag":true,"tbd_flag":false,"risk_score":70.6,"OVERALL_ANNUAL":64,"dist_to_employment_m":774.0},"geometry":{"type":"Point","coordinates":[-122.435585,47.097453]}},
{"type":"Feature","properties":{"AssetID":"DP_13707","EndPointType":"NPDES_PossibleOF","PropertyOwner":"Public","MaintenanceGroup":"PC Roads","unconfirmed_flag":true,"tbd_flag":false,"risk_score":70.5,"OVERALL_ANNUAL":20,"dist_to_employment_m":10913.0},"geometry":{"type":"Point","coordinates":[-122.166511,46.761896]}},
{"type":"Feature","properties":{"AssetID":"DP_32555","EndPointType":"NPDES_PossibleDP","PropertyOwner":"Public","MaintenanceGroup":"PC SWM","unconfirmed_flag":true,"tbd_flag":false,"risk_score":70.5,"OVERALL_ANNUAL":46,"dist_to_employment_m":3266.0},"geometry":{"type":"Point","coordinates":[-122.126813,47.151953]}},
{"type":"Feature","properties":{"AssetID":"DP_613","EndPointType":"NPDES_PossibleOF","PropertyOwner":"Public","MaintenanceGroup":"PC Roads","unconfirmed_flag":true,"tbd_flag":false,"risk_score":70.3,"OVERALL_ANNUAL":45,"dist_to_employment_m":4040.0},"geometry":{"type":"Point","coordinates":[-122.25267,47.056752]}},
{"type":"Feature","properties":{"AssetID":"DP_630","EndPointType":"NPDES_PossibleOF","PropertyOwner":"Public","MaintenanceGroup":"PC Roads","unconfirmed_flag":true,"tbd_flag":false,"risk_score":70.3,"OVERALL_ANNUAL":45,"dist_to_employment_m":4036.0},"geometry":{"type":"Point","coordinates":[-122.287256,47.052858]}},
{"type":"Feature","properties":{"AssetID":"DP_9732","EndPointType":"NPDES_PossibleDP","PropertyOwner":"Public","MaintenanceGroup":"PC Roads","unconfirmed_flag":true,"tbd_flag":false,"risk_score":70.3,"OVERALL_ANNUAL":23,"dist_to_employment_m":10685.0},"geometry":{"type":"Point","coordinates":[-122.442659,46.954521]}},
{"type":"Feature","properties":{"AssetID":"DP_12634","EndPointType":"NPDES_PossibleOF","PropertyOwner":"Public","MaintenanceGroup":"PC Roads","unconfirmed_flag":true,"tbd_flag":false,"risk_score":70.3,"OVERALL_ANNUAL":23,"dist_to_employment_m":10674.0},"geometry":{"type":"Point","coordinates":[-122.430563,46.951589]}},
{"type":"Feature","properties":{"AssetID":"DP_7400","EndPointType":"NPDES_PossibleOF","PropertyOwner":"Public","MaintenanceGroup":"PC Roads","unconfirmed_flag":true,"tbd_flag":false,"risk_score":70.2,"OVERALL_ANNUAL":20,"dist_to_employment_m":11412.0},"geometry":{"type":"Point","coordinates":[-122.173012,46.762634]}},
{"type":"Feature","properties":{"AssetID":"DP_7401","EndPointType":"NPDES_PossibleOF","PropertyOwner":"Public","MaintenanceGroup":"PC Roads","unconfirmed_flag":true,"tbd_flag":false,"risk_score":70.2,"OVERALL_ANNUAL":20,"dist_to_employment_m":11449.0},"geometry":{"type":"Point","coordinates":[-122.173502,46.762565]}},
{"type":"Feature","properties":{"AssetID":"DP_2259","EndPointType":"NPDES_PossibleOF","PropertyOwner":"Public","MaintenanceGroup":"PC Roads","unconfirmed_flag":true,"tbd_flag":false,"risk_score":70.1,"OVERALL_ANNUAL":61,"dist_to_employment_m":474.0},"geometry":{"type":"Point","coordinates":[-122.413038,47.187927]}},
{"type":"Feature","properties":{"AssetID":"DP_13703","EndPointType":"NPDES_PossibleOF","PropertyOwner":"Public","MaintenanceGroup":"PC Roads","unconfirmed_flag":true,"tbd_flag":false,"risk_score":70.1,"OVERALL_ANNUAL":20,"dist_to_employment_m":11626.0},"geometry":{"type":"Point","coordinates":[-122.175808,46.762829]}},
{"type":"Feature","properties":{"AssetID":"DP_687","EndPointType":"NPDES_PossibleOF","PropertyOwner":"Public","MaintenanceGroup":"PC Roads","unconfirmed_flag":true,"tbd_flag":false,"risk_score":70.0,"OVERALL_ANNUAL":45,"dist_to_employment_m":4280.0},"geometry":{"type":"Point","coordinates":[-122.236284,47.060931]}},
{"type":"Feature","properties":{"AssetID":"DP_2199","EndPointType":"NPDES_PossibleOF","PropertyOwner":"Public","MaintenanceGroup":"PC Roads","unconfirmed_flag":true,"tbd_flag":false,"risk_score":70.0,"OVERALL_ANNUAL":51,"dist_to_employment_m":2466.0},"geometry":{"type":"Point","coordinates":[-122.427265,47.1298]}},
{"type":"Feature","properties":{"AssetID":"DP_121659","EndPointType":"Unknown","PropertyOwner":"Private","MaintenanceGroup":"Private","unconfirmed_flag":true,"tbd_flag":false,"risk_score":69.9,"OVERALL_ANNUAL":50,"dist_to_employment_m":825.0},"geometry":{"type":"Point","coordinates":[-122.230693,47.115708]}},
{"type":"Feature","properties":{"AssetID":"DP_688","EndPointType":"NPDES_PossibleOF","PropertyOwner":"Public","MaintenanceGroup":"PC Roads","unconfirmed_flag":true,"tbd_flag":false,"risk_score":69.9,"OVERALL_ANNUAL":45,"dist_to_employment_m":4318.0},"geometry":{"type":"Point","coordinates":[-122.236405,47.060422]}},
{"type":"Feature","properties":{"AssetID":"DP_7959","EndPointType":"NPDES_PossibleOF","PropertyOwner":"Public","MaintenanceGroup":"PC Roads","unconfirmed_flag":true,"tbd_flag":false,"risk_score":69.9,"OVERALL_ANNUAL":45,"dist_to_employment_m":4318.0},"geometry":{"type":"Point","coordinates":[-122.236405,47.060422]}},
{"type":"Feature","properties":{"AssetID":"DP_7679","EndPointType":"NPDES_PossibleOF","PropertyOwner":"Public","MaintenanceGroup":"PC Roads","unconfirmed_flag":true,"tbd_flag":false,"risk_score":69.8,"OVERALL_ANNUAL":43,"dist_to_employment_m":5174.0},"geometry":{"type":"Point","coordinates":[-122.359803,47.00045]}},
{"type":"Feature","properties":{"AssetID":"DP_120816","EndPointType":"Unknown","PropertyOwner":"Private","MaintenanceGroup":"Private","unconfirmed_flag":true,"tbd_flag":false,"risk_score":69.7,"OVERALL_ANNUAL":50,"dist_to_employment_m":882.0},"geometry":{"type":"Point","coordinates":[-122.260282,47.112446]}},
{"type":"Feature","properties":{"AssetID":"DP_121660","EndPointType":"Unknown","PropertyOwner":"Private","MaintenanceGroup":"Private","unconfirmed_flag":true,"tbd_flag":false,"risk_score":69.7,"OVERALL_ANNUAL":50,"dist_to_employment_m":863.0},"geometry":{"type":"Point","coordinates":[-122.231267,47.115853]}},
{"type":"Feature","properties":{"AssetID":"DP_6318","EndPointType":"NPDES_PossibleOF","PropertyOwner":"Public","MaintenanceGroup":"PC Roads","unconfirmed_flag":true,"tbd_flag":false,"risk_score":69.7,"OVERALL_ANNUAL":46,"dist_to_employment_m":3721.0},"geometry":{"type":"Point","coordinates":[-122.117403,47.152945]}},
{"type":"Feature","properties":{"AssetID":"DP_8423","EndPointType":"NPDES_PossibleOF","PropertyOwner":"Public","MaintenanceGroup":"PC Roads","unconfirmed_flag":true,"tbd_flag":false,"risk_score":69.7,"OVERALL_ANNUAL":43,"dist_to_employment_m":5285.0},"geometry":{"type":"Point","coordinates":[-122.290491,46.918008]}},
{"type":"Feature","properties":{"AssetID":"DP_1330","EndPointType":"NPDES_PossibleDP","PropertyOwner":"Private","MaintenanceGroup":"Private","unconfirmed_flag":true,"tbd_flag":false,"risk_score":69.6,"OVERALL_ANNUAL":50,"dist_to_employment_m":2022.0},"geometry":{"type":"Point","coordinates":[-122.299363,47.132407]}},
{"type":"Feature","properties":{"AssetID":"DP_11369","EndPointType":"NPDES_PossibleOF","PropertyOwner":"Private","MaintenanceGroup":"Private","unconfirmed_flag":true,"tbd_flag":false,"risk_score":69.6,"OVERALL_ANNUAL":53,"dist_to_employment_m":2639.0},"geometry":{"type":"Point","coordinates":[-122.611428,47.321694]}},
{"type":"Feature","properties":{"AssetID":"DP_HC_93","EndPointType":"NPDES_PossibleOF","PropertyOwner":"Public","MaintenanceGroup":"PC Roads","unconfirmed_flag":true,"tbd_flag":false,"risk_score":69.6,"OVERALL_ANNUAL":23,"dist_to_employment_m":11902.0},"geometry":{"type":"Point","coordinates":[-122.442347,46.942667]}},
{"type":"Feature","properties":{"AssetID":"DP_7696","EndPointType":"NPDES_PossibleOF","PropertyOwner":"Private","MaintenanceGroup":"Private","unconfirmed_flag":true,"tbd_flag":false,"risk_score":69.5,"OVERALL_ANNUAL":43,"dist_to_employment_m":7100.0},"geometry":{"type":"Point","coordinates":[-122.35158,46.984053]}},
{"type":"Feature","properties":{"AssetID":"DP_2492","EndPointType":"NPDES_PossibleOF","PropertyOwner":"Public","MaintenanceGroup":"PC Roads","unconfirmed_flag":true,"tbd_flag":false,"risk_score":69.5,"OVERALL_ANNUAL":66,"dist_to_employment_m":48.0},"geometry":{"type":"Point","coordinates":[-122.462914,47.155565]}},
{"type":"Feature","properties":{"AssetID":"DP_71707","EndPointType":"NPDES_PossibleOF","PropertyOwner":"Public","MaintenanceGroup":"PC Roads","unconfirmed_flag":true,"tbd_flag":false,"risk_score":69.5,"OVERALL_ANNUAL":49,"dist_to_employment_m":2431.0},"geometry":{"type":"Point","coordinates":[-122.21235,47.169539]}},
{"type":"Feature","properties":{"AssetID":"DP_71708","EndPointType":"NPDES_PossibleOF","PropertyOwner":"Public","MaintenanceGroup":"PC Roads","unconfirmed_flag":true,"tbd_flag":false,"risk_score":69.5,"OVERALL_ANNUAL":49,"dist_to_employment_m":2420.0},"geometry":{"type":"Point","coordinates":[-122.212497,47.169559]}},
{"type":"Feature","properties":{"AssetID":"DP_HC_353","EndPointType":"NPDES_PossibleOF","PropertyOwner":"Public","MaintenanceGroup":"PC Roads","unconfirmed_flag":true,"tbd_flag":false,"risk_score":69.4,"OVERALL_ANNUAL":23,"dist_to_employment_m":12343.0},"geometry":{"type":"Point","coordinates":[-122.484218,46.953575]}},
{"type":"Feature","properties":{"AssetID":"DP_12873","EndPointType":"NPDES_PossibleOF","PropertyOwner":"Public","MaintenanceGroup":"PC Roads","unconfirmed_flag":true,"tbd_flag":false,"risk_score":69.4,"OVERALL_ANNUAL":43,"dist_to_employment_m":5458.0},"geometry":{"type":"Point","coordinates":[-122.262594,46.927541]}},
{"type":"Feature","properties":{"AssetID":"DP_2493","EndPointType":"NPDES_PossibleOF","PropertyOwner":"Public","MaintenanceGroup":"PC Roads","unconfirmed_flag":true,"tbd_flag":false,"risk_score":69.3,"OVERALL_ANNUAL":66,"dist_to_employment_m":92.0},"geometry":{"type":"Point","coordinates":[-122.462341,47.155596]}},
{"type":"Feature","properties":{"AssetID":"DP_2494","EndPointType":"NPDES_PossibleOF","PropertyOwner":"Public","MaintenanceGroup":"PC Roads","unconfirmed_flag":true,"tbd_flag":false,"risk_score":69.3,"OVERALL_ANNUAL":66,"dist_to_employment_m":94.0},"geometry":{"type":"Point","coordinates":[-122.462307,47.155634]}},
{"type":"Feature","properties":{"AssetID":"DP_117640","EndPointType":"Unknown","PropertyOwner":"Public","MaintenanceGroup":"PC Roads","unconfirmed_flag":true,"tbd_flag":false,"risk_score":69.3,"OVERALL_ANNUAL":50,"dist_to_employment_m":1150.0},"geometry":{"type":"Point","coordinates":[-122.307198,47.111628]}},
{"type":"Feature","properties":{"AssetID":"DP_121654","EndPointType":"Unknown","PropertyOwner":"Private","MaintenanceGroup":"Private","unconfirmed_flag":true,"tbd_flag":false,"risk_score":69.2,"OVERALL_ANNUAL":50,"dist_to_employment_m":999.0},"geometry":{"type":"Point","coordinates":[-122.233301,47.11993]}},
{"type":"Feature","properties":{"AssetID":"DP_CLC_2199","EndPointType":"NPDES_PossibleOF","PropertyOwner":"Public","MaintenanceGroup":"PC Roads","unconfirmed_flag":true,"tbd_flag":false,"risk_score":69.2,"OVERALL_ANNUAL":51,"dist_to_employment_m":2764.0},"geometry":{"type":"Point","coordinates":[-122.422332,47.124676]}},
{"type":"Feature","properties":{"AssetID":"DP_HC_350","EndPointType":"NPDES_PossibleOF","PropertyOwner":"Public","MaintenanceGroup":"PC Roads","unconfirmed_flag":true,"tbd_flag":false,"risk_score":69.2,"OVERALL_ANNUAL":23,"dist_to_employment_m":12781.0},"geometry":{"type":"Point","coordinates":[-122.491693,46.952503]}},
{"type":"Feature","properties":{"AssetID":"DP_2249","EndPointType":"NPDES_PossibleDP","PropertyOwner":"Public","MaintenanceGroup":"PC SWM","unconfirmed_flag":true,"tbd_flag":false,"risk_score":69.1,"OVERALL_ANNUAL":61,"dist_to_employment_m":1266.0},"geometry":{"type":"Point","coordinates":[-122.402603,47.18658]}},
{"type":"Feature","properties":{"AssetID":"DP_5996","EndPointType":"NPDES_PossibleDP","PropertyOwner":"Public","MaintenanceGroup":"PC SWM","unconfirmed_flag":true,"tbd_flag":false,"risk_score":69.1,"OVERALL_ANNUAL":46,"dist_to_employment_m":2840.0},"geometry":{"type":"Point","coordinates":[-122.132884,47.149519]}},
{"type":"Feature","properties":{"AssetID":"DP_6639","EndPointType":"NPDES_PossibleOF","PropertyOwner":"Public","MaintenanceGroup":"PC Roads","unconfirmed_flag":true,"tbd_flag":false,"risk_score":69.1,"OVERALL_ANNUAL":46,"dist_to_employment_m":4142.0},"geometry":{"type":"Point","coordinates":[-122.13345,47.170213]}},
{"type":"Feature","properties":{"AssetID":"DP_6640","EndPointType":"NPDES_PossibleOF","PropertyOwner":"Public","MaintenanceGroup":"PC Roads","unconfirmed_flag":true,"tbd_flag":false,"risk_score":69.1,"OVERALL_ANNUAL":46,"dist_to_employment_m":4136.0},"geometry":{"type":"Point","coordinates":[-122.133464,47.170137]}},
{"type":"Feature","properties":{"AssetID":"DP_9879","EndPointType":"NPDES_PossibleOF","PropertyOwner":"Public","MaintenanceGroup":"PC Roads","unconfirmed_flag":true,"tbd_flag":false,"risk_score":69.1,"OVERALL_ANNUAL":28,"dist_to_employment_m":9760.0},"geometry":{"type":"Point","coordinates":[-122.496772,46.996194]}},
{"type":"Feature","properties":{"AssetID":"DP_HC_260","EndPointType":"NPDES_PossibleOF","PropertyOwner":"Public","MaintenanceGroup":"PC Roads","unconfirmed_flag":true,"tbd_flag":false,"risk_score":69.1,"OVERALL_ANNUAL":23,"dist_to_employment_m":13058.0},"geometry":{"type":"Point","coordinates":[-122.497401,46.95244]}},
{"type":"Feature","properties":{"AssetID":"DP_HC_266","EndPointType":"NPDES_PossibleOF","PropertyOwner":"Public","MaintenanceGroup":"PC Roads","unconfirmed_flag":true,"tbd_flag":false,"risk_score":69.1,"OVERALL_ANNUAL":23,"dist_to_employment_m":12862.0},"geometry":{"type":"Point","coordinates":[-122.493368,46.952484]}},
{"type":"Feature","properties":{"AssetID":"DP_HC_267","EndPointType":"NPDES_PossibleOF","PropertyOwner":"Public","MaintenanceGroup":"PC Roads","unconfirmed_flag":true,"tbd_flag":false,"risk_score":69.1,"OVERALL_ANNUAL":23,"dist_to_employment_m":12878.0},"geometry":{"type":"Point","coordinates":[-122.493556,46.952403]}},
{"type":"Feature","properties":{"AssetID":"DP_HC_264","EndPointType":"NPDES_PossibleOF","PropertyOwner":"Public","MaintenanceGroup":"PC Roads","unconfirmed_flag":true,"tbd_flag":false,"risk_score":69.1,"OVERALL_ANNUAL":23,"dist_to_employment_m":13035.0},"geometry":{"type":"Point","coordinates":[-122.496927,46.952441]}},
{"type":"Feature","properties":{"AssetID":"DP_HC_277","EndPointType":"NPDES_PossibleOF","PropertyOwner":"Public","MaintenanceGroup":"PC Roads","unconfirmed_flag":true,"tbd_flag":false,"risk_score":69.1,"OVERALL_ANNUAL":23,"dist_to_employment_m":12981.0},"geometry":{"type":"Point","coordinates":[-122.484187,46.946541]}},
{"type":"Feature","properties":{"AssetID":"DP_45226","EndPointType":"NPDES_PossibleOF","PropertyOwner":"Private","MaintenanceGroup":"Private","unconfirmed_flag":true,"tbd_flag":false,"risk_score":69.0,"OVERALL_ANNUAL":60,"dist_to_employment_m":2106.0},"geometry":{"type":"Point","coordinates":[-122.581418,47.341776]}},
{"type":"Feature","properties":{"AssetID":"DP_1735","EndPointType":"NPDES_PossibleOF","PropertyOwner":"Public","MaintenanceGroup":"PC Roads","unconfirmed_flag":true,"tbd_flag":false,"risk_score":69.0,"OVERALL_ANNUAL":60,"dist_to_employment_m":1516.0},"geometry":{"type":"Point","coordinates":[-122.404527,47.133729]}},
{"type":"Feature","properties":{"AssetID":"DP_TL_24","EndPointType":"NPDES_PossibleOF","PropertyOwner":"Public","MaintenanceGroup":"PC Roads","unconfirmed_flag":true,"tbd_flag":false,"risk_score":69.0,"OVERALL_ANNUAL":43,"dist_to_employment_m":5832.0},"geometry":{"type":"Point","coordinates":[-122.318029,46.906106]}},
{"type":"Feature","properties":{"AssetID":"DP_12891","EndPointType":"NPDES_PossibleOF","PropertyOwner":"Public","MaintenanceGroup":"PC Roads","unconfirmed_flag":true,"tbd_flag":false,"risk_score":69.0,"OVERALL_ANNUAL":43,"dist_to_employment_m":5826.0},"geometry":{"type":"Point","coordinates":[-122.248512,46.931556]}},
{"type":"Feature","properties":{"AssetID":"DP_32556","EndPointType":"NPDES_PossibleOF","PropertyOwner":"Public","MaintenanceGroup":"PC SWM","unconfirmed_flag":true,"tbd_flag":false,"risk_score":69.0,"OVERALL_ANNUAL":61,"dist_to_employment_m":1284.0},"geometry":{"type":"Point","coordinates":[-122.392695,47.180726]}},
{"type":"Feature","properties":{"AssetID":"DP_7442","EndPointType":"NPDES_PossibleOF","PropertyOwner":"Public","MaintenanceGroup":"PC Roads","unconfirmed_flag":true,"tbd_flag":false,"risk_score":68.9,"OVERALL_ANNUAL":28,"dist_to_employment_m":10015.0},"geometry":{"type":"Point","coordinates":[-122.505181,47.000558]}},
{"type":"Feature","properties":{"AssetID":"DP_TL_22","EndPointType":"NPDES_PossibleOF","PropertyOwner":"Public","MaintenanceGroup":"PC Roads","unconfirmed_flag":true,"tbd_flag":false,"risk_score":68.9,"OVERALL_ANNUAL":43,"dist_to_employment_m":5922.0},"geometry":{"type":"Point","coordinates":[-122.318514,46.90708]}},
{"type":"Feature","properties":{"AssetID":"DP_HC_286","EndPointType":"NPDES_PossibleOF","PropertyOwner":"Public","MaintenanceGroup":"PC Roads","unconfirmed_flag":true,"tbd_flag":false,"risk_score":68.9,"OVERALL_ANNUAL":23,"dist_to_employment_m":13450.0},"geometry":{"type":"Point","coordinates":[-122.484176,46.941481]}},
{"type":"Feature","properties":{"AssetID":"DP_13764","EndPointType":"NPDES_PossibleOF","PropertyOwner":"Public","MaintenanceGroup":"PC Roads","unconfirmed_flag":true,"tbd_flag":false,"risk_score":68.9,"OVERALL_ANNUAL":28,"dist_to_employment_m":10016.0},"geometry":{"type":"Point","coordinates":[-122.505287,47.000618]}},
{"type":"Feature","properties":{"AssetID":"DP_13766","EndPointType":"NPDES_PossibleOF","PropertyOwner":"Public","MaintenanceGroup":"PC Roads","unconfirmed_flag":true,"tbd_flag":false,"risk_score":68.9,"OVERALL_ANNUAL":28,"dist_to_employment_m":10093.0},"geometry":{"type":"Point","coordinates":[-122.505165,46.999542]}},
{"type":"Feature","properties":{"AssetID":"DP_1418","EndPointType":"NPDES_PossibleOF","PropertyOwner":"Public","MaintenanceGroup":"PC Roads","unconfirmed_flag":true,"tbd_flag":false,"risk_score":68.8,"OVERALL_ANNUAL":61,"dist_to_employment_m":1312.0},"geometry":{"type":"Point","coordinates":[-122.392336,47.180826]}},
{"type":"Feature","properties":{"AssetID":"DP_SW_54","EndPointType":"NPDES_PossibleOF","PropertyOwner":"Public","MaintenanceGroup":"PC Roads","unconfirmed_flag":true,"tbd_flag":false,"risk_score":68.8,"OVERALL_ANNUAL":61,"dist_to_employment_m":1311.0},"geometry":{"type":"Point","coordinates":[-122.392504,47.180935]}},
{"type":"Feature","properties":{"AssetID":"DP_7456","EndPointType":"NPDES_PossibleOF","PropertyOwner":"Public","MaintenanceGroup":"PC Roads","unconfirmed_flag":true,"tbd_flag":false,"risk_score":68.8,"OVERALL_ANNUAL":28,"dist_to_employment_m":10319.0},"geometry":{"type":"Point","coordinates":[-122.505469,46.99618]}},
{"type":"Feature","properties":{"AssetID":"DP_7457","EndPointType":"NPDES_PossibleOF","PropertyOwner":"Public","MaintenanceGroup":"PC Roads","unconfirmed_flag":true,"tbd_flag":false,"risk_score":68.8,"OVERALL_ANNUAL":28,"dist_to_employment_m":10314.0},"geometry":{"type":"Point","coordinates":[-122.505197,46.995961]}},
{"type":"Feature","properties":{"AssetID":"DP_HC_254","EndPointType":"NPDES_PossibleOF","PropertyOwner":"Public","MaintenanceGroup":"PC Roads","unconfirmed_flag":true,"tbd_flag":false,"risk_score":68.8,"OVERALL_ANNUAL":23,"dist_to_employment_m":13754.0},"geometry":{"type":"Point","coordinates":[-122.507297,46.949978]}},
{"type":"Feature","properties":{"AssetID":"DP_HC_254","EndPointType":"NPDES_PossibleOF","PropertyOwner":"Public","MaintenanceGroup":"PC Roads","unconfirmed_flag":true,"tbd_flag":false,"risk_score":68.8,"OVERALL_ANNUAL":23,"dist_to_employment_m":13754.0},"geometry":{"type":"Point","coordinates":[-122.507297,46.949978]}},
{"type":"Feature","properties":{"AssetID":"DP_12572","EndPointType":"NPDES_PossibleOF","PropertyOwner":"Public","MaintenanceGroup":"PC Roads","unconfirmed_flag":true,"tbd_flag":false,"risk_score":68.8,"OVERALL_ANNUAL":23,"dist_to_employment_m":13681.0},"geometry":{"type":"Point","coordinates":[-122.481781,46.937999]}},
{"type":"Feature","properties":{"AssetID":"DP_6196","EndPointType":"NPDES_PossibleDP","PropertyOwner":"Public","MaintenanceGroup":"PC Roads","unconfirmed_flag":true,"tbd_flag":false,"risk_score":68.7,"OVERALL_ANNUAL":67,"dist_to_employment_m":0.0},"geometry":{"type":"Point","coordinates":[-122.239965,47.136371]}},
{"type":"Feature","properties":{"AssetID":"DP_HC_379","EndPointType":"NPDES_PossibleOF","PropertyOwner":"Public","MaintenanceGroup":"PC Roads","unconfirmed_flag":true,"tbd_flag":false,"risk_score":68.7,"OVERALL_ANNUAL":28,"dist_to_employment_m":10456.0},"geometry":{"type":"Point","coordinates":[-122.494439,46.983338]}},
{"type":"Feature","properties":{"AssetID":"DP_12653","EndPointType":"NPDES_PossibleOF","PropertyOwner":"Public","MaintenanceGroup":"PC Roads","unconfirmed_flag":true,"tbd_flag":false,"risk_score":68.7,"OVERALL_ANNUAL":23,"dist_to_employment_m":13769.0},"geometry":{"type":"Point","coordinates":[-122.442342,46.924933]}},
{"type":"Feature","properties":{"AssetID":"DP_HC_256","EndPointType":"NPDES_PossibleOF","PropertyOwner":"Public","MaintenanceGroup":"PC Roads","unconfirmed_flag":true,"tbd_flag":false,"risk_score":68.7,"OVERALL_ANNUAL":23,"dist_to_employment_m":13793.0},"geometry":{"type":"Point","coordinates":[-122.510385,46.951383]}},
{"type":"Feature","properties":{"AssetID":"DP_HC_257","EndPointType":"NPDES_PossibleOF","PropertyOwner":"Public","MaintenanceGroup":"PC Roads","unconfirmed_flag":true,"tbd_flag":false,"risk_score":68.7,"OVERALL_ANNUAL":23,"dist_to_employment_m":13800.0},"geometry":{"type":"Point","coordinates":[-122.510412,46.951319]}},
{"type":"Feature","properties":{"AssetID":"DP_2250","EndPointType":"NPDES_PossibleOF","PropertyOwner":"Public","MaintenanceGroup":"PC Roads","unconfirmed_flag":true,"tbd_flag":false,"risk_score":68.6,"OVERALL_ANNUAL":61,"dist_to_employment_m":1368.0},"geometry":{"type":"Point","coordinates":[-122.400275,47.184472]}},
{"type":"Feature","properties":{"AssetID":"DP_7451","EndPointType":"NPDES_PossibleOF","PropertyOwner":"Public","MaintenanceGroup":"PC Roads","unconfirmed_flag":true,"tbd_flag":false,"risk_score":68.6,"OVERALL_ANNUAL":28,"dist_to_employment_m":10628.0},"geometry":{"type":"Point","coordinates":[-122.510262,46.996194]}},
{"type":"Feature","properties":{"AssetID":"DP_HC_378","EndPointType":"NPDES_PossibleOF","PropertyOwner":"Public","MaintenanceGroup":"PC Roads","unconfirmed_flag":true,"tbd_flag":false,"risk_score":68.6,"OVERALL_ANNUAL":28,"dist_to_employment_m":10527.0},"geometry":{"type":"Point","coordinates":[-122.494296,46.982234]}},
{"type":"Feature","properties":{"AssetID":"DP_9892","EndPointType":"NPDES_PossibleOF","PropertyOwner":"Public","MaintenanceGroup":"PC Roads","unconfirmed_flag":true,"tbd_flag":false,"risk_score":68.6,"OVERALL_ANNUAL":28,"dist_to_employment_m":10589.0},"geometry":{"type":"Point","coordinates":[-122.494274,46.981345]}},
{"type":"Feature","properties":{"AssetID":"DP_HC_184","EndPointType":"NPDES_PossibleOF","PropertyOwner":"Public","MaintenanceGroup":"PC Roads","unconfirmed_flag":true,"tbd_flag":false,"risk_score":68.6,"OVERALL_ANNUAL":23,"dist_to_employment_m":14094.0},"geometry":{"type":"Point","coordinates":[-122.473994,46.930735]}},
{"type":"Feature","properties":{"AssetID":"DP_90773","EndPointType":"NPDES_PossibleDP","PropertyOwner":"Public","MaintenanceGroup":"PC Roads","unconfirmed_flag":true,"tbd_flag":false,"risk_score":68.6,"OVERALL_ANNUAL":46,"dist_to_employment_m":1792.0},"geometry":{"type":"Point","coordinates":[-122.15003,47.149089]}},
{"type":"Feature","properties":{"AssetID":"DP_1732","EndPointType":"NPDES_PossibleOF","PropertyOwner":"Public","MaintenanceGroup":"PC Roads","unconfirmed_flag":true,"tbd_flag":false,"risk_score":68.5,"OVERALL_ANNUAL":60,"dist_to_employment_m":1660.0},"geometry":{"type":"Point","coordinates":[-122.40261,47.132452]}},
{"type":"Feature","properties":{"AssetID":"DP_7450","EndPointType":"NPDES_PossibleOF","PropertyOwner":"Public","MaintenanceGroup":"PC Roads","unconfirmed_flag":true,"tbd_flag":false,"risk_score":68.5,"OVERALL_ANNUAL":28,"dist_to_employment_m":10796.0},"geometry":{"type":"Point","coordinates":[-122.513343,46.99621]}},
{"type":"Feature","properties":{"AssetID":"DP_12537","EndPointType":"NPDES_PossibleOF","PropertyOwner":"Public","MaintenanceGroup":"PC Roads","unconfirmed_flag":true,"tbd_flag":false,"risk_score":68.5,"OVERALL_ANNUAL":23,"dist_to_employment_m":14623.0},"geometry":{"type":"Point","coordinates":[-122.503706,46.937937]}},
{"type":"Feature","properties":{"AssetID":"DP_7447","EndPointType":"NPDES_PossibleOF","PropertyOwner":"Public","MaintenanceGroup":"PC Roads","unconfirmed_flag":true,"tbd_flag":false,"risk_score":68.4,"OVERALL_ANNUAL":28,"dist_to_employment_m":10956.0},"geometry":{"type":"Point","coordinates":[-122.516245,46.996213]}},
{"type":"Feature","properties":{"AssetID":"DP_7448","EndPointType":"NPDES_PossibleOF","PropertyOwner":"Public","MaintenanceGroup":"PC Roads","unconfirmed_flag":true,"tbd_flag":false,"risk_score":68.4,"OVERALL_ANNUAL":28,"dist_to_employment_m":10939.0},"geometry":{"type":"Point","coordinates":[-122.515947,46.996223]}},
{"type":"Feature","properties":{"AssetID":"DP_7449","EndPointType":"NPDES_PossibleOF","PropertyOwner":"Public","MaintenanceGroup":"PC Roads","unconfirmed_flag":true,"tbd_flag":false,"risk_score":68.4,"OVERALL_ANNUAL":28,"dist_to_employment_m":10939.0},"geometry":{"type":"Point","coordinates":[-122.515947,46.996223]}},
{"type":"Feature","properties":{"AssetID":"DP_12457","EndPointType":"NPDES_PossibleOF","PropertyOwner":"Public","MaintenanceGroup":"PC Roads","unconfirmed_flag":true,"tbd_flag":false,"risk_score":68.4,"OVERALL_ANNUAL":23,"dist_to_employment_m":14701.0},"geometry":{"type":"Point","coordinates":[-122.442119,46.916123]}},
{"type":"Feature","properties":{"AssetID":"DP_12458","EndPointType":"NPDES_PossibleOF","PropertyOwner":"Public","MaintenanceGroup":"PC Roads","unconfirmed_flag":true,"tbd_flag":false,"risk_score":68.4,"OVERALL_ANNUAL":23,"dist_to_employment_m":14843.0},"geometry":{"type":"Point","coordinates":[-122.443745,46.908007]}},
{"type":"Feature","properties":{"AssetID":"DP_121649","EndPointType":"Unknown","PropertyOwner":"Private","MaintenanceGroup":"Private","unconfirmed_flag":true,"tbd_flag":false,"risk_score":68.3,"OVERALL_ANNUAL":50,"dist_to_employment_m":1172.0},"geometry":{"type":"Point","coordinates":[-122.235145,47.114989]}},
{"type":"Feature","properties":{"AssetID":"DP_121632","EndPointType":"Unknown","PropertyOwner":"Private","MaintenanceGroup":"Private","unconfirmed_flag":true,"tbd_flag":false,"risk_score":68.3,"OVERALL_ANNUAL":50,"dist_to_employment_m":1172.0},"geometry":{"type":"Point","coordinates":[-122.235564,47.12102]}},
{"type":"Feature","properties":{"AssetID":"DP_46376","EndPointType":"NPDES_PossibleOF","PropertyOwner":"Private","MaintenanceGroup":"Private","unconfirmed_flag":true,"tbd_flag":false,"risk_score":68.3,"OVERALL_ANNUAL":52,"dist_to_employment_m":3766.0},"geometry":{"type":"Point","coordinates":[-122.643294,47.319988]}},
{"type":"Feature","properties":{"AssetID":"DP_6195","EndPointType":"NPDES_PossibleDP","PropertyOwner":"Public","MaintenanceGroup":"PC Roads","unconfirmed_flag":true,"tbd_flag":false,"risk_score":68.3,"OVERALL_ANNUAL":67,"dist_to_employment_m":1.0},"geometry":{"type":"Point","coordinates":[-122.240125,47.137664]}},
{"type":"Feature","properties":{"AssetID":"DP_7445","EndPointType":"NPDES_PossibleOF","PropertyOwner":"Public","MaintenanceGroup":"PC Roads","unconfirmed_flag":true,"tbd_flag":false,"risk_score":68.3,"OVERALL_ANNUAL":28,"dist_to_employment_m":11215.0},"geometry":{"type":"Point","coordinates":[-122.521437,46.996225]}},
{"type":"Feature","properties":{"AssetID":"DP_7446","EndPointType":"NPDES_PossibleOF","PropertyOwner":"Public","MaintenanceGroup":"PC Roads","unconfirmed_flag":true,"tbd_flag":false,"risk_score":68.3,"OVERALL_ANNUAL":28,"dist_to_employment_m":11174.0},"geometry":{"type":"Point","coordinates":[-122.520572,46.996216]}},
{"type":"Feature","properties":{"AssetID":"DP_HC_238","EndPointType":"NPDES_PossibleOF","PropertyOwner":"Public","MaintenanceGroup":"PC Roads","unconfirmed_flag":true,"tbd_flag":false,"risk_score":68.3,"OVERALL_ANNUAL":23,"dist_to_employment_m":15049.0},"geometry":{"type":"Point","coordinates":[-122.508059,46.935376]}},
{"type":"Feature","properties":{"AssetID":"DP_1401","EndPointType":"NPDES_PossibleDP","PropertyOwner":"Private","MaintenanceGroup":"Private","unconfirmed_flag":true,"tbd_flag":false,"risk_score":68.2,"OVERALL_ANNUAL":61,"dist_to_employment_m":974.0},"geometry":{"type":"Point","coordinates":[-122.408573,47.181133]}},
{"type":"Feature","properties":{"AssetID":"DP_6201","EndPointType":"NPDES_PossibleOF","PropertyOwner":"Public","MaintenanceGroup":"PC Parks","unconfirmed_flag":true,"tbd_flag":false,"risk_score":68.2,"OVERALL_ANNUAL":67,"dist_to_employment_m":33.0},"geometry":{"type":"Point","coordinates":[-122.237737,47.136401]}},
{"type":"Feature","properties":{"AssetID":"DP_7443","EndPointType":"NPDES_PossibleOF","PropertyOwner":"Public","MaintenanceGroup":"PC Roads","unconfirmed_flag":true,"tbd_flag":false,"risk_score":68.2,"OVERALL_ANNUAL":28,"dist_to_employment_m":11342.0},"geometry":{"type":"Point","coordinates":[-122.523979,46.996191]}},
{"type":"Feature","properties":{"AssetID":"DP_HC_201","EndPointType":"NPDES_PossibleOF","PropertyOwner":"Public","MaintenanceGroup":"PC Roads","unconfirmed_flag":true,"tbd_flag":false,"risk_score":68.2,"OVERALL_ANNUAL":23,"dist_to_employment_m":15672.0},"geometry":{"type":"Point","coordinates":[-122.512277,46.930537]}},
{"type":"Feature","properties":{"AssetID":"DP_13415","EndPointType":"NPDES_PossibleDP","PropertyOwner":"Public","MaintenanceGroup":"PC Roads","unconfirmed_flag":true,"tbd_flag":false,"risk_score":68.2,"OVERALL_ANNUAL":43,"dist_to_employment_m":6414.0},"geometry":{"type":"Point","coordinates":[-122.37197,46.98655]}},
{"type":"Feature","properties":{"AssetID":"DP_13416","EndPointType":"NPDES_PossibleDP","PropertyOwner":"Public","MaintenanceGroup":"PC Roads","unconfirmed_flag":true,"tbd_flag":false,"risk_score":68.2,"OVERALL_ANNUAL":43,"dist_to_employment_m":6440.0},"geometry":{"type":"Point","coordinates":[-122.372016,46.986306]}},
{"type":"Feature","properties":{"AssetID":"DP_120821","EndPointType":"Unknown","PropertyOwner":"Public","MaintenanceGroup":"PC Roads","unconfirmed_flag":true,"tbd_flag":false,"risk_score":68.2,"OVERALL_ANNUAL":50,"dist_to_employment_m":1199.0},"geometry":{"type":"Point","coordinates":[-122.260078,47.124576]}},
{"type":"Feature","properties":{"AssetID":"DP_121194","EndPointType":"Unknown","PropertyOwner":"Public","MaintenanceGroup":"PC Roads","unconfirmed_flag":true,"tbd_flag":false,"risk_score":68.2,"OVERALL_ANNUAL":50,"dist_to_employment_m":1197.0},"geometry":{"type":"Point","coordinates":[-122.258981,47.123561]}},
{"type":"Feature","properties":{"AssetID":"DP_9833","EndPointType":"NPDES_PossibleOF","PropertyOwner":"Private","MaintenanceGroup":"Private","unconfirmed_flag":true,"tbd_flag":false,"risk_score":68.1,"OVERALL_ANNUAL":43,"dist_to_employment_m":8351.0},"geometry":{"type":"Point","coordinates":[-122.325921,46.980163]}},
{"type":"Feature","properties":{"AssetID":"DP_7086","EndPointType":"NPDES_PossibleOF","PropertyOwner":"Public","MaintenanceGroup":"PC Roads","unconfirmed_flag":true,"tbd_flag":false,"risk_score":68.1,"OVERALL_ANNUAL":46,"dist_to_employment_m":4824.0},"geometry":{"type":"Point","coordinates":[-122.122759,47.17059]}},
{"type":"Feature","properties":{"AssetID":"DP_7444","EndPointType":"NPDES_PossibleOF","PropertyOwner":"Public","MaintenanceGroup":"PC Roads","unconfirmed_flag":true,"tbd_flag":false,"risk_score":68.1,"OVERALL_ANNUAL":28,"dist_to_employment_m":11449.0},"geometry":{"type":"Point","coordinates":[-122.526163,46.996208]}},
{"type":"Feature","properties":{"AssetID":"DP_7694","EndPointType":"NPDES_PossibleOF","PropertyOwner":"Public","MaintenanceGroup":"PC Roads","unconfirmed_flag":true,"tbd_flag":false,"risk_score":68.1,"OVERALL_ANNUAL":43,"dist_to_employment_m":6490.0},"geometry":{"type":"Point","coordinates":[-122.36887,46.986311]}},
{"type":"Feature","properties":{"AssetID":"DP_HC_207","EndPointType":"NPDES_PossibleOF","PropertyOwner":"Public","MaintenanceGroup":"PC Roads","unconfirmed_flag":true,"tbd_flag":false,"risk_score":68.1,"OVERALL_ANNUAL":23,"dist_to_employment_m":15873.0},"geometry":{"type":"Point","coordinates":[-122.516593,46.930523]}},
{"type":"Feature","properties":{"AssetID":"DP_12563","EndPointType":"NPDES_PossibleOF","PropertyOwner":"Public","MaintenanceGroup":"PC Roads","unconfirmed_flag":true,"tbd_flag":false,"risk_score":68.1,"OVERALL_ANNUAL":23,"dist_to_employment_m":15733.0},"geometry":{"type":"Point","coordinates":[-122.526262,46.937685]}},
{"type":"Feature","properties":{"AssetID":"DP_56977","EndPointType":"NPDES_PossibleOF","PropertyOwner":"Public","MaintenanceGroup":"PC Roads","unconfirmed_flag":true,"tbd_flag":false,"risk_score":68.1,"OVERALL_ANNUAL":66,"dist_to_employment_m":0.0},"geometry":{"type":"Point","coordinates":[-122.464786,47.155847]}},
{"type":"Feature","properties":{"AssetID":"DP_8445","EndPointType":"NPDES_PossibleOF","PropertyOwner":"Public","MaintenanceGroup":"PC Roads","unconfirmed_flag":true,"tbd_flag":false,"risk_score":67.9,"OVERALL_ANNUAL":43,"dist_to_employment_m":6714.0},"geometry":{"type":"Point","coordinates":[-122.320576,46.916926]}},
{"type":"Feature","properties":{"AssetID":"DP_10574","EndPointType":"NPDES_PossibleOF","PropertyOwner":"Private","MaintenanceGroup":"Private","unconfirmed_flag":true,"tbd_flag":false,"risk_score":67.8,"OVERALL_ANNUAL":43,"dist_to_employment_m":8783.0},"geometry":{"type":"Point","coordinates":[-122.363001,46.966061]}},
{"type":"Feature","properties":{"AssetID":"DP_10058","EndPointType":"NPDES_PossibleOF","PropertyOwner":"Private","MaintenanceGroup":"Private","unconfirmed_flag":true,"tbd_flag":false,"risk_score":67.8,"OVERALL_ANNUAL":43,"dist_to_employment_m":8779.0},"geometry":{"type":"Point","coordinates":[-122.310716,46.982866]}},
{"type":"Feature","properties":{"AssetID":"DP_LT_56","EndPointType":"NPDES_PossibleOF","PropertyOwner":"Public","MaintenanceGroup":"PC Roads","unconfirmed_flag":true,"tbd_flag":false,"risk_score":67.8,"OVERALL_ANNUAL":46,"dist_to_employment_m":5078.0},"geometry":{"type":"Point","coordinates":[-122.174937,47.20032]}},
{"type":"Feature","properties":{"AssetID":"DP_7087","EndPointType":"NPDES_PossibleOF","PropertyOwner":"Public","MaintenanceGroup":"PC Roads","unconfirmed_flag":true,"tbd_flag":false,"risk_score":67.8,"OVERALL_ANNUAL":46,"dist_to_employment_m":5061.0},"geometry":{"type":"Point","coordinates":[-122.118362,47.170209]}},
{"type":"Feature","properties":{"AssetID":"DP_12218","EndPointType":"NPDES_PossibleDP","PropertyOwner":"Private","MaintenanceGroup":"Private","unconfirmed_flag":true,"tbd_flag":false,"risk_score":67.7,"OVERALL_ANNUAL":60,"dist_to_employment_m":2497.0},"geometry":{"type":"Point","coordinates":[-122.587971,47.365456]}},
{"type":"Feature","properties":{"AssetID":"DP_12840","EndPointType":"NPDES_PossibleOF","PropertyOwner":"Public","MaintenanceGroup":"PC Roads","unconfirmed_flag":true,"tbd_flag":false,"risk_score":67.7,"OVERALL_ANNUAL":43,"dist_to_employment_m":6865.0},"geometry":{"type":"Point","coordinates":[-122.283285,46.936646]}},
{"type":"Feature","properties":{"AssetID":"DP_HC_491","EndPointType":"NPDES_PossibleOF","PropertyOwner":"Public","MaintenanceGroup":"PC Roads","unconfirmed_flag":true,"tbd_flag":false,"risk_score":67.7,"OVERALL_ANNUAL":28,"dist_to_employment_m":12187.0},"geometry":{"type":"Point","coordinates":[-122.519865,46.98052]}},
{"type":"Feature","properties":{"AssetID":"DP_12776","EndPointType":"NPDES_PossibleDP","PropertyOwner":"Private","MaintenanceGroup":"Private","unconfirmed_flag":true,"tbd_flag":false,"risk_score":67.6,"OVERALL_ANNUAL":43,"dist_to_employment_m":8989.0},"geometry":{"type":"Point","coordinates":[-122.33455,46.936472]}},
{"type":"Feature","properties":{"AssetID":"DP_LT_55","EndPointType":"NPDES_PossibleOF","PropertyOwner":"Public","MaintenanceGroup":"PC Roads","unconfirmed_flag":true,"tbd_flag":false,"risk_score":67.6,"OVERALL_ANNUAL":46,"dist_to_employment_m":5194.0},"geometry":{"type":"Point","coordinates":[-122.173055,47.199428]}},
{"type":"Feature","properties":{"AssetID":"DP_5542","EndPointType":"NPDES_PossibleDP","PropertyOwner":"Private","MaintenanceGroup":"Private","unconfirmed_flag":true,"tbd_flag":false,"risk_score":67.5,"OVERALL_ANNUAL":64,"dist_to_employment_m":1463.0},"geometry":{"type":"Point","coordinates":[-122.432228,47.104055]}},
{"type":"Feature","properties":{"AssetID":"DP_11922","EndPointType":"NPDES_PossibleOF","PropertyOwner":"Private","MaintenanceGroup":"Private","unconfirmed_flag":true,"tbd_flag":false,"risk_score":67.5,"OVERALL_ANNUAL":52,"dist_to_employment_m":4258.0},"geometry":{"type":"Point","coordinates":[-122.654228,47.321367]}}
]
}
