{
"type": "FeatureCollection",
"name": "watersheds",
"crs": { "type": "name", "properties": { "name": "urn:ogc:def:crs:OGC:1.3:CRS84" } },
"features": [
{"type":"Feature","properties":{},"geometry":{"type":"MultiPolygon","coordinates":[[[[-122.754553132018017,47.171887120549883],[-122.76102934714001,47.167960032799506],[-122.768503344954013,47.167003535883097],[-122.771615277905994,47.168747465380697],[-122.772818538611716,47.171200478244614],[-122.773728065787012,47.171759954085097],[-122.773057716786013,47.175462333031199],[-122.775271237858902,47.178064507834478],[-122.775283818684997,47.178065092039802],[-122.773758423219007,47.181105108521692],[-122.775941107226018,47.178944322079907],[-122.776806179809014,47.183073490798698],[-122.775829781501997,47.185195110139503],[-122.775358284110013,47.1854228148066],[-122.775082220203814,47.185054054259886],[-122.771100541853997,47.18789408668119],[-122.780490376204,47.185134559193202],[-122.783777085479997,47.185408487963407],[-122.784499712124997,47.185605308160007],[-122.777602930688019,47.186139428756803],[-122.784695782363997,47.185639105855699],[-122.790026046600005,47.18849601472089],[-122.791812950652002,47.191839331185101],[-122.791801449148792,47.191846196763429],[-122.791851699817002,47.191828162503008],[-122.793667762436982,47.19464876303811],[-122.798856083927006,47.201643546964796],[-122.793706645898666,47.201408512796831],[-122.799581765415994,47.202344258510898],[-122.799097989419963,47.202524677709903],[-122.804167636412004,47.207982742465205],[-122.807039183600637,47.217287366894702],[-122.807132637915004,47.217347173113183],[-122.807521962864016,47.215853161246393],[-122.806236653843769,47.220912723879664],[-122.80689675240302,47.22074386246139],[-122.80586622803601,47.222575712009501],[-122.809309667445007,47.224425659583289],[-122.809114055092166,47.224643616701911],[-122.811874510916013,47.226591063066998],[-122.811871820380105,47.226607957466541],[-122.814397648616222,47.227737507039997],[-122.81405388389301,47.227134999088094],[-122.820528017205021,47.229943069190192],[-122.820427238380063,47.229960875632472],[-122.822757588751998,47.233900974890098],[-122.822613910950238,47.233976273586336],[-122.824740528750993,47.235708077511092],[-122.820629544490998,47.236390179892609],[-122.822411879785534,47.234082153458786],[-122.819582651909997,47.235564804488106],[-122.819369898682993,47.237626469065511],[-122.820962028817334,47.23872724871169],[-122.821181501623812,47.238628895826089],[-122.819586536791988,47.236668401257397],[-122.825765971511004,47.2361057301625],[-122.825862503479001,47.236530999647698],[-122.830435726421015,47.243813652302784],[-122.829834866356052,47.243745551055021],[-122.829882348144011,47.243771346502506],[-122.829878527088994,47.245519340660792],[-122.828212444400805,47.246419650023796],[-122.828476061949999,47.246461844237302],[-122.825366891830754,47.252686803313971],[-122.825913233831017,47.252930418009797],[-122.824443575638014,47.258203522453009],[-122.82268281799,47.262340161254194],[-122.814585104624996,47.274996367925496],[-122.812371705375682,47.273098008758602],[-122.814698041221988,47.275319739585498],[-122.810276211604005,47.274780967597302],[-122.811825930986984,47.275050203589899],[-122.805826304407006,47.282315873367502],[-122.796040601114996,47.288891747043898],[-122.794446090997013,47.291109981981897],[-122.793185389420998,47.292725964169691],[-122.792912878526081,47.292610145141538],[-122.787430527650017,47.299691772387199],[-122.787611025230007,47.298240041250999],[-122.783971002548,47.300164520191295],[-122.787084586317008,47.299663627395297],[-122.788490011009998,47.304729616938403],[-122.786192789490997,47.309139890066405],[-122.786586481173984,47.307496772858087],[-122.785494621168979,47.308333517079902],[-122.785371634585601,47.308284309103833],[-122.785621676446993,47.308432455137996],[-122.785231093736968,47.308528719806382],[-122.785327128936018,47.308513553901392],[-122.786244978352997,47.310860268083381],[-122.781113408321843,47.313983018017609],[-122.780920447281019,47.314318318332198],[-122.780833051865699,47.314329537518631],[-122.780820003310282,47.315206512977319],[-122.787274013733011,47.311241790329298],[-122.786748953699998,47.309430362584102],[-122.792577131379005,47.307005487513699],[-122.791037866829029,47.312227787601586],[-122.792063844032,47.311153543508993],[-122.794290140374983,47.31980021414649],[-122.791242256608015,47.326334229632899],[-122.79091984627712,47.327804912967551],[-122.790986444365018,47.327802222719292],[-122.790157453546996,47.332915430584592],[-122.789342160142041,47.332747698554869],[-122.791029580194007,47.333364211312102],[-122.789580892641993,47.33716437080141],[-122.784596090269005,47.33540926853729],[-122.789915235910996,47.337425948255003],[-122.788758201123002,47.339702497971203],[-122.786264682516986,47.342318301915299],[-122.789504923891997,47.337996377948798],[-122.776771541330987,47.337089320267594],[-122.767225068892003,47.339217684849096],[-122.764446696303011,47.336595934840105],[-122.767286938235003,47.339384318874998],[-122.764222753069021,47.341298276796209],[-122.763792603240617,47.341109371452099],[-122.76295412777641,47.34553228154693],[-122.764382132870011,47.341453656046809],[-122.765972559360009,47.341782064321507],[-122.764391246346989,47.343165756617793],[-122.772183810448013,47.340951978426602],[-122.776405463022996,47.342516913838701],[-122.780437814857009,47.341643054093005],[-122.787571276841007,47.343572016941692],[-122.78754669103526,47.343580373291978],[-122.794018519334003,47.345844796186306],[-122.796301157141997,47.347185199555703],[-122.796703668517011,47.348643553162503],[-122.795314531555988,47.349754223764201],[-122.795390338925003,47.347543651861606],[-122.790883324738019,47.351998370726783],[-122.791050871457983,47.3557511764106],[-122.785411982353082,47.3558794639601],[-122.785420393145998,47.355992357276492],[-122.789307129481983,47.356502408772698],[-122.786124519457999,47.357924900473797],[-122.787900962310999,47.3603446032402],[-122.785866315313996,47.362321336430405],[-122.778621602168982,47.363858158607194],[-122.786145868259993,47.362362273852291],[-122.783148182433465,47.367961665144882],[-122.784231028923003,47.366588827822206],[-122.784747131440582,47.367065857877812],[-122.784712944796013,47.366878578913301],[-122.788580616222021,47.3623520448878],[-122.792378295346012,47.3610223452173],[-122.788910439353003,47.36155668184611],[-122.791634482763001,47.360537346127295],[-122.797096707444993,47.360564986228198],[-122.801071974278997,47.358439309111198],[-122.801153152705993,47.36781916806919],[-122.801301901416949,47.387178402929507],[-122.805432129786979,47.386956904529491],[-122.798944652702986,47.398042158289897],[-122.802164669668002,47.402254966712903],[-122.798640571869015,47.407684804697098],[-122.792581386088017,47.41101952170861],[-122.78796432643,47.420107618402497],[-122.783695461982006,47.42037894676281],[-122.771663970833998,47.437463845159989],[-122.768017356257005,47.437152604912292],[-122.764817835672005,47.440182880534508],[-122.759742684770004,47.440747095906197],[-122.757802103743998,47.442803170579701],[-122.754707121399008,47.440979594212202],[-122.750863466327004,47.442807157847497],[-122.746216726146997,47.441288993982006],[-122.744501135443016,47.442731057948393],[-122.742669353858986,47.446399866389001],[-122.744398461078006,47.450221167263301],[-122.739128182583016,47.459715545650297],[-122.740135581428021,47.4627537218662],[-122.732179775464999,47.464427430294201],[-122.731047761406998,47.466997907152098],[-122.729075713388013,47.466361505678307],[-122.729629050734005,47.469029838143499],[-122.72614492039898,47.469473729797087],[-122.718987565342999,47.480765625785388],[-122.720028597763985,47.482838948638395],[-122.717880200755985,47.483046844078693],[-122.718294325913007,47.48563867633441],[-122.712644356280009,47.487904598989083],[-122.709946592376014,47.486460560954193],[-122.712984108843003,47.480814031794701],[-122.707802032624997,47.4761888492867],[-122.71036957714901,47.472253335598886],[-122.713882582642995,47.470999962587094],[-122.710776816649002,47.469018915742907],[-122.713365014394981,47.465482833437299],[-122.711877974532996,47.463862272304603],[-122.705170170033,47.463946918288698],[-122.719610620340987,47.440309723535982],[-122.719610619665801,47.440309723360947],[-122.707250227102008,47.458369655589593],[-122.70340695968801,47.467885239644509],[-122.696883845152982,47.476794327037204],[-122.69342543323198,47.477341245931996],[-122.691106225042006,47.47645749310729],[-122.691978310670009,47.473134222741898],[-122.697226688910987,47.465389165574308],[-122.690615180997014,47.461285929013997],[-122.692995097921994,47.458338625034003],[-122.690196142939001,47.457309448497384],[-122.690634884081121,47.45539744235947],[-122.685423663734994,47.4580234364308],[-122.681167131524006,47.462745225412093],[-122.66835268631101,47.461528584396795],[-122.673035003069998,47.45368415724279],[-122.673283072087997,47.450402558357908],[-122.670036038974004,47.446970774754391],[-122.672420972588,47.444523440841316],[-122.668006643519021,47.443947281460801],[-122.66667652611801,47.445484737811491],[-122.662377168967012,47.443947605857296],[-122.657386944975997,47.448018720940496],[-122.657106369752015,47.446298855525491],[-122.652325377075996,47.444447587030893],[-122.651181237506009,47.440880469338992],[-122.656106637666994,47.436615578726496],[-122.660395068265984,47.4294119239282],[-122.659747280049999,47.427286082218501],[-122.660821310412615,47.427191140143265],[-122.66059186984802,47.425162176673901],[-122.667859666111994,47.415837772481204],[-122.661022994949988,47.414081073239103],[-122.660094347409995,47.410730917191586],[-122.654323722236001,47.407236650385798],[-122.644543621297998,47.40789034995241],[-122.645995681349405,47.403226462020484],[-122.641108722782988,47.40200648068889],[-122.638834519664144,47.402160121026903],[-122.643410336860995,47.403372587920103],[-122.634880447875005,47.403338932511602],[-122.636753757306678,47.402300652593432],[-122.635102931207996,47.402412119497896],[-122.634107727905018,47.399808535603682],[-122.635998527389987,47.398689313951493],[-122.637339644522228,47.399956318579044],[-122.636020573361009,47.398514003184005],[-122.641269835005005,47.398658914640301],[-122.638019556591985,47.3981219938469],[-122.635825516035013,47.398469466396193],[-122.637021105807321,47.396538060236644],[-122.636970547340013,47.396521644621608],[-122.637034801152012,47.394993100349204],[-122.636474915987009,47.392112137463691],[-122.636927313515997,47.389972507490796],[-122.637655094891386,47.3898946920025],[-122.637063837244,47.386312005428884],[-122.639173443522878,47.383008437955468],[-122.639100808604994,47.382978562024093],[-122.641180060060009,47.379917699298893],[-122.628689512302003,47.383606254438206],[-122.633751062521995,47.381639845317707],[-122.639835696803004,47.379910436869608],[-122.64182582181401,47.378976930431101],[-122.642537769519649,47.378767600808857],[-122.652118988384018,47.375227323104703],[-122.653273170305397,47.376592414714203],[-122.652355671161004,47.375338641690085],[-122.654690791562984,47.374350026516289],[-122.659445070744013,47.378051656123603],[-122.654681332359985,47.374283536222492],[-122.667248979036017,47.370971167529383],[-122.672405979334997,47.36792020884279],[-122.676401219154997,47.367051323635692],[-122.676482989705832,47.367138085352927],[-122.683788721895979,47.365043241199999],[-122.6829527867406,47.366051197237837],[-122.688225808469227,47.365185805699262],[-122.683758774937004,47.365222354179693],[-122.688729127429013,47.360332473811688],[-122.693563975752014,47.359957830661692],[-122.698815718472005,47.370183071201794],[-122.702098555833999,47.370531895248298],[-122.699410439773018,47.369046484935801],[-122.696748465447982,47.361934129250784],[-122.696774260525004,47.353754541998697],[-122.692098342641003,47.357320932071993],[-122.693776237463013,47.355038749941691],[-122.697038464133001,47.353308150494193],[-122.69945835286569,47.352683470316897],[-122.699399450063012,47.352472964821004],[-122.707042799931017,47.348944162797686],[-122.711144037929003,47.3439605510032],[-122.715061823385895,47.342886550483733],[-122.715504941144999,47.342432255020498],[-122.71579952351108,47.342681613621849],[-122.722759941896982,47.339732821247999],[-122.728759159311011,47.338082978089204],[-122.730681400757007,47.346556789995297],[-122.732259318977015,47.344839714479001],[-122.735591065875013,47.345000453358381],[-122.730205181862004,47.340641841971198],[-122.730636357367018,47.337555627027896],[-122.730799407442007,47.334758664636006],[-122.730972419596,47.331861237368585],[-122.72858447197801,47.331432667971093],[-122.729998312225021,47.333343862228702],[-122.728115088495016,47.332781470976791],[-122.728622924163872,47.329725133203517],[-122.727638763301016,47.330730163144501],[-122.731414458473012,47.322378181367498],[-122.732787011117765,47.318874273553519],[-122.731732687236018,47.318995523958101],[-122.741904439289996,47.308082076274701],[-122.742207202174953,47.308142812688587],[-122.742050352088,47.30788869902829],[-122.745662503097435,47.308225061827279],[-122.742540188180996,47.307876339397893],[-122.743458885335016,47.303758681925302],[-122.752887681660113,47.289755816192489],[-122.752283258125004,47.289446151037602],[-122.753129961926021,47.28655215112741],[-122.752487550731018,47.281042750827893],[-122.760934071983002,47.273805141324097],[-122.763377836346365,47.277037826040363],[-122.763080791947999,47.275464698254602],[-122.761259892910999,47.273542456186206],[-122.768925288036016,47.267958726071392],[-122.769556609701255,47.268038185514541],[-122.770224655862378,47.267628743147604],[-122.763216543446006,47.268920974064898],[-122.765767076938005,47.267560332851794],[-122.765635599749245,47.266835253294254],[-122.762205022581014,47.26930280384169],[-122.755083288969004,47.26675526994849],[-122.763173105741913,47.257823771337584],[-122.759456706435174,47.257073571935862],[-122.761751763091993,47.258348889632906],[-122.753814714566005,47.268036426036886],[-122.753184850186074,47.268033160543915],[-122.754855988168501,47.26882911146209],[-122.753912350080014,47.268060171335392],[-122.755156864613994,47.266803223346109],[-122.761185525562013,47.269152581779601],[-122.756662221034986,47.272251310431692],[-122.753688963306985,47.271501147750492],[-122.756433946678982,47.270114871546092],[-122.756028514036245,47.269784522913028],[-122.749896837839017,47.2735687298889],[-122.747209783872009,47.272338993723992],[-122.749255710505636,47.268012711996697],[-122.749202090555002,47.268012432008803],[-122.749886659444996,47.2634276440915],[-122.754289036200021,47.261783513485803],[-122.756073075522011,47.256611269500191],[-122.757517980134111,47.256682160724303],[-122.756499195013006,47.2564764618132],[-122.758297664973,47.255115121297301],[-122.757996750247017,47.254031424744298],[-122.753236198547015,47.257338066010803],[-122.752850017740286,47.256279353278536],[-122.753585493437001,47.259062330067408],[-122.744878053803006,47.260384031684296],[-122.742258464505994,47.259424412929299],[-122.737870559171,47.264553124734903],[-122.74593527793202,47.254402545848592],[-122.744020113777992,47.255876438330588],[-122.742966458951003,47.254393978640415],[-122.744137855816021,47.256536052725892],[-122.736834056616004,47.265198347570397],[-122.738328552404994,47.254594776757799],[-122.737783450743009,47.252317606457396],[-122.741780635185236,47.252116898916803],[-122.740902197998011,47.251619443544392],[-122.737285649775998,47.252327522648301],[-122.736649191254017,47.250973920602391],[-122.738194894863668,47.250809765115036],[-122.731185052637016,47.245752152390295],[-122.731288716168223,47.245644791170839],[-122.731136227161997,47.245739286609201],[-122.728037911430988,47.243969273916498],[-122.72801441180512,47.243086910519885],[-122.721541024139995,47.250656377366006],[-122.717824551370015,47.25016753633831],[-122.723921322568003,47.243349397525392],[-122.723277870434998,47.239529612395003],[-122.725504498652001,47.234560326850996],[-122.726933809704221,47.234657919087411],[-122.724605254463015,47.23249771839879],[-122.723741108926021,47.230820706329695],[-122.724154664778055,47.230781112459169],[-122.723706960358001,47.227982564084293],[-122.724402281014122,47.228122395316113],[-122.723446617961002,47.226995194793197],[-122.720148299466018,47.226069512866793],[-122.721455277869012,47.222086262743602],[-122.720012570102,47.221101854624202],[-122.72545738001601,47.219664605680009],[-122.723759094772007,47.219348714988705],[-122.734464774392009,47.212848733825993],[-122.738431528430993,47.207922999707392],[-122.743948361785002,47.206312880349685],[-122.74503715278702,47.207941769928389],[-122.740887091551016,47.210340811881998],[-122.740849001166495,47.21044180066955],[-122.744959687982004,47.207999986256198],[-122.74667243578898,47.213377141384292],[-122.746032477456126,47.213376497700722],[-122.747640271023997,47.215266061116608],[-122.747304579474772,47.215790289733199],[-122.747007947451991,47.220641447019602],[-122.74940120550302,47.224810495222997],[-122.750052878685253,47.218481894560327],[-122.749907289224012,47.218410277433691],[-122.750768947319997,47.215675040945086],[-122.754512169354001,47.21071587287009],[-122.75563783409001,47.210375250250401],[-122.755567439974683,47.210879724868235],[-122.7578480930909,47.210693944499852],[-122.755657071485004,47.208846087213402],[-122.75690799134361,47.208090957813305],[-122.757133817869999,47.206285176528496],[-122.752100155541015,47.208245246128598],[-122.750207742794558,47.20244542772376],[-122.749950354486998,47.202432012703611],[-122.748403975504004,47.196060315767198],[-122.749257331371922,47.195990673177526],[-122.748866900079989,47.193854434172799],[-122.749267990711004,47.193587933804046],[-122.748055315002006,47.191951394583299],[-122.747472506640705,47.194359318880934],[-122.747594476512987,47.194989660955009],[-122.745348845896984,47.198764076337497],[-122.739952444527006,47.200002611934998],[-122.746812738158823,47.191744992097739],[-122.746782710717994,47.191592349371703],[-122.747087133975754,47.191030317020989],[-122.746683582271999,47.190740185263401],[-122.747961814112003,47.185492878022586],[-122.749267403375981,47.181071253514908],[-122.749249987582999,47.17780613222331],[-122.747931445616004,47.178165759038492],[-122.752203927641119,47.17647715650898],[-122.749372746577009,47.177212253389492],[-122.752373399180996,47.175950157451197],[-122.754553132018017,47.171887120549883]],[[-122.79292534078202,47.287291545304605],[-122.789479103786988,47.292217249336296],[-122.791766434080003,47.289277448224183],[-122.792142238132016,47.289295080833092],[-122.792153549701482,47.289303992140709],[-122.793457064395014,47.288273020987788],[-122.796040601114996,47.288891747043898],[-122.79292534078202,47.287291545304605]],[[-122.776626800528021,47.324384784709103],[-122.771519144380008,47.327049662032849],[-122.772064352152995,47.327794819899296],[-122.764446696303011,47.336595934840105],[-122.776626800528021,47.324384784709103]],[[-122.775303549543992,47.368758365164695],[-122.771654119984291,47.36662400754981],[-122.770555609975915,47.368050044995286],[-122.771725443177019,47.366729293611392],[-122.775476475159934,47.368942031622701],[-122.778621602168982,47.363858158607194],[-122.775303549543992,47.368758365164695]],[[-122.640763767125819,47.399156616709156],[-122.642310011874997,47.398201127003198],[-122.647526316023999,47.389154818674086],[-122.643653708349703,47.393504569828046],[-122.644743413613995,47.393715888498306],[-122.643189673148996,47.396369159004202],[-122.64310034115492,47.396349189722876],[-122.641131453476973,47.396904186425189],[-122.64272088336898,47.397068921508307],[-122.641269835005005,47.398658914640301],[-122.640763767125819,47.399156616709156]],[[-122.65352783810016,47.388822791259926],[-122.651079185092982,47.388283813284104],[-122.647526316023999,47.389154818674086],[-122.65352783810016,47.388822791259926]],[[-122.765213869540574,47.275628764461189],[-122.76683873233435,47.273576215292039],[-122.764681942085005,47.275245784689709],[-122.761259892910999,47.273542456186206],[-122.765213869540574,47.275628764461189]],[[-122.744357753547575,47.250187220816798],[-122.743222874871478,47.252044446235317],[-122.744493000763995,47.251980624701901],[-122.74593527793202,47.254402545848592],[-122.744357753547575,47.250187220816798]],[[-122.727996379398434,47.242409811812571],[-122.727946607989736,47.240540862961062],[-122.727429058103993,47.24148780114939],[-122.723921322568003,47.243349397525392],[-122.727996379398434,47.242409811812571]],[[-122.739710500876569,47.213703332188508],[-122.740041563924009,47.213440475319999],[-122.741565742760358,47.213371905423855],[-122.740375503370998,47.213370652348907],[-122.740723274336204,47.210775136553103],[-122.73967690848599,47.2135491667539],[-122.738431528430993,47.207922999707392],[-122.739710500876569,47.213703332188508]],[[-122.749707374434138,47.186192247790132],[-122.749841035470766,47.185945427744151],[-122.749748401879003,47.186095472852003],[-122.747961814112003,47.185492878022586],[-122.749707374434138,47.186192247790132]],[[-122.686860934140697,47.452624032601989],[-122.686860933892007,47.452624033254104],[-122.690679069178373,47.455204878604327],[-122.690734864550009,47.454961713868407],[-122.686860934140697,47.452624032601989]],[[-122.689312241364362,47.43800985736339],[-122.689312241207006,47.43800985769299],[-122.690887569396637,47.442063784167239],[-122.690887569538006,47.442063783796399],[-122.689312241364362,47.43800985736339]],[[-122.689624648094011,47.433001530289104],[-122.687407970588097,47.432839629209298],[-122.687407969687001,47.432839630236302],[-122.689624648128003,47.433001531111302],[-122.690550948728941,47.435414920381575],[-122.690550948885019,47.435414920054598],[-122.689624648094011,47.433001530289104]],[[-122.690484573747995,47.425824168456501],[-122.689315899966005,47.424054643174408],[-122.686412089437994,47.4245785765048],[-122.683458571939056,47.422348131332285],[-122.683437037637006,47.422404616725302],[-122.686412089483014,47.424578577600997],[-122.6893159,47.424054643996499],[-122.690484573793015,47.425824169552598],[-122.693879586391489,47.425359087777487],[-122.693879586706998,47.425359086631893],[-122.690484573747995,47.425824168456501]],[[-122.696637746380901,47.393880373740608],[-122.696628167322999,47.394272704100302],[-122.701302306132163,47.398220967646765],[-122.701302306258015,47.398220966958696],[-122.696637746380901,47.393880373740608]],[[-122.696787863672995,47.387731165552601],[-122.696651898872403,47.393300717067099],[-122.697833505247075,47.386503830961068],[-122.696787863672995,47.387731165552601]],[[-122.711322700573007,47.378951514815896],[-122.70990716882531,47.383000214972355],[-122.718296107876,47.370310976089009],[-122.711322700573007,47.378951514815896]],[[-122.715192527841012,47.370143459632708],[-122.717987281947018,47.369010951131592],[-122.715192527899219,47.370143459141914],[-122.715192527841012,47.370143459632708]],[[-122.715561200116895,47.367035718333462],[-122.715192529656591,47.370143444329017],[-122.71575780869594,47.367279750458479],[-122.715561200116895,47.367035718333462]],[[-122.711205970994016,47.366745364490093],[-122.714597528722692,47.365839564302959],[-122.714060993393986,47.365173564573702],[-122.711205970994016,47.366745364490093]],[[-122.707508791088998,47.365332811957607],[-122.707597626590101,47.365366754924231],[-122.705812885194021,47.360911524642198],[-122.707508791088998,47.365332811957607]],[[-122.702026541822264,47.359886434744467],[-122.702014492949004,47.35991465956559],[-122.705812885194021,47.360911524642198],[-122.702026541822264,47.359886434744467]],[[-122.70064510036201,47.356924279960296],[-122.70316333676098,47.357223318379503],[-122.702284296856988,47.3592826288073],[-122.703431302488795,47.356817151915742],[-122.70064510036201,47.356924279960296]],[[-122.753106626779669,47.180121646999851],[-122.756047317929003,47.179394176370991],[-122.761323045687988,47.173091133881094],[-122.759054558330007,47.174239560607298],[-122.758908246906003,47.171876044517802],[-122.758674066935001,47.175735174389601],[-122.755392292492985,47.179493303071297],[-122.753491065479992,47.176142930032597],[-122.753290039628425,47.176195130927766],[-122.754316093213021,47.179207899865197],[-122.753106626779669,47.180121646999851]],[[-122.76345849536402,47.1750033364224],[-122.761362773629656,47.172837868040155],[-122.761323045687988,47.173091133881094],[-122.76345849536402,47.1750033364224]],[[-122.761188566517006,47.176974902540792],[-122.761367762765587,47.177102774333179],[-122.76345849536402,47.1750033364224],[-122.761188566517006,47.176974902540792]],[[-122.751527683995008,47.341274294814802],[-122.74811364105102,47.340943085997694],[-122.751223781751008,47.341405731018696],[-122.758547018290997,47.338805472767483],[-122.752221748826003,47.340355186046793],[-122.752209609217218,47.340208702247864],[-122.751527683995008,47.341274294814802]],[[-122.744718961490008,47.342703787782291],[-122.744380226157318,47.343103095122594],[-122.74811364105102,47.340943085997694],[-122.744718961490008,47.342703787782291]],[[-122.756010849060004,47.334267927772707],[-122.752462925764135,47.339812851740064],[-122.756337327956317,47.336909963300556],[-122.755153404945005,47.336578133988098],[-122.756010849060004,47.334267927772707]],[[-122.752019998839316,47.336463636233994],[-122.752126659566997,47.336577939217591],[-122.756010849060004,47.334267927772707],[-122.752019998839316,47.336463636233994]],[[-122.745014842141018,47.338182906991882],[-122.745983012848114,47.336737178374847],[-122.740376537691105,47.33993793636418],[-122.740384150648993,47.339996328922098],[-122.745014842141018,47.338182906991882]],[[-122.734682598638699,47.338532664731041],[-122.734822979967021,47.338657785506001],[-122.737504199501998,47.33637521431821],[-122.740001942987007,47.337064579530299],[-122.737609350859998,47.336096792191491],[-122.738745121296688,47.334270903188944],[-122.734682598638699,47.338532664731041]],[[-122.738933129124945,47.33396864442318],[-122.741167669173066,47.330375901220215],[-122.737879094250715,47.33407105567327],[-122.738933129124945,47.33396864442318]],[[-122.744681510847215,47.32472518602826],[-122.745053387385127,47.324127082666678],[-122.744510875584993,47.3243749398533],[-122.744681510847215,47.32472518602826]],[[-122.745826538589,47.322040119293192],[-122.746148360572803,47.322365909022061],[-122.749897811868991,47.31633425365289],[-122.749783990590828,47.31633964139197],[-122.745826538589,47.322040119293192]],[[-122.744013726605999,47.315627883480694],[-122.742046395869849,47.321159790096651],[-122.742479265281005,47.321022749184884],[-122.743930842601017,47.3164527890088],[-122.744133674124953,47.316446695528299],[-122.744278084520943,47.315503664328567],[-122.738657806294,47.315554507222991],[-122.744013726605999,47.315627883480694]],[[-122.745193343763361,47.312980170698978],[-122.744999598472631,47.314105363604078],[-122.7470442095359,47.312548038915622],[-122.745416597220981,47.313341788376896],[-122.745193343763361,47.312980170698978]],[[-122.752007314012999,47.305938261518499],[-122.751067478325979,47.309483248714905],[-122.752248147083009,47.308583760596292],[-122.752203166467012,47.3030259628812],[-122.752007314012999,47.305938261518499]],[[-122.749258805386987,47.305763513513398],[-122.746532088079846,47.308306019775493],[-122.746644781005003,47.308316510932301],[-122.749258805386987,47.305763513513398]],[[-122.751956154825052,47.253828665893344],[-122.751844259665987,47.2535218686115],[-122.748398616488004,47.254514978785302],[-122.751956154825052,47.253828665893344]],[[-122.744364216121085,47.25017664442813],[-122.748289651890985,47.250158122961295],[-122.744425823775003,47.250149639435605],[-122.744377221389414,47.250155360513567],[-122.744364216121085,47.25017664442813]],[[-122.740482280359984,47.243894516767483],[-122.74727884260605,47.244978077680713],[-122.750604064057995,47.238949200149001],[-122.747162576378997,47.244767994638707],[-122.740482280359984,47.243894516767483]],[[-122.757568742722015,47.2384655925337],[-122.759427954290999,47.236737603435898],[-122.759289869046626,47.23632141589421],[-122.757568742722015,47.2384655925337]],[[-122.759118820028007,47.228496518942798],[-122.759100764627362,47.22852050768833],[-122.75944934559422,47.229308056916068],[-122.759067154205979,47.219780909186404],[-122.759118820028007,47.228496518942798]],[[-122.755290968471982,47.220552804199862],[-122.753247646094479,47.220446781525361],[-122.753880967407994,47.220840986632702],[-122.755290968471982,47.220552804199862]],[[-122.750235171596103,47.218571566001771],[-122.752485812378879,47.219972572642675],[-122.753731079136898,47.217696913998168],[-122.752212929500004,47.219544403912394],[-122.750235171596103,47.218571566001771]],[[-122.811471410066432,47.272238133028097],[-122.817207544080006,47.264341659899195],[-122.817176945044011,47.264307960717524],[-122.811442913088996,47.272210914877],[-122.811471410066432,47.272238133028097]],[[-122.81662841084642,47.263703843040261],[-122.814378334882008,47.261225593125587],[-122.814435830352807,47.261156362232263],[-122.814085043956354,47.261247821730528],[-122.81662841084642,47.263703843040261]],[[-122.801132234919635,47.267818250868672],[-122.800577575854632,47.267488006146714],[-122.800595262236001,47.267722842099303],[-122.790148150001016,47.278780253288886],[-122.801132234919635,47.267818250868672]],[[-122.788414419995007,47.278214728775097],[-122.788100535468729,47.278487034364147],[-122.790148150001016,47.278780253288886],[-122.788414419995007,47.278214728775097]],[[-122.801311749538002,47.263736251147606],[-122.800238945971657,47.262991357210147],[-122.800391338387399,47.265015061112919],[-122.801311749538002,47.263736251147606]],[[-122.80012350807236,47.261193876113531],[-122.793375951743997,47.262676415575505],[-122.800098917807247,47.261220944632065],[-122.80012350807236,47.261193876113531]],[[-122.780269446804013,47.269595828788297],[-122.784251946002371,47.271369687018151],[-122.784253164052188,47.271368526710916],[-122.780269446804013,47.269595828788297]],[[-122.774406973593429,47.270549681518609],[-122.772402481589012,47.267889980418794],[-122.771713776142036,47.267950808033007],[-122.774114613837995,47.270597241106692],[-122.774406973593429,47.270549681518609]],[[-122.77125948805201,47.267990929172129],[-122.770038120042088,47.26809878689884],[-122.770750537341996,47.268188445545903],[-122.770515583925558,47.268930889845201],[-122.77125948805201,47.267990929172129]],[[-122.790834711184985,47.2120158985473],[-122.791015718438999,47.213633234324497],[-122.790853593102014,47.209961473250708],[-122.790834711184985,47.2120158985473]],[[-122.796278253402988,47.209959237997012],[-122.799407548822003,47.206802111692902],[-122.799399659961011,47.20679361869955],[-122.795832112362007,47.2099348888433],[-122.792265178469009,47.2099395349505],[-122.792519244739765,47.209531141509835],[-122.790853593102014,47.209961473250708],[-122.796278253402988,47.209959237997012]],[[-122.788329439075881,47.211546172711088],[-122.788279951425991,47.211536893392001],[-122.783500378463003,47.213163067001702],[-122.783502632937285,47.212784800890681],[-122.781464530830334,47.214615878611163],[-122.788329439075881,47.211546172711088]],[[-122.780175778522008,47.219417320732092],[-122.780828395365702,47.215187363895609],[-122.780407576696021,47.215565406202884],[-122.780175778522008,47.219417320732092]],[[-122.770593309617993,47.239371704256897],[-122.768974741457001,47.232574096189495],[-122.769189926783,47.23559953423991],[-122.760102262961311,47.230783127967861],[-122.760338410562014,47.231316611607305],[-122.769392036369979,47.236484885954198],[-122.770593309617993,47.239371704256897]],[[-122.768575081095761,47.181640277553015],[-122.768571653233181,47.181649334400554],[-122.77234914828901,47.181402960494609],[-122.770235097555258,47.181468911101881],[-122.768575081095761,47.181640277553015]],[[-122.768309823767098,47.182341111551445],[-122.76757373835558,47.18428581539564],[-122.768528380667007,47.183911818542398],[-122.768309823767098,47.182341111551445]],[[-122.756107932176207,47.195828926219967],[-122.756057423092699,47.195905134203727],[-122.758296339770013,47.198057419332805],[-122.756107932176207,47.195828926219967]],[[-122.755292118519122,47.195497985964927],[-122.754041219276999,47.194769315321103],[-122.749910651889977,47.195937351102742],[-122.755292118519122,47.195497985964927]],[[-122.760519132195185,47.183648665013109],[-122.760634606837371,47.183494703831911],[-122.751478707892986,47.183292621989402],[-122.751411382722182,47.183401685290626],[-122.759210756513994,47.183660306586603],[-122.75810190044065,47.184379173482661],[-122.760170484971013,47.183606686084502],[-122.760519132195185,47.183648665013109]],[[-122.769088739856315,47.168905975049697],[-122.769941274958029,47.169430467040243],[-122.770054639471155,47.168845383237283],[-122.769088739856315,47.168905975049697]],[[-122.763698118261004,47.170051582888199],[-122.766218339008503,47.169085989169453],[-122.761908891472999,47.169356114197598],[-122.763698118261004,47.170051582888199]],[[-122.757596179053863,47.184707020551905],[-122.756850566804999,47.185190371635301],[-122.75505053373098,47.192478366339301],[-122.757596179053863,47.184707020551905]],[[-122.751967273251012,47.191833942049392],[-122.751886237358235,47.191903717290508],[-122.75505053373098,47.192478366339301],[-122.751967273251012,47.191833942049392]],[[-122.786791720038124,47.194836368951272],[-122.786195617629716,47.195192129298825],[-122.786712808192576,47.195154535823029],[-122.786791720038124,47.194836368951272]],[[-122.782770479823526,47.199583056463268],[-122.782252070746878,47.200453383622708],[-122.785842867253621,47.195402650812333],[-122.785454546222013,47.195634397707103],[-122.784006066841982,47.188632334834899],[-122.784627520772005,47.1966804644494],[-122.78418042577708,47.19623557340536],[-122.783136773682017,47.199206369503891],[-122.782770479823526,47.199583056463268]],[[-122.77825328584747,47.204227882054127],[-122.779387328197004,47.203750034304896],[-122.78232591447194,47.200040226977201],[-122.77825328584747,47.204227882054127]],[[-122.771456551003823,47.211214781810902],[-122.772312168293993,47.2111978957495],[-122.773464113072663,47.20915128475027],[-122.771456551003823,47.211214781810902]],[[-122.769698300749994,47.204494587380204],[-122.770137364532005,47.211240804114283],[-122.771027822787048,47.211223240582697],[-122.769698300749994,47.204494587380204]],[[-122.765920543445873,47.209737249956149],[-122.766354046463007,47.209916869527696],[-122.766935803766899,47.208973711264534],[-122.765920543445873,47.209737249956149]],[[-122.761802458881476,47.208030802057785],[-122.764382377147655,47.209099896240247],[-122.759989332423999,47.2062307272667],[-122.76189164719699,47.207963819133198],[-122.761802458881476,47.208030802057785]],[[-122.761902784487006,47.201559510479697],[-122.766042014459003,47.199917747238409],[-122.761842250269197,47.201537720749045],[-122.761902784487006,47.201559510479697]],[[-122.757619362078358,47.200466580165077],[-122.757042236748404,47.200319929090362],[-122.755708818320812,47.202725302788309],[-122.755990254017007,47.2027428816099],[-122.757619362078358,47.200466580165077]],[[-122.791132827767925,47.206825055796159],[-122.792494817088496,47.201353167739185],[-122.792337505332,47.201345982254502],[-122.791069648304017,47.206751043594792],[-122.791132827767925,47.206825055796159]],[[-122.792908623167875,47.208905230053794],[-122.793190078115984,47.208452791544005],[-122.791373985913893,47.20710756064949],[-122.792908623167875,47.208905230053794]],[[-122.784211327395241,47.20989280937129],[-122.783835695285987,47.209927172231296],[-122.78391183475496,47.210172741540461],[-122.784211327395241,47.20989280937129]],[[-122.785522590585998,47.208667143286497],[-122.783588237691646,47.207607814576726],[-122.784995282818613,47.209160037910564],[-122.785522590585998,47.208667143286497]],[[-122.783042758400967,47.204098528217244],[-122.781493949326006,47.205297238521403],[-122.782309134997007,47.206196640966191],[-122.783042758400967,47.204098528217244]],[[-122.781394559660001,47.201892941491103],[-122.783128015881246,47.203854686512713],[-122.783225986410002,47.203574481832398],[-122.781533066353248,47.201660427332932],[-122.781394559660001,47.201892941491103]],[[-122.797122370186841,47.203772922299969],[-122.798375115274197,47.202794259960889],[-122.796818223244998,47.203374848586591],[-122.797122370186841,47.203772922299969]],[[-122.760254634015013,47.210497858746585],[-122.761334641671397,47.208382141974148],[-122.75830587152268,47.210656648567436],[-122.760254634015013,47.210497858746585]],[[-122.754919076616943,47.215525716177559],[-122.755336989062997,47.214761889152904],[-122.755222976877477,47.21334815493617],[-122.754919076616943,47.215525716177559]],[[-122.790906159515018,47.228075127718398],[-122.790906159479746,47.228075127838082],[-122.790906163295602,47.228075128150017],[-122.790906159515018,47.228075127718398]],[[-122.787258198697771,47.232413289303636],[-122.781506884856014,47.234010217664888],[-122.781506884270911,47.234010218521306],[-122.787258198697771,47.232413289303636]],[[-122.771134885894583,47.244137115457519],[-122.77123755508272,47.244852963332811],[-122.771197470543015,47.24417177836721],[-122.77745588724602,47.239938930469997],[-122.777455887330362,47.239938930346554],[-122.771134885894583,47.244137115457519]],[[-122.764857580110601,47.257914637997075],[-122.771405192678998,47.24770156337609],[-122.771370326731002,47.247109124475131],[-122.765117430691461,47.256327252212614],[-122.764857580110601,47.257914637997075]],[[-122.822364999547787,47.240008560282718],[-122.822064564053576,47.239808860080771],[-122.821569117694224,47.240310053184636],[-122.822364999547787,47.240008560282718]],[[-122.820596035817019,47.241294388024144],[-122.817825119993316,47.244097101051217],[-122.818649825630999,47.244255774699901],[-122.820596035817019,47.241294388024144]],[[-122.810764735427,47.251543005415691],[-122.811011348671897,47.251521275463951],[-122.810566330659725,47.251437458833585],[-122.809996186519186,47.252013903827574],[-122.810764735427,47.251543005415691]],[[-122.80358865381308,47.257379175788003],[-122.806536331605002,47.254133627270988],[-122.807747531721631,47.253391601609401],[-122.807715218772486,47.25214001519165],[-122.80358865381308,47.257379175788003]],[[-122.806978269308999,47.246295712682802],[-122.809241997504998,47.24183438010661],[-122.808798120884333,47.240516593349284],[-122.806978268102014,47.246295712706903],[-122.810189823288013,47.2489976424894],[-122.806978269308999,47.246295712682802]],[[-122.808365652324326,47.239232610492785],[-122.808326688426476,47.239116925022159],[-122.801404044524006,47.240514376607699],[-122.808365652324326,47.239232610492785]],[[-122.800332953823755,47.234843357517164],[-122.800603779764842,47.234490967873576],[-122.800171468517831,47.233988248625437],[-122.800332953823755,47.234843357517164]],[[-122.796540700559021,47.229765718277193],[-122.795542180679021,47.228604316145606],[-122.794998727373169,47.228542292769298],[-122.796540700559021,47.229765718277193]],[[-122.76856666336397,47.241509325726753],[-122.768533563969001,47.241544235845105],[-122.768725551101497,47.241673570822023],[-122.76856666336397,47.241509325726753]],[[-122.816220211301172,47.232053232918979],[-122.816638328325226,47.23063025878465],[-122.816102277571005,47.23072495087429],[-122.815453760227555,47.22958843580971],[-122.816220211301172,47.232053232918979]],[[-122.815726335017999,47.233733936835392],[-122.816084123145203,47.23251636366679],[-122.811441808817747,47.234985673817235],[-122.811584475201997,47.235055189665893],[-122.815726335017999,47.233733936835392]],[[-122.808791493547986,47.233694211549093],[-122.811364915183944,47.234948206354012],[-122.810952333968814,47.232380950496456],[-122.810750112528993,47.233650425702699],[-122.808791493547986,47.233694211549093]],[[-122.800634487376243,47.232743729689908],[-122.800777544019383,47.234264868829868],[-122.802561778793489,47.231943126056805],[-122.801471163391994,47.233157884843685],[-122.800634487376243,47.232743729689908]],[[-122.798776945612232,47.224689057314805],[-122.798768663759986,47.224689280783686],[-122.797406790253007,47.229555988073997],[-122.797598515236643,47.229581934529293],[-122.798776945612232,47.224689057314805]],[[-122.817566977610994,47.257879228278988],[-122.817461617977727,47.257994487755688],[-122.818398321377003,47.257918455839828],[-122.817566977610994,47.257879228278988]],[[-122.774412408363133,47.26091551344998],[-122.770968064757241,47.267173099258272],[-122.772691326035002,47.266116843699301],[-122.77443634540802,47.260919010178903],[-122.774412408363133,47.26091551344998]],[[-122.769192773618997,47.264276291647306],[-122.771101090144626,47.26043174271539],[-122.770905676842986,47.260403190325754],[-122.770867517716994,47.26071444174471],[-122.769192773618997,47.264276291647306]],[[-122.771252919825997,47.257570673247699],[-122.771252919689715,47.257570673259877],[-122.771252919640574,47.257570673660815],[-122.771252919825997,47.257570673247699]],[[-122.764819803039472,47.258145404025889],[-122.764789977621007,47.258327594927593],[-122.771252890084497,47.257570675905654],[-122.764819803039472,47.258145404025889]],[[-122.819693359010984,47.250156680336396],[-122.822668175857004,47.2455320870137],[-122.817916782274438,47.252232948866094],[-122.818170988418018,47.252495187307908],[-122.819693359010984,47.250156680336396]],[[-122.782838563375293,47.329494928755949],[-122.777822717754489,47.327754603087378],[-122.777832073157001,47.327780962712097],[-122.782490394358703,47.330042299201338],[-122.782129950765011,47.329857832477202],[-122.782838563375293,47.329494928755949]],[[-122.777566695198843,47.327033227772596],[-122.777819594124182,47.327745801993188],[-122.780120123397083,47.327944721817616],[-122.777566695198843,47.327033227772596]],[[-122.76974588002949,47.324625905673955],[-122.77121964907451,47.326640319455912],[-122.771740168501012,47.325715499252297],[-122.76974588002949,47.324625905673955]],[[-122.769523216685002,47.324504247044409],[-122.76017868930748,47.334031384868204],[-122.764921240058996,47.330476875054302],[-122.769638958363942,47.324567486019156],[-122.769523216685002,47.324504247044409]],[[-122.792896801087963,47.292603312082299],[-122.791467230669014,47.291995715422082],[-122.790601004801829,47.292503457099187],[-122.792896801087963,47.292603312082299]],[[-122.78213857653698,47.294378954891599],[-122.784575419578005,47.292241155519697],[-122.785322333445578,47.292273686994513],[-122.784631674552969,47.292132030603582],[-122.78213857653698,47.294378954891599]],[[-122.779225192762993,47.293388598185587],[-122.777809985106998,47.294427725431191],[-122.775942082569401,47.293377044015806],[-122.775805042694998,47.293556385192396],[-122.774952903928991,47.293299264818636],[-122.778047519164005,47.294595665984602],[-122.779225192762993,47.293388598185587]],[[-122.771653213119876,47.292303548199818],[-122.771391695022004,47.29222462668239],[-122.765646241348009,47.29460252292909],[-122.771653213119876,47.292303548199818]],[[-122.765733811741015,47.296125460715295],[-122.762060779756013,47.292580606677497],[-122.763831830910505,47.295533977816106],[-122.764239957279017,47.295207212685092],[-122.765492727869997,47.29617086516609],[-122.764944695533245,47.29686359326432],[-122.766604606540994,47.2957092051386],[-122.765646241348009,47.29460252292909],[-122.765733811741015,47.296125460715295]],[[-122.785752800392004,47.291121526914786],[-122.785060796837655,47.291745255944065],[-122.785901927015232,47.291165380912886],[-122.785752800392004,47.291121526914786]],[[-122.786032681881309,47.280045512053249],[-122.78588298123934,47.279386386840052],[-122.785910510443074,47.280156230308592],[-122.786032681881309,47.280045512053249]],[[-122.784166728045022,47.271828620803397],[-122.783478656025011,47.274576503355107],[-122.784802118408621,47.274626906116396],[-122.784166728045022,47.271828620803397]],[[-122.763605909711231,47.27733950554434],[-122.763729770771022,47.27750333866674],[-122.764405331862093,47.2766500522618],[-122.763605909711231,47.27733950554434]],[[-122.755563453132012,47.284536364546597],[-122.760643089819013,47.281401655309899],[-122.762975678377387,47.278455778879561],[-122.755563453132012,47.284536364546597]],[[-122.754889509458977,47.286625129090389],[-122.755604003692014,47.286654755266106],[-122.755563453132012,47.284536364546597],[-122.754889509458977,47.286625129090389]],[[-122.777259368726007,47.314459601227995],[-122.777737160682719,47.314440560337374],[-122.774143580159901,47.311268116462266],[-122.774131755100015,47.311285951654192],[-122.777259368726007,47.314459601227995]],[[-122.769730944887968,47.309301375351993],[-122.769751052942979,47.309355144191997],[-122.769841763639604,47.309338228892635],[-122.769730944887968,47.309301375351993]],[[-122.759085762314015,47.307987928537486],[-122.764979318411477,47.307721040107815],[-122.763458535450994,47.307215183982699],[-122.759085762390455,47.307987927695613],[-122.759085762314015,47.307987928537486]],[[-122.781932674218893,47.306246637381868],[-122.782848674809998,47.304542166615398],[-122.781717172750007,47.305776441101003],[-122.779498749111994,47.304804317452202],[-122.781932674218893,47.306246637381868]],[[-122.78175074950002,47.309078276508714],[-122.78169743928207,47.308881468320941],[-122.781734251517477,47.309080881310123],[-122.78175074950002,47.309078276508714]],[[-122.781418756772695,47.307852617031614],[-122.781410768377995,47.307823124557487],[-122.781256260534931,47.307773255779992],[-122.781418756772695,47.307852617031614]],[[-122.785342300886001,47.318190336010595],[-122.785374607896031,47.318156519201622],[-122.785155373725402,47.318051808089962],[-122.78300465290738,47.318714086052104],[-122.785185041869042,47.318769752987045],[-122.785342300886001,47.318190336010595]],[[-122.780768659307995,47.318656956291498],[-122.781477291612504,47.318675066620926],[-122.780775890510199,47.318171032235512],[-122.780768659307995,47.318656956291498]],[[-122.78345440842611,47.325457288979784],[-122.783147782980222,47.325694989830168],[-122.783792117522495,47.325745895962342],[-122.78345440842611,47.325457288979784]],[[-122.780459634329645,47.327778757723813],[-122.780232937763614,47.327954475309546],[-122.780275858189015,47.327958186012701],[-122.780459634329645,47.327778757723813]],[[-122.716101708212989,47.439400002333812],[-122.716101708736616,47.439400002469561],[-122.725409068139001,47.426349916195093],[-122.725409067665908,47.42634991598883],[-122.716101708212989,47.439400002333812]],[[-122.718542381223003,47.41873388015469],[-122.718542381739212,47.418733880366723],[-122.720791050103003,47.415888797483703],[-122.720791049431369,47.415888797468305],[-122.718542381223003,47.41873388015469]],[[-122.729338121987169,47.395158845539356],[-122.724113917606999,47.403363357338485],[-122.724151650965979,47.403425915337806],[-122.718267126436984,47.409858857863192],[-122.71675313838702,47.415796209080497],[-122.716753138710672,47.415796209087922],[-122.718267126472,47.409858858685404],[-122.726492983183007,47.401678203010292],[-122.729338121987169,47.395158845539356]],[[-122.733401262018006,47.393818962021399],[-122.730512492856349,47.393314132296403],[-122.73028645024857,47.393669213262832],[-122.733983680228008,47.394041471251001],[-122.735222184261659,47.392479002190406],[-122.733401262018006,47.393818962021399]],[[-122.731355085034053,47.383207650145785],[-122.731356331958281,47.38320463013838],[-122.73135204210034,47.383203897932106],[-122.731355085034053,47.383207650145785]],[[-122.730963591112996,47.377620061401693],[-122.73100792432615,47.377649846036533],[-122.734636208944991,47.373218314374007],[-122.734557437034624,47.373205360935415],[-122.730963591112996,47.377620061401693]],[[-122.733230815349515,47.372987199055125],[-122.732241383750718,47.372824476651097],[-122.732176075253406,47.372920381214357],[-122.733230815349515,47.372987199055125]],[[-122.735739109201546,47.367224279641469],[-122.735634907856351,47.367589542448357],[-122.735843345166998,47.367290955361796],[-122.73751985204504,47.368076967448445],[-122.735739109201546,47.367224279641469]],[[-122.741871643965979,47.362893918688805],[-122.737781022190077,47.368199409928351],[-122.737847146613021,47.36823041037119],[-122.748516082478105,47.357560638344388],[-122.741871643965979,47.362893918688805]],[[-122.748516143381238,47.357560628423165],[-122.751894815692992,47.357304365808297],[-122.751980371581212,47.357228762308822],[-122.748516143381238,47.357560628423165]],[[-122.752459116071719,47.356805703137148],[-122.755840861647997,47.353817055375991],[-122.757297871664193,47.352227480533728],[-122.752459116071719,47.356805703137148]],[[-122.760422298201078,47.348818393924759],[-122.762657610687995,47.346379102978595],[-122.762744273030449,47.346131607407671],[-122.760422298201078,47.348818393924759]],[[-122.769314311865401,47.369451395159516],[-122.757961594548775,47.37152471752718],[-122.76906144612299,47.369736854404806],[-122.769314311865401,47.369451395159516]],[[-122.757961576771862,47.371524727530897],[-122.75355773728414,47.375356610868451],[-122.754002577761014,47.375442413270008],[-122.757961576771862,47.371524727530897]],[[-122.749835999806407,47.374638670464115],[-122.749835997130006,47.37463866960519],[-122.749835996872349,47.374638669898069],[-122.749835999806407,47.374638670464115]],[[-122.740484562024093,47.388606035352879],[-122.740430156320599,47.388646080631013],[-122.740474988824005,47.388632890666905],[-122.740484562024093,47.388606035352879]],[[-122.778627917064895,47.344787991108859],[-122.775839019448995,47.346499883176897],[-122.775906596095396,47.347730055131898],[-122.778627917064895,47.344787991108859]],[[-122.781351518802808,47.344014064760898],[-122.780288104365013,47.343768843276784],[-122.779684253210007,47.344139539887145],[-122.781351518802808,47.344014064760898]],[[-122.786718800369002,47.349084754168295],[-122.786507419114642,47.349232177027226],[-122.790501132508012,47.349082709218187],[-122.786718800369002,47.349084754168295]],[[-122.78548207061948,47.349947264833901],[-122.781373839172005,47.352812097486087],[-122.776156435390007,47.352277671689897],[-122.782094073927752,47.352905882360531],[-122.782210003711995,47.352798427987892],[-122.784924266580148,47.352801283363966],[-122.78210972804699,47.352706897523603],[-122.78548207061948,47.349947264833901]],[[-122.776655022903,47.348987502040394],[-122.775968454216695,47.348856077756778],[-122.776156435390007,47.352277671689897],[-122.776655022903,47.348987502040394]],[[-122.785230321074167,47.353441011859303],[-122.785211438119006,47.352810909787195],[-122.78518331179022,47.352809966982164],[-122.785230321074167,47.353441011859303]],[[-122.798805048187106,47.367668935051057],[-122.798668659658006,47.367660207333898],[-122.795864832893997,47.370967707249001],[-122.798805048187106,47.367668935051057]],[[-122.788708586227017,47.370727037763793],[-122.788708582412767,47.370727035761405],[-122.788708584613985,47.370727037795589],[-122.793232284072005,47.371067551524497],[-122.787880836805016,47.373627203147201],[-122.795864832893997,47.370967707249001],[-122.788708586227017,47.370727037763793]],[[-122.780762902168902,47.370985444216203],[-122.776665309501439,47.369643262023835],[-122.780184365514998,47.371718785304104],[-122.780762902168902,47.370985444216203]],[[-122.792254478699334,47.38686441612802],[-122.796203335650006,47.380516791027908],[-122.792254477438988,47.386864416231198],[-122.792254478699334,47.38686441612802]],[[-122.801301254700263,47.38717843760022],[-122.801066308219021,47.385959191577108],[-122.801231372895998,47.387182183967298],[-122.801301254700263,47.38717843760022]],[[-122.79696456707633,47.388127795125435],[-122.796967856484997,47.388201201680801],[-122.801066308219021,47.385959191577108],[-122.79696456707633,47.388127795125435]],[[-122.738212480098014,47.239598037354604],[-122.742088179524004,47.240759833185876],[-122.742131895179,47.240674495554202],[-122.736161717445,47.238250770772289],[-122.737618538406224,47.241019434263222],[-122.738212480098014,47.239598037354604]],[[-122.735092228005854,47.228644291380306],[-122.734247778594309,47.229596244202952],[-122.737723317038984,47.228550163455999],[-122.737723730864516,47.228622848732513],[-122.737733435321999,47.228563021335205],[-122.738011215192486,47.229219445529452],[-122.737847077715003,47.228527290941003],[-122.735092228005854,47.228644291380306]],[[-122.731663804714998,47.2300619167696],[-122.731407815014791,47.230450918128959],[-122.73326276030933,47.229892692020201],[-122.730618322793831,47.229408086371578],[-122.72803300665602,47.22984032417569],[-122.725649468932346,47.230637986841757],[-122.731663804714998,47.2300619167696]],[[-122.742334550593014,47.225763243405105],[-122.746290577660361,47.217373724061147],[-122.738286255141617,47.22986937836891],[-122.738349072136998,47.230017815678501],[-122.742334550593014,47.225763243405105]],[[-122.736546784703961,47.221731843574787],[-122.736086774072021,47.220544306326204],[-122.736352855567858,47.219679242101435],[-122.735958013496997,47.220365608732408],[-122.732134131012003,47.21759755829909],[-122.732017194582781,47.217655067480074],[-122.736546784703961,47.221731843574787]],[[-122.727306526305171,47.219971564451377],[-122.727251988171005,47.219998381553189],[-122.72666723087184,47.21988962716442],[-122.726954945403435,47.220611396811911],[-122.727306526305171,47.219971564451377]],[[-122.735786284705014,47.227882405629707],[-122.736007817688943,47.227487152322382],[-122.733314590796994,47.228341953034494],[-122.734082806266926,47.228431804316202],[-122.735786284705014,47.227882405629707]],[[-122.736467324027529,47.226667292961068],[-122.737644822637989,47.224566254187685],[-122.737462363317505,47.224095286053412],[-122.736467324027529,47.226667292961068]],[[-122.731255032051649,47.23510269448434],[-122.730894607712017,47.235146343836796],[-122.730397463967961,47.236056145649087],[-122.73116609600298,47.2351381666073],[-122.731255032051649,47.23510269448434]],[[-122.737222438100318,47.241967320878771],[-122.735107731259859,47.243278020940629],[-122.736783147959002,47.243018521250299],[-122.737222438100318,47.241967320878771]],[[-122.740317480644237,47.321707119082319],[-122.738164660073537,47.32186945218659],[-122.737898379383083,47.322472879864222],[-122.740317480644237,47.321707119082319]],[[-122.735561736562474,47.327377669190497],[-122.730454595048002,47.327854497007394],[-122.729542885643255,47.328785621594719],[-122.735561736562474,47.327377669190497]],[[-122.735789744317003,47.327324325054398],[-122.736000466477279,47.326773384629568],[-122.735753564091723,47.327332789728842],[-122.735789744317003,47.327324325054398]],[[-122.719044877109994,47.345428540485202],[-122.722742952442189,47.345552996771822],[-122.725042940809999,47.340864038404391],[-122.72168485521,47.345423065556105],[-122.719044877109994,47.345428540485202]],[[-122.725027485095126,47.348795905718191],[-122.722588429763249,47.347593088651777],[-122.722513955362999,47.348317722290695],[-122.725027485095126,47.348795905718191]],[[-122.720364607806985,47.354857867660208],[-122.720403356372003,47.354941045035879],[-122.725027487787983,47.34879590704611],[-122.725027487304928,47.348795906807894],[-122.720364607806985,47.354857867660208]],[[-122.716599627456887,47.363230609625049],[-122.721864547799015,47.358077427248695],[-122.716605684010005,47.363146703181904],[-122.716599627456887,47.363230609625049]],[[-122.733021991040999,47.361374963887286],[-122.735311326262021,47.359229217065206],[-122.732774868760799,47.361285260049243],[-122.733021991040999,47.361374963887286]],[[-122.736310096548138,47.360092981595763],[-122.736369732696005,47.360019091933296],[-122.735311326262021,47.359229217065206],[-122.736310096548138,47.360092981595763]],[[-122.73048754759499,47.360454937071808],[-122.731169212448805,47.360702396484484],[-122.730523283445294,47.360393405800174],[-122.73048754759499,47.360454937071808]],[[-122.732291052047998,47.357349404158704],[-122.730878958661705,47.359780982951058],[-122.7423922647084,47.345446397550639],[-122.732291052047998,47.357349404158704]],[[-122.73384931427502,47.363081419823402],[-122.733877036661681,47.36310735839686],[-122.734130742546711,47.362793054611437],[-122.73384931427502,47.363081419823402]],[[-122.718818424637007,47.393817686462896],[-122.718733453255993,47.394203567500028],[-122.727910102847133,47.382616358785903],[-122.727161975347997,47.382488637999295],[-122.718609803059081,47.393719385995688],[-122.718818424637007,47.393817686462896]],[[-122.714621419343388,47.391839954795742],[-122.71492260920644,47.391981892887955],[-122.715064349973332,47.391391736362323],[-122.714621419343388,47.391839954795742]],[[-122.712291697243003,47.390742002411699],[-122.714072325530964,47.391581186016943],[-122.712287939720341,47.389657438562445],[-122.712291697243003,47.390742002411699]],[[-122.709652071591009,47.388370120404005],[-122.711372015378828,47.388669914729483],[-122.708609867372417,47.385691576569599],[-122.709652071591009,47.388370120404005]],[[-122.646487969781262,47.385327812945626],[-122.647449194715989,47.384283237121394],[-122.656493019047815,47.387767666853037],[-122.656493101825774,47.387767526961035],[-122.65256884683302,47.386229399184394],[-122.651697827566124,47.384595976315289],[-122.65213330495402,47.38598652249771],[-122.646282844742998,47.383516818759801],[-122.645333260917994,47.379924526370608],[-122.646487969781262,47.385327812945626]],[[-122.638095599672852,47.400670464612531],[-122.638181865747995,47.400751958081891],[-122.639250716351214,47.400091540543173],[-122.638095599672852,47.400670464612531]],[[-122.643664321759431,47.388099522194992],[-122.642790469545005,47.389345472003008],[-122.643960233104195,47.388074500576657],[-122.643850109695009,47.388149829292999],[-122.643664321759431,47.388099522194992]],[[-122.646028120390682,47.385827519773095],[-122.639955114132476,47.383329946830173],[-122.643406749633016,47.385692309929702],[-122.645900625310645,47.385966063472779],[-122.646028120390682,47.385827519773095]],[[-122.673925810143004,47.376932912677802],[-122.676058573371435,47.381496857363878],[-122.676402444486385,47.381396492095902],[-122.674445017011109,47.37630716799044],[-122.673925810143004,47.376932912677802]],[[-122.672123336357018,47.382886379809285],[-122.670609995057006,47.385301387117501],[-122.67029543129884,47.385219285227549],[-122.670699840496994,47.385360980178397],[-122.673469841443662,47.382517456734533],[-122.672123336357018,47.382886379809285]],[[-122.66751531005383,47.38457936890191],[-122.668121382603985,47.38445751502779],[-122.668154426915351,47.38446909397716],[-122.668121470541905,47.383978113146334],[-122.66751531005383,47.38457936890191]],[[-122.661045692136369,47.385041715238479],[-122.660258269513776,47.386038139679989],[-122.663982074732374,47.385289668185514],[-122.661228425336006,47.385456333615203],[-122.661045692136369,47.385041715238479]],[[-122.660108122753627,47.386228134260357],[-122.658569201464289,47.388175382911243],[-122.659181617371999,47.388325166391006],[-122.660108122753627,47.386228134260357]],[[-122.689057297405029,47.365178983379693],[-122.689024008581356,47.365430277229144],[-122.689173115665014,47.365178032618701],[-122.689057297405029,47.365178983379693]],[[-122.688534188694604,47.369127592758346],[-122.687779951851013,47.374819772801601],[-122.689263346117002,47.369650575407498],[-122.688534188694604,47.369127592758346]],[[-122.659836304143809,47.381167179983287],[-122.658370946050013,47.380114218976999],[-122.659567801838236,47.381688159292842],[-122.659496147419006,47.381525553337191],[-122.659836304143809,47.381167179983287]],[[-122.677820304323959,47.369786663572057],[-122.673521382784998,47.374727235595991],[-122.67795680574001,47.37001932108479],[-122.677820304323959,47.369786663572057]],[[-122.651314297711508,47.383371244926238],[-122.653844003100005,47.377372430529611],[-122.653823848474616,47.37734489063449],[-122.651140042842002,47.38281477527071],[-122.651314297711508,47.383371244926238]],[[-122.650852981927017,47.397297270580289],[-122.655598923102488,47.389278612586722],[-122.65480078283349,47.389102956708889],[-122.650852981927017,47.397297270580289]],[[-122.647748856048921,47.397594283259821],[-122.64767460608202,47.397601386662899],[-122.647575341732647,47.398151763877898],[-122.647748856048921,47.397594283259821]],[[-122.69738653011521,47.378600072349869],[-122.697127735742995,47.378405496711295],[-122.696403870767,47.378764289237694],[-122.69738653011521,47.378600072349869]],[[-122.699145983732592,47.383507318053496],[-122.699582925295005,47.383604845251298],[-122.699758096666002,47.380383050679491],[-122.699145983732592,47.383507318053496]],[[-122.662011274874999,47.4270859375764],[-122.667530396830003,47.419558333921309],[-122.667646590361343,47.41873159061609],[-122.660997244503008,47.427175586939271],[-122.662011274874999,47.4270859375764]]],[[[-122.839769672594002,47.256714399737305],[-122.841562865154998,47.258242623205383],[-122.840545689276993,47.267234664166992],[-122.832121263042993,47.27255825608151],[-122.824699410114988,47.270477784140496],[-122.833927831797993,47.256994042155803],[-122.839769672594002,47.256714399737305]]],[[[-122.711014889626,47.127854959767397],[-122.716810986241995,47.131558903284599],[-122.720431306791014,47.136313645528098],[-122.721659476335006,47.137353616466292],[-122.723513073621007,47.138550560143393],[-122.728342470376006,47.140768668168903],[-122.723241775676215,47.141230592108919],[-122.723206753575013,47.141576539696395],[-122.721918077190722,47.14290626227136],[-122.724958599524015,47.141252609055798],[-122.724855237613752,47.141687593224816],[-122.728382118214995,47.1407921744768],[-122.729787366067001,47.142070267101097],[-122.729070255618495,47.143349531543222],[-122.731161244866001,47.143353959607495],[-122.731344508308993,47.148468798347707],[-122.732660306452985,47.146904413930002],[-122.735982444455004,47.147659401293396],[-122.741847982086995,47.15156798905781],[-122.737569774959169,47.15582223689065],[-122.738281865110991,47.156388018456909],[-122.732506305313009,47.158754375201482],[-122.730135411896967,47.158668751097586],[-122.729778382156994,47.159311548631607],[-122.725270529032016,47.160419915817897],[-122.720681170776999,47.156297000667998],[-122.722565521256996,47.155462417186683],[-122.716950103073998,47.156894447082905],[-122.724243901657005,47.1614486511696],[-122.725198900402887,47.162396413756795],[-122.725288411622998,47.162352006143486],[-122.725382935445637,47.162579049545961],[-122.725482919312,47.162678272566396],[-122.725432033536507,47.162696980902346],[-122.725783846045275,47.163542002500982],[-122.725691386025986,47.1624185976424],[-122.728287461734979,47.162820778373998],[-122.728196014690994,47.167917550990786],[-122.72818521256626,47.16791323272269],[-122.728865339780981,47.169006482920707],[-122.724996200489983,47.17464930317761],[-122.720020100325002,47.1781896670389],[-122.718537928424993,47.177168029802203],[-122.716713842133174,47.178138613321394],[-122.716892086556001,47.178837399832098],[-122.713232935313997,47.181753365079999],[-122.713292422945997,47.180028325554503],[-122.71206121393098,47.181780448490599],[-122.709779249227012,47.180917647887696],[-122.704004843147018,47.181533639516694],[-122.706810221395003,47.183349408602588],[-122.707003981704005,47.181381581770999],[-122.711819555117998,47.181827895735999],[-122.706441865982015,47.187090007242894],[-122.706509368405321,47.186404569955222],[-122.706143374944006,47.187187778455908],[-122.70051118591249,47.184925625969058],[-122.700455700874983,47.185105351687909],[-122.698677307175998,47.184317694406097],[-122.699637671507759,47.183512659304853],[-122.697434616067014,47.184252968324905],[-122.697989159263997,47.182499143866693],[-122.696793685802007,47.184301064773997],[-122.69115836776902,47.184224090021601],[-122.684844535969745,47.181652514163737],[-122.684647805463015,47.181953634913],[-122.682477986486873,47.181371633347482],[-122.682517218859999,47.181465662165095],[-122.678113633687019,47.178251654690499],[-122.683125669785298,47.176365134452155],[-122.68314599615023,47.176336121682233],[-122.678005956505999,47.178124343790607],[-122.673613682311995,47.174292208556309],[-122.675577111913995,47.153270902555192],[-122.673987522011984,47.150423585638109],[-122.677242211019006,47.1495007962329],[-122.677771931926941,47.150591544119386],[-122.677972429535004,47.148803058835497],[-122.678281520832016,47.147227171815608],[-122.677603482238013,47.144227152881392],[-122.678355973658554,47.143793830526505],[-122.677490247036005,47.1441338803346],[-122.676718551503981,47.142646720561309],[-122.680973784500608,47.141772363465414],[-122.681432644374993,47.14120864436309],[-122.683820964250003,47.140839969804198],[-122.687572564274006,47.144476648408101],[-122.692863842229983,47.146050435452494],[-122.69286097545654,47.146701244464225],[-122.698153374002999,47.146269439365298],[-122.700268418273012,47.148317027330982],[-122.699197935110007,47.144138639356498],[-122.696409501467016,47.142938539082003],[-122.70309846673868,47.142038028082752],[-122.703095514641049,47.142011445186647],[-122.698815603873015,47.1423205065635],[-122.697509625677014,47.140187324347991],[-122.702775113660991,47.139126159698897],[-122.705327377372981,47.140447403203694],[-122.707295305138288,47.146876467087608],[-122.707682631127994,47.145998330456003],[-122.709171973703008,47.147236959160495],[-122.709895909701984,47.14527171037679],[-122.717233648779242,47.145201313511308],[-122.709561853688982,47.145198062585898],[-122.707175093592994,47.137743546375489],[-122.712495434280996,47.135702045128603],[-122.707134429432983,47.137680344223199],[-122.703448607717988,47.134395478057094],[-122.703380694752994,47.131974832851903],[-122.702317111333997,47.133149768977091],[-122.700065794826017,47.136474204736508],[-122.696781109878998,47.135151891283805],[-122.693259035606019,47.1299527035995],[-122.694265823936789,47.129850006753365],[-122.696983382010018,47.125505896662084],[-122.69962776124801,47.124523017096294],[-122.703479716084018,47.12479419832141],[-122.703126247333003,47.126102974562109],[-122.703579745865014,47.128834581169691],[-122.707305288990014,47.127645048217602],[-122.711014889626,47.127854959767397]],[[-122.717754741073406,47.140533739818977],[-122.718161705398003,47.140848405525809],[-122.721659476335006,47.137353616466292],[-122.717754741073406,47.140533739818977]],[[-122.736383892840848,47.151354891369721],[-122.736786676362016,47.150778960121102],[-122.735982444455004,47.147659401293396],[-122.736383892840848,47.151354891369721]],[[-122.706307371769014,47.175848230417898],[-122.705971171594925,47.174781002342783],[-122.704004843147018,47.181533639516694],[-122.706307371769014,47.175848230417898]],[[-122.695701432872681,47.180667332363669],[-122.69566141464901,47.18077925262449],[-122.697989159263997,47.182499143866693],[-122.695701432872681,47.180667332363669]],[[-122.715808989733006,47.136510639672103],[-122.715535561631583,47.137161979216806],[-122.716375227973984,47.137016498814106],[-122.713849038842,47.130844488177992],[-122.715788598475015,47.136224798611302],[-122.712495434280996,47.135702045128603],[-122.715808989733006,47.136510639672103]],[[-122.710260623709004,47.130359074933189],[-122.709207075502903,47.129391591151538],[-122.697278371530103,47.128785489432907],[-122.697242419815751,47.128859450787971],[-122.713849038842,47.130844488177992],[-122.710260623709004,47.130359074933189]],[[-122.716713898338185,47.140432887325929],[-122.716493268912004,47.139558333965603],[-122.716679655718366,47.139702456625464],[-122.715417524089247,47.13744315406737],[-122.714976896938992,47.1384927355816],[-122.716713898338185,47.140432887325929]],[[-122.717821130602999,47.144821409684091],[-122.717585531051029,47.143887670418032],[-122.71750054277571,47.145198744118666],[-122.719007656098597,47.145184223440566],[-122.717821130602999,47.144821409684091]],[[-122.69689110789831,47.129582172710663],[-122.69745835418135,47.129524293425241],[-122.697168293796054,47.12901194521465],[-122.69689110789831,47.129582172710663]],[[-122.699264440245045,47.132714236013669],[-122.699282420223014,47.132764907915806],[-122.699293960373609,47.132766371606287],[-122.699264440245045,47.132714236013669]],[[-122.695879114285106,47.174497672177544],[-122.695428991236014,47.174561477118296],[-122.695250533769212,47.174519712216963],[-122.693760971307015,47.178731350461398],[-122.695879114285106,47.174497672177544]],[[-122.691334181092017,47.172019799417491],[-122.685130365727005,47.173503567398903],[-122.692667709463194,47.173915208148848],[-122.688478365818,47.172934548961507],[-122.692972487695002,47.171710073419199],[-122.690206953924985,47.171490769900899],[-122.691334181092017,47.172019799417491]],[[-122.694481861029374,47.168177690137711],[-122.694472151712006,47.168176654257991],[-122.692300757360996,47.169775869183297],[-122.694481861029374,47.168177690137711]],[[-122.699322271941895,47.16587331885043],[-122.69847923163762,47.164552678845638],[-122.697183355451017,47.168465877011002],[-122.699322271941895,47.16587331885043]],[[-122.697478411857006,47.162984780988097],[-122.696203109375588,47.163042441089317],[-122.6983915317509,47.164415291050425],[-122.697478411857006,47.162984780988097]],[[-122.695247163895061,47.163085652746446],[-122.691713633836443,47.163245309240232],[-122.691713633829011,47.163245309272092],[-122.694918277193011,47.163772956422704],[-122.695247163895061,47.163085652746446]],[[-122.6931153550114,47.158898356157209],[-122.692711456997316,47.158963609414144],[-122.691713636950283,47.16324529587974],[-122.6931153550114,47.158898356157209]],[[-122.690751318860123,47.157480846954407],[-122.689218438390014,47.159308503868402],[-122.689893096982274,47.159138997650849],[-122.690751318860123,47.157480846954407]],[[-122.691201766609012,47.156610502970203],[-122.688865857227995,47.155905211785303],[-122.691077039341494,47.156851500959],[-122.691201766609012,47.156610502970203]],[[-122.689098957003353,47.151310986182189],[-122.692854143304004,47.148252165193298],[-122.689175110080015,47.150354109473191],[-122.689148097105658,47.150342364184446],[-122.689098957003353,47.151310986182189]],[[-122.70338608619609,47.173473602205512],[-122.705810158182516,47.17426986867833],[-122.705645808706009,47.173748134432316],[-122.70338608619609,47.173473602205512]],[[-122.707125160960729,47.147262204424742],[-122.703392046228018,47.144681507031002],[-122.707096548768803,47.14732707113015],[-122.707125160960729,47.147262204424742]],[[-122.705597667999001,47.150724950983509],[-122.697508534551005,47.155422345182309],[-122.705416285557007,47.151136103937993],[-122.705597667999001,47.150724950983509]],[[-122.720470045293396,47.144400319015276],[-122.71971687927217,47.145177383380265],[-122.720645180814003,47.14516842379399],[-122.720470045293396,47.144400319015276]],[[-122.735323525152737,47.154241289099097],[-122.735454745370006,47.154141671793603],[-122.73617466854985,47.154713726317254],[-122.735359428636229,47.153968251309117],[-122.735323525152737,47.154241289099097]],[[-122.734367802080328,47.15496682118048],[-122.731715225302011,47.155824248614991],[-122.730605207535802,47.157822903927091],[-122.734367802080328,47.15496682118048]],[[-122.72244208755157,47.148792346711552],[-122.722535837307404,47.148285955744292],[-122.722442287020996,47.148236448113693],[-122.72244208755157,47.148792346711552]],[[-122.72272624470034,47.148386720483209],[-122.723925638677102,47.149454676514829],[-122.723934698283102,47.149026225125247],[-122.72272624470034,47.148386720483209]],[[-122.724010351814002,47.145448082169594],[-122.726112280783454,47.143956663044499],[-122.724066501738832,47.145006637972763],[-122.723766827685012,47.146267571902797],[-122.723988445926381,47.146484207601738],[-122.724010351814002,47.145448082169594]],[[-122.736236322920703,47.1515658948395],[-122.733727833187018,47.151054191026191],[-122.735576260770003,47.152319231518796],[-122.735545423761351,47.15255375497167],[-122.736236322920703,47.1515658948395]],[[-122.730510040273003,47.15322582876879],[-122.725947422861694,47.151254774097282],[-122.727917060773009,47.153008291811403],[-122.730556602427015,47.153241082436104],[-122.733727833187018,47.151054191026191],[-122.730510040273003,47.15322582876879]],[[-122.722032263881985,47.163946837078598],[-122.721107715841995,47.163076134320299],[-122.721899222828753,47.167942049871556],[-122.722192037188208,47.167928794454902],[-122.722128260874996,47.163919708140398],[-122.722191789791992,47.163888194199714],[-122.722032263881985,47.163946837078598]],[[-122.721382409872021,47.167965443640597],[-122.721748692292365,47.167948863946251],[-122.721305325747878,47.167614798472208],[-122.721256691482509,47.16822149650902],[-122.721382409872021,47.167965443640597]],[[-122.720526482956004,47.167027945819797],[-122.717595984575155,47.16711991606261],[-122.72092200848769,47.167325973849792],[-122.720526482956004,47.167027945819797]],[[-122.713047145400424,47.167689347957605],[-122.714966587020925,47.167202372525253],[-122.710829986684445,47.167331971349718],[-122.710803666390021,47.167376798617703],[-122.713047145400424,47.167689347957605]],[[-122.704050292601835,47.169971362495055],[-122.705282754441029,47.169658807071855],[-122.703981135245016,47.16992847923639],[-122.701288513402801,47.168953047046941],[-122.704050292601835,47.169971362495055]],[[-122.710519291787008,47.161929948516892],[-122.713606236974996,47.162603154088401],[-122.713560737445761,47.162680661300591],[-122.716865319093998,47.162717316551294],[-122.710519291787008,47.161929948516892]],[[-122.727610246416205,47.167683381203062],[-122.727487840036972,47.167634446750313],[-122.727510106503956,47.167687919301926],[-122.727610246416205,47.167683381203062]],[[-122.719067511437004,47.171819058757606],[-122.716225619729002,47.176224499331802],[-122.716601966922539,47.177700010116375],[-122.71952387429927,47.171750488697064],[-122.719067511437004,47.171819058757606]],[[-122.682334688882008,47.170866133423395],[-122.682548945584003,47.169617660862102],[-122.68192268844426,47.169601492306192],[-122.682334688882008,47.170866133423395]],[[-122.681097404643253,47.169580180085262],[-122.680075143604682,47.169553772836508],[-122.680404141271069,47.169746619292738],[-122.681097404643253,47.169580180085262]],[[-122.688577279764445,47.150094169100321],[-122.688430887083399,47.150030515781701],[-122.685385548523215,47.151828454250477],[-122.686420868372011,47.1517720308373],[-122.688577279764445,47.150094169100321]],[[-122.685993774631001,47.149022601305397],[-122.686633741725444,47.149249067475154],[-122.685985149581469,47.148967029190409],[-122.685993774631001,47.149022601305397]],[[-122.683390212685111,47.151937170387441],[-122.681654814024938,47.151831708846196],[-122.681658049889009,47.152031518956484],[-122.683390212685111,47.151937170387441]],[[-122.681617653386951,47.149701802873594],[-122.682197642782,47.148028571228402],[-122.681102297188318,47.149574748687407],[-122.681617653386951,47.149701802873594]],[[-122.690174141393598,47.177023510079174],[-122.689866983619012,47.176877249044288],[-122.687507385814982,47.177576316663703],[-122.690174141393598,47.177023510079174]]],[[[-122.696182238548005,47.141089526597995],[-122.697509625677014,47.140187324347991],[-122.698369276319994,47.142197292887801],[-122.696409501467016,47.142938539082003],[-122.696182238548005,47.141089526597995]]],[[[-122.714040498361996,47.217828741215698],[-122.714089359533773,47.217325703377035],[-122.713980181861999,47.217879242194492],[-122.712867388022445,47.217980602905108],[-122.706074583477488,47.223370392666759],[-122.704428912374993,47.22924106960599],[-122.704175183302794,47.22926315777827],[-122.704480684244999,47.230502274885808],[-122.701562660345004,47.231466683125504],[-122.696072924391387,47.229742087809541],[-122.696086034822997,47.230305245050907],[-122.690656858307008,47.229475928761389],[-122.685986279473013,47.231497283357001],[-122.680322622947003,47.231256319600391],[-122.676472566371999,47.227290296548993],[-122.675259956980014,47.223143573258305],[-122.672645005429999,47.223738979075392],[-122.666871604650012,47.222939202191291],[-122.668619051524999,47.215484629790808],[-122.665903652511005,47.213105576996909],[-122.661979726490998,47.212396750906301],[-122.657044670188,47.216881320281693],[-122.649225558069986,47.215620351513991],[-122.652466187665439,47.212375972897384],[-122.648725924622994,47.215344476928784],[-122.644467371841984,47.208673979615298],[-122.64171674952901,47.206028454529303],[-122.641934502781851,47.204954866108437],[-122.641501360055997,47.204854656776099],[-122.643070793165009,47.19973247412679],[-122.656839645234015,47.195412368596102],[-122.656981367518483,47.195739866670088],[-122.656926247577005,47.195572431514897],[-122.67163788408098,47.192629941137206],[-122.674597121519014,47.194724055841192],[-122.67151986383,47.192356799516901],[-122.681667447914009,47.191455171102092],[-122.692501370968998,47.193360933968009],[-122.694387730971002,47.19468778028979],[-122.694387730549977,47.194687780888273],[-122.698915867787008,47.198007728984805],[-122.697883333128019,47.202341478497694],[-122.69788333437296,47.202341478315311],[-122.698915868992998,47.198007728961883],[-122.716914380423006,47.199669065519195],[-122.726977381504994,47.205650226300108],[-122.727181347414984,47.207756546749792],[-122.720540760019006,47.210205935352903],[-122.715243973469001,47.217220981790497],[-122.714040498361996,47.217828741215698]],[[-122.648003414966993,47.208822591445099],[-122.648686870698015,47.207622707954407],[-122.649969714040992,47.2080723775005],[-122.649434720314474,47.205363832618247],[-122.647684598581009,47.2087005785203],[-122.644467371841984,47.208673979615298],[-122.648003414966993,47.208822591445099]],[[-122.687042090681004,47.197224332643898],[-122.691807799851304,47.198354709359592],[-122.680247624572985,47.195120845003103],[-122.674597121519014,47.194724055841192],[-122.687042090681004,47.197224332643898]],[[-122.696017685097686,47.227369171777475],[-122.696068566896756,47.229554909699061],[-122.697068808752519,47.227402227967069],[-122.696017685097686,47.227369171777475]],[[-122.693039051586013,47.220810761053997],[-122.69587549113902,47.221260065207893],[-122.693019695456456,47.220748910486414],[-122.693039051586013,47.220810761053997]],[[-122.692637579192109,47.219527866331994],[-122.693014752102414,47.220733114471635],[-122.69433884046822,47.220331206945865],[-122.692637579192109,47.219527866331994]],[[-122.696416695186741,47.209762689713322],[-122.690324167620631,47.216178845090823],[-122.691949534203999,47.215967760288386],[-122.69045320902039,47.218731989869198],[-122.690964108318269,47.218737600080232],[-122.690785309888014,47.218653162930885],[-122.696416695186741,47.209762689713322]],[[-122.689021878663013,47.216347954247695],[-122.689494133657831,47.216286631258065],[-122.688591662096584,47.215893884092615],[-122.689021878663013,47.216347954247695]],[[-122.686079827113701,47.213242591908376],[-122.686144203388167,47.213310546347273],[-122.686144860991007,47.213242757506691],[-122.686079827113701,47.213242591908376]],[[-122.678324754199707,47.213209674205565],[-122.676951559385046,47.213485261037668],[-122.685490025646288,47.213241088388131],[-122.678330766453001,47.213222595922709],[-122.678324754199707,47.213209674205565]],[[-122.678839089674995,47.204395375363191],[-122.676150456571875,47.208974559951407],[-122.676432648045818,47.209142775194323],[-122.676342553067997,47.208949108496199],[-122.678839089674995,47.204395375363191]],[[-122.665530571366503,47.203535826219493],[-122.666588249812008,47.207707134634802],[-122.667131643179999,47.205283688415797],[-122.665530571366503,47.203535826219493]],[[-122.661580359317,47.203591265442498],[-122.665004562745537,47.202961561818853],[-122.664884309634985,47.202830274664599],[-122.661580359317,47.203591265442498]],[[-122.657864352619001,47.207424008711591],[-122.658141290034379,47.207138394803088],[-122.65778532518685,47.207241837133623],[-122.657864352619001,47.207424008711591]],[[-122.651358920587001,47.203476298483302],[-122.655400998936642,47.20268815110861],[-122.655300392880307,47.202462505397108],[-122.651358920587001,47.203476298483302]],[[-122.645833834551993,47.205640225066098],[-122.646858668014005,47.20242191175641],[-122.649418672468258,47.205282581966721],[-122.649175935529016,47.204053568465902],[-122.646858011125019,47.202405467594403],[-122.645537805759048,47.205573943680292],[-122.645833834551993,47.205640225066098]],[[-122.696483071699561,47.209692776980553],[-122.700963413319002,47.209236696320296],[-122.700985842644513,47.20918353958735],[-122.696524383782005,47.209649263876997],[-122.696483071699561,47.209692776980553]],[[-122.707094226477011,47.218506281316301],[-122.705922276264005,47.2172127140363],[-122.705398620805042,47.217760484586606],[-122.707094226477011,47.218506281316301]],[[-122.703851191321448,47.219379094979566],[-122.7035521463403,47.219691882004398],[-122.706910894165006,47.220386471164197],[-122.703851191321448,47.219379094979566]],[[-122.711850333808997,47.21461481558741],[-122.714238307447673,47.215792187274133],[-122.714240482120005,47.215769796926402],[-122.711850333808997,47.21461481558741]],[[-122.698705959620995,47.22745369450849],[-122.697590916133805,47.227418643825821],[-122.699296532868004,47.229269307013503],[-122.69988307195608,47.229250884733524],[-122.698705959620995,47.22745369450849]],[[-122.654850452925004,47.198944965327293],[-122.657968977264005,47.198739698317091],[-122.657845860686422,47.198365754657452],[-122.654850452925004,47.198944965327293]],[[-122.652857415023007,47.211984259726883],[-122.650632452197001,47.21142727974911],[-122.652796899119664,47.212044851244613],[-122.652857415023007,47.211984259726883]],[[-122.687899127155617,47.218703909190076],[-122.688519679401082,47.2187107370479],[-122.687979404349008,47.2185479751301],[-122.687899127155617,47.218703909190076]],[[-122.682384872011497,47.225664937542717],[-122.685984152693194,47.220955153072921],[-122.685163519547004,47.220783984746497],[-122.682384872011497,47.225664937542717]],[[-122.674004092627996,47.214076723600506],[-122.672117271193002,47.218132353853207],[-122.672315893338549,47.22024264250441],[-122.67463261767891,47.213950606146966],[-122.674004092627996,47.214076723600506]]],[[[-122.675030596967005,46.958286820715287],[-122.673014275419007,46.957049911037409],[-122.667914283049996,46.957839889454903],[-122.666428795197021,46.960723735371502],[-122.668262204342014,46.963692677814699],[-122.665412251745011,46.964611684797603],[-122.666393857040021,46.967293362554102],[-122.663023440054019,46.967098996850297],[-122.657360446178004,46.970898363340609],[-122.652859736531994,46.971939738985],[-122.647204981424991,46.977455650167492],[-122.646513455695001,46.982401089383202],[-122.650465689219999,46.990925637895302],[-122.649338364113007,46.993410797561097],[-122.652873826206019,46.996122758475195],[-122.653171952250005,46.9988794237753],[-122.659667730834002,46.999286460757808],[-122.662976898040014,47.001397675322401],[-122.664164367502011,47.006420460664792],[-122.669634155247991,47.009029923635403],[-122.668874538463996,47.011384866405891],[-122.670921909667015,47.010949547526799],[-122.675879035460994,47.015176725028496],[-122.675913899757006,47.018184563013399],[-122.677841173621005,47.018256696311006],[-122.684755906806998,47.025401406289809],[-122.681545907149996,47.028529629786789],[-122.686815743539995,47.031964530746592],[-122.690374857535005,47.037399270817296],[-122.687572259114006,47.040224949948509],[-122.687319750667001,47.047676511832691],[-122.694268692870992,47.050766648358298],[-122.698384869422995,47.055944131458091],[-122.705599555351995,47.057483229654892],[-122.708125860473999,47.060630300070301],[-122.710982889980002,47.061015863171214],[-122.70802018326502,47.062545636364796],[-122.710559436848015,47.063626135470408],[-122.708031551366986,47.065470444634798],[-122.708424842789,47.067820127822792],[-122.719168521079979,47.06791942212471],[-122.71255303486501,47.068551479558799],[-122.714868516726,47.068896956937692],[-122.708971035726989,47.071601460244295],[-122.710235530142981,47.074703235349205],[-122.708419091511999,47.085419190344702],[-122.699950121077009,47.088992990884201],[-122.703275258286993,47.093637970947803],[-122.700105885086018,47.0948648873471],[-122.69957983549601,47.099026620028496],[-122.695148050407013,47.097573388313002],[-122.693446420110021,47.098457065276598],[-122.695455263865981,47.104823901127098],[-122.691970812593993,47.1023643962886],[-122.691470744012008,47.099829618391297],[-122.690584477968997,47.101597521181688],[-122.687470753674006,47.099357322191509],[-122.687437743780009,47.096936677209392],[-122.690525312485235,47.093132330772754],[-122.691237676452005,47.090213845932496],[-122.696349064317019,47.087316254057001],[-122.691758100865016,47.087667315870512],[-122.688941598606007,47.092935984581104],[-122.67816280405998,47.100622834940104],[-122.672406656579994,47.111132819710591],[-122.667123144775999,47.116621517891694],[-122.659820184388991,47.109328615672204],[-122.659820185335249,47.109328608105784],[-122.659820183183996,47.1093286156947],[-122.666847763179007,47.116375633588795],[-122.65333301577499,47.130180556673992],[-122.645987945087995,47.134266964381297],[-122.637480411558016,47.135316010127305],[-122.632999889952842,47.13746612011159],[-122.63300113301402,47.137468094412498],[-122.624795292285128,47.142774377773307],[-122.624804323311011,47.142778801332284],[-122.619328287068996,47.151275350122098],[-122.612275999009015,47.168827249262705],[-122.612399503263006,47.16134359194659],[-122.612244956720005,47.168872505175202],[-122.603127665833995,47.172131057865492],[-122.603042619245826,47.171660511438191],[-122.603087094098015,47.172290373393395],[-122.588776426094,47.17729510946829],[-122.589976170614989,47.179165894953307],[-122.587686750604945,47.182141430764048],[-122.583770662053993,47.189869671182109],[-122.583560360770008,47.200017469331002],[-122.580547232919002,47.209427976052503],[-122.575813154683019,47.21539908183501],[-122.569780732397021,47.21926457183109],[-122.565083976079009,47.226143675258385],[-122.563741148060004,47.24362239723429],[-122.561222154006998,47.245016629263795],[-122.560259512957487,47.238550272566506],[-122.558641295068995,47.241200248152502],[-122.560215805934988,47.244058851414692],[-122.556803867685005,47.243505101585107],[-122.552297389091009,47.248171700696794],[-122.552331433221994,47.253830940077208],[-122.534809532596014,47.274062555548092],[-122.529326463787001,47.283793594434194],[-122.528631788325995,47.292803646153708],[-122.537567404355983,47.306637893030896],[-122.547516465880008,47.315970416695102],[-122.547150070335917,47.316969230999156],[-122.547060352895002,47.317818165500903],[-122.543521838520988,47.318704716267099],[-122.533852565119986,47.31697123452701],[-122.508667932969004,47.302162840987798],[-122.507468675096007,47.302800331613994],[-122.513090989730017,47.306790013857494],[-122.509418290394009,47.306709059121602],[-122.499410892930015,47.29558600946941],[-122.486067700535017,47.285949540680299],[-122.489917549588995,47.282459582414511],[-122.486067699326995,47.28594954070099],[-122.474453013890013,47.279773116029396],[-122.477455059430937,47.280017245177575],[-122.465156754451996,47.275976840663709],[-122.452456481896988,47.271784530778113],[-122.448576324410197,47.268348743602161],[-122.448408031545995,47.268741570314099],[-122.436547905415907,47.257482355922853],[-122.436525189258006,47.257485081264598],[-122.433067906608017,47.242907049554091],[-122.431280694503016,47.241628006770199],[-122.432394529093997,47.250281651133392],[-122.431657585886015,47.251600735300904],[-122.426095824672004,47.251057662345509],[-122.431691395297008,47.252176778082898],[-122.432788697913992,47.2565809721862],[-122.437268746067019,47.261495136961003],[-122.434643071843013,47.263421376245503],[-122.433521347448121,47.262877426438351],[-122.43315118609101,47.26303512556769],[-122.427092938434996,47.255343165476908],[-122.433366195638996,47.265664775256305],[-122.432057599720991,47.266162078497608],[-122.428598400905983,47.261411826417309],[-122.427178081069997,47.261630878598012],[-122.430782744442013,47.265777787976504],[-122.429866881578008,47.26928574251891],[-122.418491186997997,47.258584877306994],[-122.418230700787987,47.255419399032306],[-122.420433560037992,47.255169882055988],[-122.417800700290002,47.255249363501896],[-122.416034341664997,47.250921609015492],[-122.403302354751986,47.241356375289691],[-122.397690230083995,47.239874910462909],[-122.394478367030004,47.23820874019161],[-122.39843377067298,47.240521789514403],[-122.39983414674802,47.240721651003589],[-122.401535988359001,47.241370162324102],[-122.399627994261152,47.240842532742697],[-122.401890607780018,47.241483720350594],[-122.415123769280981,47.251679604573795],[-122.416808888789987,47.258880673818808],[-122.425768069404995,47.26883046966379],[-122.423627547429021,47.2694044032256],[-122.421767291845015,47.267584635906793],[-122.422453532611001,47.26983936858219],[-122.420472342177987,47.270434423889405],[-122.41348950292398,47.264806065925505],[-122.411880388379998,47.265915036308996],[-122.420198579168002,47.272834394619608],[-122.417916658230013,47.275899252831103],[-122.415569922664005,47.274856059217299],[-122.415937556345995,47.277887005523809],[-122.414025838678,47.273998964027889],[-122.413216185046011,47.276352319551094],[-122.41062853434002,47.273958451165804],[-122.403211435811002,47.271486408443302],[-122.403511808010009,47.269498662226304],[-122.396830050852017,47.264932356608298],[-122.394105923873013,47.26511267699351],[-122.382579590104001,47.257974324211212],[-122.382444431029015,47.254036541361998],[-122.376056332071997,47.254110489236901],[-122.37560778710602,47.256850928052295],[-122.413885626748993,47.280351051207489],[-122.41092408606309,47.282542766534377],[-122.411047696154,47.282661172011196],[-122.409284695791001,47.283755901804909],[-122.400186703690991,47.278066454709197],[-122.382693082272993,47.273969241421291],[-122.357744063110005,47.259094644124602],[-122.364899431564993,47.258872886287492],[-122.357392810533995,47.25910027672721],[-122.359996546584,47.261116178434591],[-122.359107857102003,47.263351831959696],[-122.365106365383994,47.2649376781116],[-122.380007060764015,47.274215786024698],[-122.386963385515998,47.276257720567898],[-122.38927030877602,47.278584641527793],[-122.391284919526001,47.279063243469899],[-122.392845426803007,47.2777196920078],[-122.396391791482984,47.278838557447209],[-122.391553106743999,47.280441386530498],[-122.400183695992013,47.280855890859989],[-122.405690670657989,47.283071166743014],[-122.413913831082013,47.293884804181189],[-122.424710159447997,47.297521752993397],[-122.424714851828043,47.297541301916773],[-122.433028344938009,47.296788305772992],[-122.443274436884991,47.2995109755011],[-122.444889048787985,47.301291512613297],[-122.443812199749019,47.306370391788299],[-122.442195176106011,47.306520423229294],[-122.43477607238799,47.307945860508198],[-122.430696541859007,47.316018934954705],[-122.430945648383997,47.314405358311483],[-122.429127891442988,47.319849469249796],[-122.418622194138095,47.319329581144686],[-122.417894280434993,47.320178183218388],[-122.401933287649015,47.322633332931019],[-122.395945659326998,47.32735961088509],[-122.386864792368016,47.327968881381999],[-122.384215926441982,47.326235006866],[-122.378274885996021,47.327045652551703],[-122.3781107838564,47.325630337268706],[-122.377890286919012,47.329198071084292],[-122.376524300000014,47.329893939377897],[-122.372676755196011,47.326788048284108],[-122.374257952007,47.321070322878803],[-122.367915689360998,47.320245628321892],[-122.366703691984014,47.31521121580019],[-122.361128538536008,47.315108263715594],[-122.360953822167332,47.308552864643261],[-122.360734624363005,47.309209147527284],[-122.355170271575005,47.309649918769509],[-122.353701483225009,47.308055018372293],[-122.350477473720005,47.307879838150001],[-122.344496566378993,47.309592701692196],[-122.344775994387007,47.3080582585714],[-122.339649128649981,47.308220256958386],[-122.335279224356995,47.310121152020201],[-122.332926034593001,47.3149381421171],[-122.325140586661007,47.315165789985201],[-122.321318773724016,47.31758178366789],[-122.322869508642015,47.322413361795689],[-122.320033890605004,47.322340805327897],[-122.316476713366015,47.319217554431297],[-122.313053584365989,47.323843992740599],[-122.309349418229019,47.324434699428494],[-122.306023558141007,47.322434005180796],[-122.294188133404006,47.32327524908019],[-122.29551825950702,47.315119793690592],[-122.292579944793005,47.313989746514608],[-122.284516504886,47.31506573079669],[-122.282386126489001,47.310360186089902],[-122.282028213063995,47.299650578487899],[-122.285259486784,47.297844860144096],[-122.285489930474995,47.295145922342492],[-122.286732803789434,47.294648355010487],[-122.286379696339736,47.283382138089252],[-122.281816638494021,47.283502116064291],[-122.280801243797015,47.286211040085007],[-122.278130327503987,47.286202317338393],[-122.277448088187995,47.288119273854598],[-122.273712108560019,47.288264108197993],[-122.271876615758003,47.290080493254301],[-122.26962306669401,47.287670925685703],[-122.264601477355995,47.286215783752091],[-122.262784342773998,47.282639586710502],[-122.262820694069703,47.282565517561018],[-122.256729366798993,47.283769549215499],[-122.253152554249993,47.282628249766702],[-122.247064618737014,47.285462627701293],[-122.246479974400998,47.282686134608007],[-122.241305672045002,47.280798293108802],[-122.239542023913017,47.28363181107509],[-122.231169964525009,47.285073814214201],[-122.234643637480019,47.290005875513401],[-122.234225375299999,47.292548686708088],[-122.238679599519998,47.296692831132198],[-122.238701733783003,47.302734870787802],[-122.232194100808016,47.304686019524297],[-122.231875614895003,47.30154066765261],[-122.229063332896999,47.303292622084193],[-122.229246991700009,47.299205682801983],[-122.221968984482004,47.295339118846698],[-122.221215175623001,47.292531986894993],[-122.220882713666995,47.29761053369581],[-122.217800934170015,47.297349857907697],[-122.209940094776996,47.292314320751885],[-122.206961670257016,47.293503918811894],[-122.198624686110008,47.289717721846806],[-122.195387229652013,47.291492170321909],[-122.189583727661002,47.290550574059701],[-122.181504833055996,47.292050716667802],[-122.180242645430013,47.287825226091094],[-122.182049657105011,47.286311824575996],[-122.178619509871993,47.285242668582413],[-122.176610924023009,47.287222048982997],[-122.173053376747987,47.283049507622003],[-122.16742817047701,47.282915978597501],[-122.166288587693998,47.281214615005993],[-122.161947302376021,47.282289458853697],[-122.155373099152982,47.279181787025905],[-122.154972880355018,47.275380066871186],[-122.149844702058999,47.268406371974393],[-122.145186850993014,47.265620926693096],[-122.141232059258996,47.266145056627501],[-122.139157916668992,47.264973370905814],[-122.128149879622015,47.268383019110296],[-122.121663000547997,47.26550342347339],[-122.120072310731985,47.261555691039398],[-122.115479263256006,47.263089611373104],[-122.110242508742999,47.260636394279501],[-122.108137431895003,47.263166769663599],[-122.099119559339996,47.2534683737886],[-122.101751649760999,47.24931612724879],[-122.097916158315002,47.245254168647108],[-122.098695836800005,47.242670395659502],[-122.083662685832991,47.242799604194893],[-122.086083694789011,47.248201570677004],[-122.079448871206012,47.250754607675191],[-122.077778481677996,47.248835361634505],[-122.072582320552982,47.248928105235109],[-122.064332074987021,47.251840389743705],[-122.063603651509013,47.256361647472289],[-122.063180997226993,47.254028487989203],[-122.058955530522994,47.255911288250083],[-122.058932038260991,47.252509784538894],[-122.055697272567983,47.251805837727403],[-122.048756132348998,47.24402475681169],[-122.044334141931003,47.244027562073505],[-122.039649064589995,47.238528663933202],[-122.04179296061001,47.236322820898287],[-122.041840887491006,47.230872108509189],[-122.039212178195996,47.228361877963408],[-122.043643755963004,47.228238567819204],[-122.050988037017007,47.224311736893398],[-122.048978796954998,47.218755572686092],[-122.050628875089018,47.2174667117689],[-122.054337291701003,47.217178811847603],[-122.055957242174003,47.220534312948892],[-122.059257832358995,47.215075666927802],[-122.063824778349996,47.214297997304897],[-122.064314313037997,47.210237061828593],[-122.066612031119007,47.210037404787094],[-122.069977763227001,47.206436252510002],[-122.066976996750995,47.205518674922089],[-122.064377108152996,47.201519693596701],[-122.064102991103994,47.196772421598894],[-122.068162159782005,47.195137175393299],[-122.068089320265997,47.192848261883583],[-122.061857005413998,47.192944769898993],[-122.058681922895005,47.18966563541381],[-122.033233364940997,47.195338739957087],[-122.017158621301007,47.191590685009203],[-122.009695089751006,47.192929654511701],[-122.009876281843717,47.192600674721369],[-122.009021161955005,47.193029708589698],[-122.010595990054995,47.193580553021093],[-122.005675092245994,47.196565867167593],[-122.003842669112998,47.201329111759094],[-122.005277255370018,47.20314356739491],[-121.999092479729995,47.204141312087295],[-121.998268410145016,47.205789139613493],[-121.992925480138979,47.2058690303353],[-121.987963022898015,47.2025764251431],[-121.989238786182995,47.199412389586008],[-121.967666987984003,47.199225600787202],[-121.965984301647012,47.195062802937002],[-121.963628905809017,47.194565972877903],[-121.964376994502018,47.190334373893293],[-121.962156835939993,47.189017513836198],[-121.960008706330001,47.190321127367703],[-121.957624014613017,47.197459803551098],[-121.955156498581005,47.198744733365203],[-121.956947216599019,47.201492816458391],[-121.953542477849012,47.201421067875202],[-121.950922061732001,47.208068172965802],[-121.946403128924004,47.209929443802096],[-121.945730971006,47.215255096265615],[-121.932185453583998,47.215919852167403],[-121.926871459476004,47.218382846910998],[-121.928101038695999,47.219664317818498],[-121.926449172016007,47.221291637931103],[-121.895575461324995,47.220998867809492],[-121.89068405462001,47.223501341206401],[-121.888065826873003,47.228770452075501],[-121.877858251131002,47.232504684631998],[-121.868159165504991,47.233277717414403],[-121.858606427563984,47.236429794314603],[-121.851941094121997,47.234883657409398],[-121.850305510808013,47.230564819648102],[-121.845000303741017,47.227727798226795],[-121.842878926411018,47.219104565451303],[-121.849134458568017,47.217406727134097],[-121.839027272788002,47.218727143257198],[-121.822213839550997,47.213714996081499],[-121.814869754650005,47.205888973675698],[-121.806906125668988,47.202351036986101],[-121.806914538355542,47.202329331314395],[-121.795702962323006,47.203924258132808],[-121.779747169008289,47.199301652719591],[-121.779731819370994,47.199464883635493],[-121.776894602105003,47.200024459928301],[-121.774719402822996,47.20410561457841],[-121.759527499224006,47.203256207303497],[-121.756490285872019,47.201147417716697],[-121.755098169979718,47.19959516692662],[-121.755043007622007,47.199786347158295],[-121.737419124887012,47.202457112915198],[-121.733570092220006,47.201684389787893],[-121.729950760272985,47.197494589918691],[-121.717307686149994,47.202702610191388],[-121.712459329288009,47.201698153217009],[-121.711467298027017,47.19141665924861],[-121.712358562681771,47.190812797537106],[-121.698318615093001,47.18675977802949],[-121.69519976615625,47.187403416574178],[-121.695248511748019,47.187440092588986],[-121.680105475220998,47.195037687932192],[-121.671136390175008,47.20242559314071],[-121.658604957994001,47.201646710635707],[-121.654746694775,47.195635731586592],[-121.651514098579,47.193859195278002],[-121.634626898961983,47.191632369056599],[-121.626408146828993,47.181972015327496],[-121.640736833999981,47.175363349238701],[-121.62640996050699,47.181922146847299],[-121.613007791143005,47.179552466958299],[-121.610036561421012,47.176485851108609],[-121.602005220617983,47.172925917844097],[-121.58559586050302,47.174854335332299],[-121.580600218575981,47.173378511093809],[-121.577122024211008,47.161064820495199],[-121.568478510412007,47.156736696061998],[-121.562912076736993,47.156796542750108],[-121.561079811281019,47.153264882138004],[-121.553742740304997,47.15027577724539],[-121.551207536566935,47.14527654598546],[-121.550987311774009,47.145481775640192],[-121.54803375776001,47.145148572125407],[-121.541986427747005,47.149453964842998],[-121.534500854746014,47.150836957193818],[-121.529634261425002,47.148676284932897],[-121.532317549084013,47.145899215544105],[-121.529597205701009,47.148656540523589],[-121.514131068408005,47.143601007792796],[-121.514154474314736,47.143546884585597],[-121.505430826313017,47.146738619002697],[-121.496530040459021,47.144525877724995],[-121.491195037042004,47.1467398484588],[-121.486860081544989,47.144981212423097],[-121.491550867575015,47.139581741532396],[-121.485379476166003,47.145332579423894],[-121.479699536772017,47.143678590696993],[-121.472360181350993,47.14777512448169],[-121.456543824987989,47.1411951747289],[-121.456005332490989,47.135507468126292],[-121.458043744538003,47.131638433412583],[-121.459020263276869,47.130799696296926],[-121.449230403127984,47.132242841168797],[-121.432719205527007,47.128091911036698],[-121.425944275300012,47.128776332974191],[-121.414645435994004,47.123171647452693],[-121.412533963895996,47.119522357533803],[-121.406793205203996,47.116931915957103],[-121.403372321796013,47.106546682568407],[-121.399456199891006,47.1046524324179],[-121.402652183686001,47.098623863340485],[-121.404700214106256,47.098011389505629],[-121.401333352254994,47.097708945005209],[-121.393000179295996,47.092023015013091],[-121.382512477187007,47.095127851378983],[-121.376769624537999,47.0887006067084],[-121.379743575321996,47.087009663837385],[-121.380103356311082,47.087168882218776],[-121.385894935608277,47.083798474280066],[-121.383596873781016,47.084320435461493],[-121.376074765948999,47.072244202793904],[-121.375271556680005,47.068217454697702],[-121.377320941370996,47.06459791645819],[-121.374129399334009,47.057002312162098],[-121.379208589438008,47.054032922864991],[-121.382160985656,47.049837779668508],[-121.385815059614742,47.049847454596843],[-121.38504511910601,47.049455468328389],[-121.386367642,47.046079539729],[-121.396362744071993,47.036998060578995],[-121.400429297357007,47.035878978432201],[-121.394809999539021,47.022772070066303],[-121.39665158506601,47.018739681589494],[-121.404299180362017,47.01477504255169],[-121.406207898236019,47.012172620696596],[-121.406170871480995,47.00901304934461],[-121.410276564041993,47.003411277475898],[-121.406643889468995,47.000560289169009],[-121.407206670845014,46.998250357659707],[-121.414206406709994,46.9948619374873],[-121.417234534882013,46.995251134662517],[-121.42057661842702,46.988720054851804],[-121.42780876058201,46.987878894432185],[-121.445939698491998,46.98018368776529],[-121.442157241398988,46.972933185372],[-121.45568923990902,46.964540914128499],[-121.458866987769653,46.965270146615595],[-121.457274978743001,46.96433253613381],[-121.458380848219008,46.960009845629102],[-121.452701150709999,46.956521646881491],[-121.453566549868015,46.952457276676505],[-121.450362582588014,46.948345006174797],[-121.452449462559002,46.941856745027593],[-121.449479907110003,46.934349554370002],[-121.456936957151015,46.928254005140495],[-121.456461883388997,46.923573944761507],[-121.465503138022996,46.920434488135385],[-121.474935806426004,46.914108709631599],[-121.487796285182,46.912456971811302],[-121.49230504225001,46.909310943201092],[-121.500058793918029,46.910090648896094],[-121.496603085049998,46.908978373718909],[-121.50319895771699,46.900526733392205],[-121.506940038200995,46.90044596718419],[-121.51154359379467,46.897420309178919],[-121.509399406740002,46.896522558694393],[-121.513897912893995,46.892147451612502],[-121.511783973236021,46.888370081802897],[-121.513001833586998,46.884990906574103],[-121.517394303711015,46.881689484547387],[-121.52016133270179,46.881380610449611],[-121.519356934198015,46.881129151836888],[-121.522651922767409,46.873578160946153],[-121.516540553168994,46.872704514706804],[-121.509243330229012,46.870100332684785],[-121.506758233197004,46.865104933874704],[-121.522726788002004,46.861026602015393],[-121.506704564966981,46.8650571386979],[-121.496150746411999,46.862751257972903],[-121.495164027799007,46.854204555361399],[-121.490007173571016,46.848922214264292],[-121.489877109288003,46.845466172721103],[-121.508242248768255,46.844544806159412],[-121.504292127816996,46.844477312246894],[-121.516792310019,46.84371716654951],[-121.488162951177003,46.844779425503702],[-121.482634671784993,46.838664224351291],[-121.483290673889016,46.834263253615198],[-121.480758156711019,46.833314655820814],[-121.476991482423003,46.834415164375095],[-121.471751544420997,46.830545657233202],[-121.470186994111017,46.826401588232898],[-121.471451491318007,46.821893244748495],[-121.474436092579012,46.820264372220201],[-121.481576270438012,46.821445736338191],[-121.473554309415007,46.819966362507202],[-121.461595387311007,46.812267529535092],[-121.458097459255995,46.81207292898231],[-121.455438411591999,46.802477983503501],[-121.450623881856004,46.800573751460192],[-121.449376335967997,46.797560690364691],[-121.442523251631016,46.792976492621101],[-121.448476547075998,46.791849106797294],[-121.45557589224201,46.785878603081393],[-121.455173738425003,46.780347332317504],[-121.448121895388994,46.773237797582809],[-121.447856402609005,46.769954875348994],[-121.456581068765004,46.767869180614298],[-121.460818681671014,46.768633868151802],[-121.464721924307,46.766578211938004],[-121.469574347261982,46.766977178643302],[-121.471830789375005,46.764869631482988],[-121.470738321656,46.763907568813195],[-121.478981283215006,46.762028229512701],[-121.478518592686996,46.76349373270061],[-121.480073544639012,46.763292852185288],[-121.482697122144017,46.766931028644798],[-121.490068704981994,46.765020126621401],[-121.494374706929008,46.765575491083894],[-121.496777867567999,46.76985731666101],[-121.501730543877002,46.771518376267906],[-121.510498750880018,46.769867486692803],[-121.520757173833999,46.770326333784809],[-121.521824874873985,46.777983229199613],[-121.524369482720999,46.779395200700094],[-121.525788692166003,46.777797747982191],[-121.527965329504994,46.77817102886911],[-121.532446416216018,46.785456580927502],[-121.531419871172005,46.783767852748291],[-121.572934714637981,46.783787976639708],[-121.573955253526094,46.784237877350705],[-121.570428153061002,46.782346147361899],[-121.566018230688996,46.7821484952959],[-121.561218611349986,46.777794807712908],[-121.555288847409017,46.776602583417898],[-121.551378916626007,46.773543189052994],[-121.558545402925006,46.772280087817393],[-121.569802952761009,46.774667277812796],[-121.572149518081005,46.772058780452006],[-121.577148460163983,46.772242352412995],[-121.585700063142014,46.769755060053491],[-121.586556867585003,46.764947458403391],[-121.594708027479015,46.761472135683206],[-121.602004674457007,46.767318859427604],[-121.604261547706017,46.770539522268898],[-121.60309879867701,46.773266899494494],[-121.608025566816011,46.77932629556139],[-121.608885367222001,46.783715376166811],[-121.629379766551011,46.783758672394704],[-121.626643705294001,46.786613858858097],[-121.630109336521983,46.783350775429803],[-121.625908449085998,46.777620246253598],[-121.629052900508015,46.778653749337899],[-121.633606992186529,46.776953517854892],[-121.628100438669009,46.769621804342307],[-121.628656715884006,46.763416049211401],[-121.630877074154,46.762973202582309],[-121.628487685574001,46.760563098187397],[-121.630446652263018,46.758730641203606],[-121.638425543642001,46.760342753415991],[-121.634799519059996,46.758972453022793],[-121.631131491016006,46.75422884528831],[-121.633406302666003,46.751087495506802],[-121.631733630553995,46.749070930665006],[-121.634323661134005,46.746411150951111],[-121.637975463488004,46.744670657960498],[-121.639997367760998,46.745692567371101],[-121.644230779400019,46.742485826940495],[-121.653019723145988,46.745623892457502],[-121.661689801541996,46.743236454236005],[-121.664088360276011,46.744829635006987],[-121.674610164189005,46.7462685832364],[-121.672086055201007,46.74778083697489],[-121.667364242329,46.747745798776805],[-121.662292659634005,46.750585400790385],[-121.65939568569901,46.756364545232294],[-121.65630094818799,46.758290191265502],[-121.65962845017502,46.757096243061099],[-121.667056519891005,46.757899647323597],[-121.681844804329003,46.762864511214005],[-121.68875636793301,46.762823702785198],[-121.693059148914998,46.765003542198407],[-121.693305996356003,46.769332743965194],[-121.699331386956018,46.767700630453291],[-121.698823543628009,46.764958835222494],[-121.702426732597019,46.767994896192796],[-121.709899540991984,46.767635805448407],[-121.712548580940989,46.763772960932009],[-121.715646139933,46.767716298644899],[-121.712063331485979,46.774259543331105],[-121.706285978232017,46.772439557284592],[-121.700272740192005,46.773207397141391],[-121.702759420371933,46.7760403294062],[-121.702616387666993,46.7757600204013],[-121.709276378252,46.7796477363094],[-121.715878795259982,46.778172163935395],[-121.718023829502997,46.779438182987697],[-121.719804532617317,46.783784627111018],[-121.719811530158012,46.783765334757106],[-121.73095610047632,46.784815813701236],[-121.729917424313996,46.78384985824529],[-121.758606199042006,46.783788080086708],[-121.759946953299007,46.782751851513709],[-121.765072753188008,46.792816960354884],[-121.760285757197011,46.782405332559797],[-121.777055005489018,46.77646045293649],[-121.787715015502997,46.7698162455481],[-121.790321535548003,46.764336103727807],[-121.798928787677994,46.761284476282199],[-121.805412192869994,46.756125824116197],[-121.804102923173005,46.751219748265704],[-121.809946915742017,46.747816894571393],[-121.817411866835997,46.747283963932006],[-121.820421380944012,46.7452861536594],[-121.829846855682007,46.735198977694914],[-121.832723699258011,46.729633568398398],[-121.841902878531002,46.72845226471],[-121.851302868689004,46.7292192276864],[-121.852438801877,46.72682452753709],[-121.855750753042017,46.725945012583715],[-121.856071976452995,46.723473064837897],[-121.862784799102016,46.72669360842729],[-121.866924986046982,46.726153370420995],[-121.872242844246017,46.727872810361895],[-121.874886006598004,46.7301156606758],[-121.879930039740017,46.7285736837947],[-121.883521368399997,46.729428743793918],[-121.889816166463021,46.733132562712903],[-121.892662485477999,46.732557348249507],[-121.891894509541999,46.729039410531293],[-121.89550553373698,46.730743412729197],[-121.894693700211008,46.731847786795093],[-121.901568743097997,46.735457094070405],[-121.917067631085999,46.733862364926999],[-121.939325477716991,46.737544127581494],[-121.943480698442016,46.742006851949299],[-121.952477608413005,46.745143093325602],[-121.957278725074985,46.741541855846506],[-121.962395933817007,46.741359556757288],[-121.969826143348996,46.743416444685991],[-121.977716570539016,46.740643719248787],[-121.980264102077996,46.741561579329499],[-121.985513937776005,46.739883833668493],[-121.985951285196009,46.741799279930497],[-121.991229824847991,46.744749067951091],[-121.992963990273012,46.743061564655008],[-121.998348501989014,46.743571770452604],[-121.998288855990339,46.745184819923402],[-122.001409525956007,46.739740638034093],[-122.007888160205013,46.741000754917685],[-122.007793434891994,46.739913065007698],[-122.011646079225017,46.738203402715705],[-122.013265658208013,46.7389270336434],[-122.013399035172995,46.737318823374792],[-122.016247919579996,46.736813928905207],[-122.033641885399007,46.742032668428692],[-122.037782984093013,46.742121720360288],[-122.042028973365021,46.739256955463397],[-122.046377022230004,46.741862128481294],[-122.061043549231997,46.7425023602365],[-122.071104259809999,46.746673766287493],[-122.076482018025018,46.743522245010595],[-122.074655169655003,46.742002487309598],[-122.07747466883302,46.739928477047812],[-122.087058155145996,46.738754682704503],[-122.09302737569098,46.740545244212008],[-122.102772770846997,46.738111215744688],[-122.108889767536013,46.738512783765593],[-122.119334347168007,46.733349144981204],[-122.124298095800981,46.736916470496801],[-122.122575770997997,46.745530681719899],[-122.14324752347602,46.753040645914403],[-122.146471584183018,46.752219637291098],[-122.146396616689003,46.748803102199503],[-122.152104455693021,46.745561503793702],[-122.171602305187008,46.742199336949497],[-122.173857238963009,46.747806069220594],[-122.171440072465984,46.741665865802709],[-122.175597972120997,46.741010644654203],[-122.183263704265016,46.735298096260706],[-122.186824751014015,46.734486212061107],[-122.191860802285007,46.727788329866009],[-122.199665345937007,46.724250437434101],[-122.212463084400014,46.723375321355689],[-122.229089555079,46.714332175082703],[-122.231087176867007,46.710094885672099],[-122.225943269262999,46.702143799239799],[-122.228587832406006,46.696132184163503],[-122.228405912316006,46.690092438319503],[-122.223063873778017,46.68001781210031],[-122.233590908937003,46.672182642515608],[-122.241404649448,46.669251240311397],[-122.247124277846012,46.669496295579307],[-122.253656793444989,46.678476409223308],[-122.257509551970998,46.679062985388903],[-122.261902768010003,46.677265975852201],[-122.265520303088991,46.687113269535189],[-122.272854927574002,46.695136534778598],[-122.27154681492901,46.702038409678003],[-122.273323875258995,46.705802505569601],[-122.269252425857005,46.708656371764903],[-122.269958659718,46.713223443484893],[-122.263628910384995,46.721291241967386],[-122.263675967586011,46.725251736613295],[-122.260335707275999,46.729234343381108],[-122.262776865328007,46.73227769806909],[-122.267600185195988,46.734062894472608],[-122.270013530488001,46.747729359396494],[-122.275072184536981,46.758459025850797],[-122.287599044846004,46.7643331227614],[-122.294017217253014,46.765326827089311],[-122.299944183538017,46.763932403530291],[-122.301801994539019,46.772387940608503],[-122.307841076798979,46.777533950883097],[-122.307817111234016,46.783964309509592],[-122.323015288650012,46.784379742016093],[-122.329468836534005,46.780987665166499],[-122.336379639415,46.784712734517008],[-122.33533109601602,46.787192820092713],[-122.341371196627009,46.789506785166402],[-122.33695807985201,46.792813770189703],[-122.332451919743988,46.792122653966693],[-122.332379741673989,46.796978906962792],[-122.327819539444008,46.800336520626601],[-122.334149735664511,46.806509015120483],[-122.339151945542014,46.804086047910296],[-122.344089148524986,46.804989590989408],[-122.351798644607982,46.808479312729887],[-122.351796893224019,46.808532435544656],[-122.359685945453009,46.805905162684695],[-122.360677175234997,46.804096472080694],[-122.375402021447002,46.801497535629203],[-122.378303111027009,46.8026039018267],[-122.379399538097019,46.807103955640407],[-122.382137204912979,46.808964345006999],[-122.390566615078001,46.808633123635893],[-122.393345287811997,46.812176529995391],[-122.410320564548996,46.818221378332098],[-122.420919032106013,46.819402334687695],[-122.428231009928012,46.815111219373001],[-122.430785385514994,46.817567683215607],[-122.434615924262999,46.8179636263906],[-122.439878313744003,46.813057712311],[-122.446406438370005,46.813156950848203],[-122.439577530796996,46.812784545343888],[-122.450734073877996,46.808175197329],[-122.456155878359993,46.808812704596207],[-122.457364594037998,46.807182613396797],[-122.461314402908997,46.806760996420699],[-122.459902232619015,46.80364142349049],[-122.461861519324017,46.800946344331287],[-122.468044296987003,46.799835528743202],[-122.467706017270999,46.797697004351697],[-122.474543613661979,46.799803336659096],[-122.480189444984006,46.803810050212597],[-122.483244886206009,46.802871136621505],[-122.48548175734102,46.803787331967605],[-122.487094697177,46.801948243207093],[-122.49221614100702,46.803408725827097],[-122.493946613445004,46.810479509712785],[-122.497755081516999,46.811896899919802],[-122.496248940613,46.813417870979791],[-122.497508744353993,46.815734371334997],[-122.501510075969009,46.816037576898097],[-122.504684770710014,46.813336152036001],[-122.507057037027991,46.816251748915192],[-122.515941805900994,46.818629967466009],[-122.515219968842004,46.820549541807793],[-122.51710217371101,46.820909985978801],[-122.520057225011001,46.827061147481196],[-122.529246804094996,46.832587100133502],[-122.534162278954014,46.833277644984008],[-122.536028475553991,46.834671142745094],[-122.535518657740994,46.837875122179902],[-122.538807099386005,46.840601338521708],[-122.535547856447991,46.843640048068302],[-122.531792731853002,46.843696970476294],[-122.527989226287559,46.845713224044026],[-122.529862679800004,46.845289971040501],[-122.532666919669012,46.848781851932294],[-122.535825555678002,46.849462276720992],[-122.534259258850014,46.853329228463501],[-122.538768048299019,46.853461877433901],[-122.545853517815019,46.850145802119705],[-122.543274394861996,46.858343945620298],[-122.552435035224988,46.862614865555102],[-122.560313270771005,46.863600019023302],[-122.563442781402017,46.861982473013803],[-122.56727426119501,46.864703743728093],[-122.574648039793004,46.866318971224992],[-122.575021783075002,46.865284586857399],[-122.584681423457994,46.865025711748693],[-122.586511807486019,46.863317139565709],[-122.589086576913999,46.86482067426801],[-122.593438251530998,46.864816700613197],[-122.593870538521998,46.859053341098807],[-122.598292384931995,46.861143260680095],[-122.601784092122003,46.860180051751506],[-122.607775454766994,46.855285995960202],[-122.618823014430006,46.851294786496602],[-122.621738483927004,46.853314906189205],[-122.623960596694005,46.852982587557896],[-122.624711239909018,46.855361416066906],[-122.629292639471998,46.855291011177592],[-122.631213656016996,46.856678940722603],[-122.626516657745015,46.859832040585005],[-122.628737482179005,46.860874045628201],[-122.626044480564019,46.864352352252197],[-122.629178137435005,46.867643747638503],[-122.625256004424003,46.872144731980491],[-122.630796860852001,46.870039684267603],[-122.634816596779018,46.870361752601298],[-122.640797519611013,46.867030647230592],[-122.643439461143018,46.869113029285892],[-122.645750631262004,46.86869688461821],[-122.652236312626997,46.864672577739185],[-122.651911107404999,46.862312431781497],[-122.655217135907009,46.861485971594711],[-122.655418786376018,46.864012929559003],[-122.660396763526009,46.865769427770097],[-122.659517318647005,46.867592226513693],[-122.665247297464006,46.869344147533305],[-122.663473122251006,46.870537117834992],[-122.662966722883013,46.871922086291796],[-122.670750985938,46.869285884162295],[-122.673327225845995,46.870946067809683],[-122.670183206285017,46.877459480962607],[-122.671782267489988,46.878918289746686],[-122.652828834535995,46.882269942569195],[-122.649373280659518,46.886191893402454],[-122.652624035776995,46.885747134094999],[-122.65483805148699,46.886088166608403],[-122.655567492260005,46.888782460132191],[-122.653101745106994,46.890504046719997],[-122.654016826017994,46.891806533265296],[-122.658796976074015,46.891396142511894],[-122.660564648307997,46.893472085968696],[-122.662808828715015,46.892547438276594],[-122.663771994673013,46.893964439966297],[-122.665972721030982,46.89304601010889],[-122.665052587593991,46.89519326395439],[-122.668452651137997,46.896608432210797],[-122.670609198464007,46.895883770508696],[-122.672529633805013,46.898994951294704],[-122.676020136589017,46.898799658941201],[-122.681719062962998,46.893991577248698],[-122.683463261639986,46.896914990275704],[-122.686635025618983,46.897709820612896],[-122.689512571232996,46.896231577266008],[-122.686914878598017,46.898873647924894],[-122.689841325103998,46.902223693600682],[-122.687178796152011,46.904986637443507],[-122.68709919003598,46.909911051387795],[-122.689150910031017,46.911587393073191],[-122.686360251373017,46.91454890060249],[-122.687607466185995,46.91848742157179],[-122.685239838173999,46.919496306937894],[-122.683764612466007,46.9246913119255],[-122.679901525535001,46.926104858058899],[-122.677367519003013,46.923216393831694],[-122.67265313855701,46.923804574678293],[-122.670574863074009,46.928197970186595],[-122.666492698345991,46.927705569333703],[-122.662363205702007,46.932086037490301],[-122.668568688020002,46.932631550920199],[-122.673939041879009,46.9392606473575],[-122.676717556220993,46.935360389280206],[-122.679651751559007,46.93760529980019],[-122.68219804050301,46.936643475800892],[-122.684445050920019,46.937726419181793],[-122.680486806427012,46.946965806279003],[-122.682351121469011,46.953201813022993],[-122.677768034781124,46.953658742109845],[-122.677527361505,46.957193969179094],[-122.675030596967005,46.958286820715287]],[[-122.420498895380007,47.253645934262998],[-122.420325310052021,47.253402055195579],[-122.420433560037992,47.255169882055988],[-122.420498895380007,47.253645934262998]],[[-122.364671578633192,47.250825621704003],[-122.357361694647992,47.25855597716091],[-122.357226300093643,47.259405363470485],[-122.357392810533995,47.25910027672721],[-122.364671578633192,47.250825621704003]],[[-121.528444098037014,46.845679218635297],[-121.52848958565103,46.845518540024791],[-121.516792310019,46.84371716654951],[-121.528444098037014,46.845679218635297]],[[-121.605179659716995,46.788879667421099],[-121.605132051015033,46.788867981416175],[-121.604846095970998,46.792502889668214],[-121.608885367222001,46.783715376166811],[-121.605179659716995,46.788879667421099]],[[-121.901771183654418,46.737707255295426],[-121.901785993416425,46.737676302229531],[-121.901568743097997,46.735457094070405],[-121.901771183654418,46.737707255295426]],[[-122.168388996325007,46.751288819449101],[-122.168554527915347,46.752445001495886],[-122.173857238963009,46.747806069220594],[-122.168388996325007,46.751288819449101]],[[-122.586284415950672,47.183689283632781],[-122.58604676249,47.1840749363543],[-122.586247777035723,47.183824027619664],[-122.586284415950672,47.183689283632781]],[[-122.586662388817984,47.182299202078092],[-122.582375395158152,47.180814979424227],[-122.584929188732005,47.182686810521197],[-122.586627228463442,47.182428515480396],[-122.586662388817984,47.182299202078092]],[[-122.574236252858995,47.172154346416207],[-122.573112855533097,47.1745500006421],[-122.573197265614994,47.174557893796198],[-122.574034993881995,47.17330379194329],[-122.574586579031234,47.176703024525764],[-122.574236252858995,47.172154346416207]],[[-122.544176526103016,47.181484674856691],[-122.540284244058711,47.181150594059382],[-122.544567649232988,47.18180084684019],[-122.545734933020256,47.180156724178914],[-122.544176526103016,47.181484674856691]],[[-122.537784717138322,47.180210134937838],[-122.537577232087003,47.180739558779401],[-122.537900604595336,47.18078866366487],[-122.537784717138322,47.180210134937838]],[[-122.537309274207985,47.177836516854299],[-122.527929495172557,47.17873368466585],[-122.537375626187767,47.178167787461597],[-122.537309274207985,47.177836516854299]],[[-122.517592154786456,47.177967968204598],[-122.518063167693995,47.177894696632706],[-122.518419146049993,47.182481268840796],[-122.523770971360008,47.184008616851692],[-122.521720670049987,47.190050458109098],[-122.522067408609942,47.190187954094277],[-122.523770972565998,47.184008616830603],[-122.518419147255983,47.182481268819799],[-122.518271180750006,47.175585643369502],[-122.517592154786456,47.177967968204598]],[[-122.514302826583545,47.178452070977222],[-122.514311675211005,47.178478225809997],[-122.514412475676465,47.178462548489556],[-122.514302826583545,47.178452070977222]],[[-122.511228684587707,47.176523850532789],[-122.512306978069063,47.177692291671057],[-122.512842482898932,47.177591268739214],[-122.511228684587707,47.176523850532789]],[[-122.508558137978,47.178467925055699],[-122.509828590196392,47.182137672353839],[-122.510284748139,47.181934351901404],[-122.50863894963058,47.178455904473481],[-122.508558137978,47.178467925055699]],[[-122.50856655613174,47.182700163358241],[-122.508566557131999,47.182700172890897],[-122.508566558229418,47.182700172401795],[-122.50856655613174,47.182700163358241]],[[-122.507512635118019,47.178156094532298],[-122.505296303757007,47.177269768282905],[-122.50762142637501,47.17613546105639],[-122.505296302551017,47.177269768303795],[-122.507642074626148,47.178714225578879],[-122.507512635118019,47.178156094532298]],[[-122.504601940401997,47.17419500587399],[-122.504601935137615,47.17419500657202],[-122.499594953599001,47.176405199692297],[-122.499594956901845,47.176405199581431],[-122.504601940401997,47.17419500587399]],[[-122.48377111825701,47.174943865184609],[-122.485453436678981,47.176387439740104],[-122.485453437950554,47.176387439423806],[-122.48377111825701,47.174943865184609]],[[-122.474732845381993,47.173851858099596],[-122.474732845350218,47.173851858137141],[-122.474826125555666,47.173852457391689],[-122.474732845381993,47.173851858099596]],[[-122.472943679462148,47.175965140195395],[-122.473004754873728,47.176007445725311],[-122.474732815509924,47.173851893384807],[-122.472943679462148,47.175965140195395]],[[-122.473944634437004,47.1801848990848],[-122.476901386903208,47.180833823815831],[-122.476901386945016,47.180833822737711],[-122.473944634408767,47.180184897990976],[-122.473944634437004,47.1801848990848]],[[-122.476551908361984,47.187381074115066],[-122.476648284728995,47.187362117088007],[-122.476655671927389,47.187171603502897],[-122.476551908361984,47.187381074115066]],[[-122.471868159256019,47.188111918685408],[-122.471956736176011,47.188284824747285],[-122.472141545156092,47.188248481795064],[-122.471868159256019,47.188111918685408]],[[-122.468460464201982,47.186409576137208],[-122.468547378824994,47.184716133701706],[-122.468547377549029,47.184716133678975],[-122.468460462995992,47.186409576157686],[-122.468460464513257,47.186409576292718],[-122.468460464201982,47.186409576137208]],[[-122.457368549946722,47.172488212334194],[-122.457252017379005,47.172514776200494],[-122.459513936573003,47.174812126113906],[-122.457368549946722,47.172488212334194]],[[-122.460098292821982,47.172043334848297],[-122.459735415055022,47.171948648528449],[-122.45865224051785,47.172195582498041],[-122.460098292821982,47.172043334848297]],[[-122.458538809464002,47.170127028107103],[-122.462708838807998,47.169923532312303],[-122.458533733319015,47.169792293356807],[-122.455607706520993,47.1655916449335],[-122.457910624787999,47.1714724803617],[-122.458538809464002,47.170127028107103]],[[-122.456179920367006,47.159694860999899],[-122.459490653663565,47.160568195340929],[-122.455701769888009,47.159190536544905],[-122.455607706520993,47.1655916449335],[-122.456179920367006,47.159694860999899]],[[-122.438519631039014,47.155062696239291],[-122.434562569245003,47.155151071903902],[-122.440354421171008,47.156134342699197],[-122.438519631039014,47.155062696239291]],[[-122.428975276740985,47.158766097104397],[-122.428513199177289,47.155765542129892],[-122.428720981361408,47.15925536557468],[-122.434197616723011,47.159409084002398],[-122.428975276740985,47.158766097104397]],[[-122.426891935638011,47.162596764556],[-122.428306453686872,47.169952237100361],[-122.428152741502927,47.161035143264272],[-122.426891935638011,47.162596764556]],[[-122.420978796217994,47.170008324895498],[-122.428306453806002,47.169952244010091],[-122.428306453805831,47.169952243999262],[-122.420978796217994,47.170008324895498]],[[-122.410746099970225,47.175726975799392],[-122.420894587522994,47.174348155450502],[-122.420894847882892,47.174334738742743],[-122.410746099970225,47.175726975799392]],[[-122.409575900398337,47.177894560986694],[-122.411464153331011,47.179807584443097],[-122.412556810525587,47.179582118727538],[-122.411310019867997,47.179523355184394],[-122.411229850414742,47.178983784275907],[-122.409575900398337,47.177894560986694]],[[-122.398740632678781,47.1550482890393],[-122.397823042160994,47.155974983935693],[-122.398544492825479,47.158174541757596],[-122.398740632678781,47.1550482890393]],[[-122.399013003233009,47.150706344169706],[-122.402165218882999,47.147481096388603],[-122.402072130367543,47.14744893647029],[-122.399013002027019,47.150706344189494],[-122.399013002991438,47.150706348020904],[-122.399013003233009,47.150706344169706]],[[-122.40088587696448,47.147039103483664],[-122.400870104142982,47.147262807610396],[-122.391744453903996,47.146516318015394],[-122.391745759762003,47.144412740668599],[-122.394330526201998,47.143703923298602],[-122.390219369455664,47.14398490311261],[-122.390252298567262,47.14411433868522],[-122.391426263476021,47.143973178782588],[-122.391744452699001,47.146516318035104],[-122.401857282043025,47.147374710931828],[-122.40088587696448,47.147039103483664]],[[-122.383985453316015,47.147285846833491],[-122.383985435294704,47.147285775705896],[-122.383985452109997,47.147285846853208],[-122.388830190240981,47.147324329562302],[-122.388833082968929,47.147264394504838],[-122.383985453316015,47.147285846833491]],[[-122.38350786537201,47.145400805393692],[-122.383448915198997,47.145460434032223],[-122.383511549414393,47.145415346832806],[-122.38350786537201,47.145400805393692]],[[-122.378844861063001,47.150116966277693],[-122.378633063840994,47.15155115127466],[-122.379695105095053,47.149257106861796],[-122.378844861063001,47.150116966277693]],[[-122.375743403754456,47.155107572289474],[-122.375877001837111,47.157503354743994],[-122.377061124087788,47.1549462069665],[-122.375743403754456,47.155107572289474]],[[-122.374030002387002,47.153057602586991],[-122.373699909119239,47.153494833181554],[-122.374104657888722,47.15315179948464],[-122.374030002387002,47.153057602586991]],[[-122.368010495255533,47.154502149086049],[-122.372396472490991,47.154599485005292],[-122.372444284907942,47.15455896545555],[-122.368010495255533,47.154502149086049]],[[-122.367585770062021,47.153187457771494],[-122.367585769135999,47.153187457922449],[-122.368010411337991,47.154502147222097],[-122.368010412319748,47.154502147243896],[-122.367585770062021,47.153187457771494]],[[-122.363107881183169,47.153917286871845],[-122.364557367819998,47.154537870719501],[-122.367585765280026,47.153187458551002],[-122.363107881183169,47.153917286871845]],[[-122.361043025296937,47.154253761749295],[-122.361079922638723,47.154720666957409],[-122.361849854756031,47.154122291251994],[-122.361043025296937,47.154253761749295]],[[-122.359429410241788,47.145924939438864],[-122.357549353527006,47.146110633586403],[-122.357549353505988,47.1461106338881],[-122.3595382999398,47.146584434799685],[-122.359429410241788,47.145924939438864]],[[-122.359419726901891,47.140227986407645],[-122.359234391753006,47.140256782274292],[-122.359276438580125,47.140597534074793],[-122.359419726901891,47.140227986407645]],[[-122.36340636254026,47.139852841225789],[-122.36338443028302,47.13961190364703],[-122.361653196799281,47.139880941959269],[-122.36340636254026,47.139852841225789]],[[-122.366562913585014,47.139802178504098],[-122.3665448234254,47.13949020255847],[-122.364312816674129,47.139838301528933],[-122.366562913585014,47.139802178504098]],[[-122.380463511809708,47.126862779700851],[-122.380050769172996,47.126999779424196],[-122.380050543439964,47.126998326486948],[-122.377782286843996,47.136648347605998],[-122.380463511809708,47.126862779700851]],[[-122.368034752916998,47.115168040491696],[-122.368142642481004,47.111022355252395],[-122.367996055814729,47.115257809271121],[-122.368141302864757,47.115199812668763],[-122.368034752916998,47.115168040491696]],[[-122.337483910347999,47.116516731217096],[-122.341614818863007,47.116465238962888],[-122.341620068718626,47.116339711289555],[-122.337483910347999,47.116516731217096]],[[-122.337574358189926,47.118393171361056],[-122.337574358202005,47.118393171370393],[-122.338926559200004,47.124072196776496],[-122.337483910347999,47.116516731217096],[-122.337574358189926,47.118393171361056]],[[-122.33761850221012,47.132842838523814],[-122.337894903755881,47.132830217343823],[-122.338926559200004,47.124072196776496],[-122.33761850221012,47.132842838523814]],[[-122.335734433702015,47.114662776787696],[-122.335734433043669,47.1146627766487],[-122.334488610517994,47.116013277688516],[-122.334488610977516,47.116013278042949],[-122.335734433702015,47.114662776787696]],[[-122.332387013982981,47.113955994170389],[-122.332096413889062,47.114010143285604],[-122.335734407961738,47.114662771353274],[-122.332387013982981,47.113955994170389]],[[-122.325267029138018,47.116727826760204],[-122.324772352337746,47.11899711939143],[-122.326554618972892,47.116629819050431],[-122.325267029138018,47.116727826760204]],[[-122.323812211753221,47.118871243550103],[-122.321703087105988,47.119045867311961],[-122.323377833834826,47.119019278391569],[-122.323812211753221,47.118871243550103]],[[-122.324841468348993,47.1185204657342],[-122.324932969905348,47.117086261288293],[-122.324623186607909,47.118594858835131],[-122.324841468348993,47.1185204657342]],[[-122.325299030756995,47.111347745648999],[-122.325299030717915,47.111347745643016],[-122.325299030716693,47.111347746280778],[-122.325299030756995,47.111347745648999]],[[-122.323539660798019,47.101486296878385],[-122.325555391493992,47.101640643143092],[-122.325555390874598,47.101640642002174],[-122.32353966077001,47.101486296056109],[-122.322035048534985,47.103316243847793],[-122.323539660798019,47.101486296878385]],[[-122.326682958812995,47.096540373305793],[-122.329653896896019,47.096244137298399],[-122.329653896232699,47.096244136539461],[-122.326682958774981,47.096540372209297],[-122.324577875770999,47.099840018158098],[-122.324577876109615,47.099840018781855],[-122.326682958812995,47.096540373305793]],[[-122.330984485412998,47.091421903319898],[-122.330984484561725,47.091421903409518],[-122.328544818086996,47.094975114696801],[-122.328544818529892,47.094975115203567],[-122.330984485412998,47.091421903319898]],[[-122.326704671465677,47.091872389511373],[-122.326746002470998,47.092017217307195],[-122.330984454114457,47.091421906614947],[-122.326704671465677,47.091872389511373]],[[-122.319833320299992,47.086409098175906],[-122.320058766956791,47.086139891133712],[-122.318955558029145,47.086542931572339],[-122.319884698382253,47.086433900223248],[-122.319833320299992,47.086409098175906]],[[-122.320869685498991,47.085171542627322],[-122.325709587602546,47.084658405882564],[-122.325674911113012,47.0846427586524],[-122.315373386963003,47.085584782233987],[-122.320120961139665,47.086065624169926],[-122.320869685498991,47.085171542627322]],[[-122.334780423723998,47.089185840261301],[-122.335180940798551,47.088931472782143],[-122.325955266461435,47.084769264109795],[-122.334780423723998,47.089185840261301]],[[-122.338366995735996,47.086907879369797],[-122.341699291731004,47.089074591072901],[-122.337916046397268,47.085933859964406],[-122.337983280177014,47.086863787197693],[-122.337253337028528,47.087615237139012],[-122.338366995735996,47.086907879369797]],[[-122.345261486725079,47.091612759939899],[-122.345259350842994,47.091593006874902],[-122.340379504083998,47.090461928163705],[-122.345261486725079,47.091612759939899]],[[-122.345672914971018,47.09616889121839],[-122.345754425907373,47.096171185866822],[-122.345344340055675,47.092378993324438],[-122.345672914971018,47.09616889121839]],[[-122.354050829683999,47.096404437020396],[-122.356422389867021,47.095965389608402],[-122.34624828475981,47.096185087449356],[-122.354050829683999,47.096404437020396]],[[-122.358031108360962,47.091472461600432],[-122.357990223234012,47.091480405198396],[-122.356422389867021,47.095965389608402],[-122.358031108360962,47.091472461600432]],[[-122.362999641662,47.090586769528407],[-122.36284863864104,47.090536341481794],[-122.359294629581186,47.09122696285791],[-122.362999641662,47.090586769528407]],[[-122.369415591631011,47.078096693866101],[-122.368861293860888,47.078039892577841],[-122.367787992858254,47.078742161261182],[-122.369415591631011,47.078096693866101]],[[-122.358192732650011,47.076946093201201],[-122.362776643367013,47.078169104558995],[-122.366984384211904,47.077847536733046],[-122.358192732650011,47.076946093201201]],[[-122.333947446720998,47.06206873276691],[-122.333948833329814,47.062068420443687],[-122.332074886065996,47.0580056793221],[-122.329071260541994,47.058952025644111],[-122.327176307664018,47.062329515203906],[-122.315714615043021,47.062833615844482],[-122.315371085980999,47.060692917548103],[-122.307437948602001,47.061433445489094],[-122.303542377113004,47.060017293467496],[-122.300490888693005,47.061230720359291],[-122.300490888870002,47.061230721121959],[-122.303542377141,47.060017294289892],[-122.307437948629001,47.061433446311391],[-122.315371086009009,47.060692918370393],[-122.315714615071002,47.062833616666893],[-122.327176307701009,47.062329516300309],[-122.329071260578999,47.058952026740499],[-122.33207488609402,47.058005680144376],[-122.334507511786015,47.065294672547495],[-122.333947446720998,47.06206873276691]],[[-122.299892703075002,47.061604356666102],[-122.296760469787984,47.063017654098701],[-122.294853733418989,47.062165838832598],[-122.294632847126991,47.068489385496491],[-122.293340254810019,47.063355671019004],[-122.286990915562015,47.069120758942901],[-122.287421170735001,47.069309475697594],[-122.293340254837005,47.063355671841407],[-122.29463284715402,47.068489386318795],[-122.294853733446018,47.062165839654995],[-122.296760469823994,47.06301765519521],[-122.299892703111013,47.06160435776259],[-122.300807946115995,47.062596889253705],[-122.300807945870034,47.062596888193816],[-122.299892703075002,47.061604356666102]],[[-122.283682516373005,47.067669543081614],[-122.268966769467994,47.067468018271406],[-122.261849271575002,47.06536930492009],[-122.261849192104137,47.065369315838126],[-122.261849271602003,47.065369305742493],[-122.268966769494995,47.06746801909371],[-122.283682516409016,47.067669544177988],[-122.283682527696698,47.067669549129576],[-122.283682516373005,47.067669543081614]],[[-122.254332019296939,47.066401789332879],[-122.255407075308014,47.069031775847307],[-122.254685372636843,47.066353268698577],[-122.254332019296939,47.066401789332879]],[[-122.251836940938006,47.066744366855602],[-122.243942372037992,47.065798660098892],[-122.240223842443996,47.059846480389602],[-122.235873246913002,47.057846830152592],[-122.234572430244,47.054396238828204],[-122.235395834030655,47.053692335064746],[-122.230919753078382,47.054509675428648],[-122.234565365619005,47.054391287557792],[-122.235873246938993,47.057846830975002],[-122.240223842470002,47.059846481211899],[-122.243942372065021,47.065798660921203],[-122.251836940965006,47.066744367677998],[-122.251836943429367,47.066744366513568],[-122.251836940938006,47.066744366855602]],[[-122.23660830665051,47.052655782805992],[-122.236518173058002,47.052655800165304],[-122.235768185828093,47.052043028383672],[-122.236253532940538,47.0529590871474],[-122.23660830665051,47.052655782805992]],[[-122.256597571167021,47.048235946400304],[-122.257743211257875,47.047478946789532],[-122.248086767622993,47.050305664771017],[-122.256597571167021,47.048235946400304]],[[-122.314997476692994,47.022313621910705],[-122.315742554029967,47.021785470299811],[-122.314997475518709,47.022313621909966],[-122.314997476692994,47.022313621910705]],[[-122.325747006255995,47.011691577977501],[-122.329470154223003,47.009435188565398],[-122.325747004652996,47.011691578002896],[-122.325664320545002,47.014187914928208],[-122.325747006255995,47.011691577977501]],[[-122.328590487982069,47.003492166522733],[-122.328590487887013,47.00349216652041],[-122.329470154223003,47.009435188565398],[-122.328590487982069,47.003492166522733]],[[-122.440829181563146,47.016140434850151],[-122.440829193686994,47.016140396197294],[-122.440829193325342,47.01614039615901],[-122.440829181563146,47.016140434850151]],[[-122.440004353630997,47.018853521546383],[-122.443103404060992,47.017498189226707],[-122.440008200093203,47.018840870135278],[-122.440004353630997,47.018853521546383]],[[-122.432538381794018,47.008264419999783],[-122.432425416240022,47.008231602418086],[-122.433567184376017,47.010490799645801],[-122.432538381794018,47.008264419999783]],[[-122.42664637882099,47.005096124599611],[-122.427580006448935,47.004913139222438],[-122.426602515547629,47.005091377393114],[-122.427715611650981,47.006863223995808],[-122.42664637882099,47.005096124599611]],[[-122.42221737305772,47.003944060698025],[-122.423314584861984,47.005425326903897],[-122.424348267625845,47.005306804826141],[-122.42221737305772,47.003944060698025]],[[-122.42157973750102,47.003536260513982],[-122.419126266394002,47.005222292757189],[-122.421757152662721,47.00364972746052],[-122.42157973750102,47.003536260513982]],[[-122.389886508089489,46.998466514136993],[-122.389880021489006,46.998544001477498],[-122.394871518273007,46.999079671550604],[-122.389886508089489,46.998466514136993]],[[-122.408142182649996,46.97268568294789],[-122.402900405126999,46.980443069471399],[-122.397547266971017,46.979833748770496],[-122.403326249649993,46.980610303293794],[-122.408142182649996,46.97268568294789]],[[-122.402218992640002,46.951019690152897],[-122.394878038505041,46.966824986539734],[-122.394875642744765,46.967876467103189],[-122.402218992640002,46.951019690152897]],[[-122.381353795447012,46.960142947845192],[-122.381353795517867,46.960142949270875],[-122.386171085401017,46.9641752857206],[-122.381353795447012,46.960142947845192]],[[-122.376243045687801,46.968068527910766],[-122.376320121600997,46.968079988637605],[-122.375318464569986,46.965907152783792],[-122.376243045687801,46.968068527910766]],[[-122.373073391742011,46.965249273077099],[-122.374870594767998,46.967864443178286],[-122.376200981187921,46.968062273147545],[-122.373073391742011,46.965249273077099]],[[-122.366035933043449,46.960291030593879],[-122.366290228577995,46.963027237398791],[-122.36820001899099,46.964755988293504],[-122.366035933043449,46.960291030593879]],[[-122.368133482586018,46.95945396418179],[-122.368828424434994,46.956550733545697],[-122.368828422517979,46.956550733948546],[-122.368133480984,46.959453964207803],[-122.366023616159012,46.960158494817406],[-122.366028250322898,46.960208360789103],[-122.368133482586018,46.95945396418179]],[[-122.366419667752993,46.954969355550297],[-122.366419667739166,46.954969355549736],[-122.366455512995003,46.957049356635387],[-122.366419667752993,46.954969355550297]],[[-122.362406768455998,46.948412243792603],[-122.36240676835763,46.948412243781988],[-122.361854404333997,46.954781834382906],[-122.361854404432975,46.954781834386978],[-122.362406768455998,46.948412243792603]],[[-122.34514858901872,46.944826415806382],[-122.34583499255902,46.946705683661492],[-122.345834993688726,46.94670568344722],[-122.34514858901872,46.944826415806382]],[[-122.342353450814002,46.943930076360409],[-122.342353450018678,46.943930076452197],[-122.34294141385439,46.944035318040676],[-122.342353450814002,46.943930076360409]],[[-122.32858058643366,46.936755935251746],[-122.328540311314782,46.936845887946042],[-122.337441029000985,46.936682212615999],[-122.32858058643366,46.936755935251746]],[[-122.334819667290006,46.93558965701299],[-122.335195181129009,46.934091067552203],[-122.334819667251992,46.935589655916502],[-122.329499161817992,46.934704250686693],[-122.329196069044755,46.935381242173762],[-122.334819667290006,46.93558965701299]],[[-122.338468536597986,46.935110211917099],[-122.340564333985995,46.9333576184777],[-122.346439887069991,46.934079244780399],[-122.347591247883003,46.93293310891309],[-122.347591276377571,46.932933115288229],[-122.347591247854993,46.932933108090694],[-122.34643988704201,46.934079243958102],[-122.340564333947995,46.933357617381198],[-122.33846853574029,46.93511021165007],[-122.338468536597986,46.935110211917099]],[[-122.356490802623398,46.934923801908504],[-122.35359513786301,46.934121648664785],[-122.353571328060909,46.934270852908135],[-122.356490802623398,46.934923801908504]],[[-122.357367167107,46.925159386307989],[-122.354504220506982,46.928424230402307],[-122.353860174990047,46.932460733756635],[-122.357367167107,46.925159386307989]],[[-122.444094671755991,46.871812794184791],[-122.442885513837993,46.871831182783701],[-122.431459149107013,46.87958868916769],[-122.444094671755991,46.871812794184791]],[[-122.45013876802139,46.88027877842886],[-122.450902961018812,46.878771351311265],[-122.450302824670999,46.878764478285888],[-122.45013876802139,46.88027877842886]],[[-122.452452233404998,46.875715018548497],[-122.45789778539401,46.875331674483796],[-122.457913103914663,46.875280172367475],[-122.452452233374999,46.875715017726186],[-122.452452227913298,46.875715029382924],[-122.452452233404998,46.875715018548497]],[[-122.466396291997981,46.870287234047481],[-122.46991240925199,46.87165883739361],[-122.476167015411008,46.870096650738901],[-122.47882447202602,46.872685870204087],[-122.484937281163269,46.873178772150325],[-122.484937281168996,46.873178771330899],[-122.47882447199602,46.872685869381698],[-122.476167015371004,46.870096649642385],[-122.46991240922199,46.871658836571299],[-122.466799522268005,46.870402742589597],[-122.483437783065,46.869723741532802],[-122.466396291967982,46.870287233225191],[-122.459838395142,46.872489735903699],[-122.459748571546143,46.872099808042066],[-122.459194165529567,46.873092084339717],[-122.466396291997981,46.870287234047481]],[[-122.490740009612566,46.867833162219931],[-122.490609082884873,46.867693818661913],[-122.483437783065,46.869723741532802],[-122.490740009612566,46.867833162219931]],[[-122.487679750479984,46.864575942068001],[-122.484407572787703,46.863604557700825],[-122.489962941051346,46.867006125846579],[-122.487679750479984,46.864575942068001]],[[-122.482174817818631,46.862941664434032],[-122.48245597896198,46.863354874172295],[-122.482080853520188,46.864001664225476],[-122.483672070959955,46.863386197663715],[-122.482174817818631,46.862941664434032]],[[-122.480928385286006,46.865988640011402],[-122.478113961977016,46.862380133858096],[-122.476891109735817,46.862050203882355],[-122.481047246850011,46.866313653513792],[-122.481055024388155,46.865770308785649],[-122.480928385286006,46.865988640011402]],[[-122.470116185506001,46.858301582594194],[-122.469073185418637,46.858279909614602],[-122.471043055080997,46.86047214119349],[-122.470116185506001,46.858301582594194]],[[-122.459098357227745,46.854385038168282],[-122.458634156951021,46.8553040054802],[-122.463610540416994,46.858166243305703],[-122.459098357227745,46.854385038168282]],[[-122.456759428127825,46.852424739238742],[-122.455971421106653,46.853473247270074],[-122.456882211232312,46.852527650718478],[-122.456759428127825,46.852424739238742]],[[-122.445258143733,46.850222039691502],[-122.454320929106004,46.855186709870601],[-122.454500754152662,46.855000030532956],[-122.445258143733,46.850222039691502]],[[-122.451097517471368,46.856091579573565],[-122.449490660416998,46.8555840115934],[-122.447020099263014,46.856511713413603],[-122.451097517471368,46.856091579573565]],[[-122.45100878512477,46.856203789507028],[-122.454949638416139,46.857308242420523],[-122.451124352359969,46.856100055805122],[-122.45100878512477,46.856203789507028]],[[-122.44618061995601,46.8586266015582],[-122.445521900534004,46.860543156043406],[-122.447557288077419,46.858856070693193],[-122.44618061995601,46.8586266015582]],[[-122.413963533481777,46.876048924966234],[-122.413834483407996,46.874952413990208],[-122.410416430959017,46.871660969568609],[-122.413963533481777,46.876048924966234]],[[-122.407472920554994,46.882526663009699],[-122.41422382254602,46.878260414247805],[-122.414162294589431,46.877737671239913],[-122.407472920554994,46.882526663009699]],[[-122.398823368855005,46.882761416288098],[-122.398808088242845,46.882817910355257],[-122.403119472284018,46.881103731594706],[-122.398823368855005,46.882761416288098]],[[-122.370883704846776,46.895161844874401],[-122.371339310848995,46.895711768682304],[-122.373334495854536,46.894966528786327],[-122.370883704846776,46.895161844874401]],[[-122.354413091360612,46.894965979998318],[-122.357471947202001,46.895028125559193],[-122.357810647987776,46.89486687038805],[-122.354413091360612,46.894965979998318]],[[-122.352399862829003,46.893377615300786],[-122.352278816419243,46.893384728341132],[-122.353062324573997,46.89493851094899],[-122.353409450491625,46.894945571588678],[-122.352399862829003,46.893377615300786]],[[-122.333905638445003,46.890208959609502],[-122.333775106775718,46.890217456541052],[-122.340271922496981,46.894089642663396],[-122.333905638445003,46.890208959609502]],[[-122.328206257687725,46.890579818361743],[-122.328029791154719,46.891757441752297],[-122.333429690024616,46.890239940640235],[-122.328206257687725,46.890579818361743]],[[-122.331970054894015,46.889593444342196],[-122.328231269008995,46.8904129046294],[-122.328209528806696,46.890557988521991],[-122.331970054894015,46.889593444342196]],[[-122.371236858698282,46.845513509521602],[-122.358134789293018,46.84780540210361],[-122.366646579869993,46.846511616314309],[-122.36680281790656,46.846715499859521],[-122.371236858698282,46.845513509521602]],[[-122.373522950110001,46.844893702039499],[-122.375102427703936,46.843147678020735],[-122.373063726981826,46.845018211918109],[-122.373522950110001,46.844893702039499]],[[-122.380439546942,46.839689736625409],[-122.379235829234005,46.839354714624001],[-122.379122256760468,46.839458942174673],[-122.380439546942,46.839689736625409]],[[-122.388964484826019,46.845476787610501],[-122.38488444445801,46.840926707078197],[-122.384308655790974,46.840766483776001],[-122.388964484826019,46.845476787610501]],[[-122.408342021281072,46.842545549644591],[-122.408342021295013,46.842545549480803],[-122.388964484826019,46.845476787610501],[-122.408342021281072,46.842545549644591]],[[-122.416625939113459,46.845295826122729],[-122.41662593909102,46.845295826070995],[-122.408063652094995,46.8458174876355],[-122.416625939113459,46.845295826122729]],[[-122.433823918894504,46.850108803216955],[-122.433823918487732,46.850108803126126],[-122.427042997089004,46.850781686703598],[-122.433823918894504,46.850108803216955]],[[-122.422714931799987,46.839371037251794],[-122.420794131362996,46.840268973836295],[-122.420794132203369,46.840268974279411],[-122.422714931799987,46.839371037251794]],[[-122.407799039918018,46.835817788704404],[-122.405974630456527,46.83717569000261],[-122.409882469862382,46.83593480616463],[-122.407799039918018,46.835817788704404]],[[-122.388590928133226,46.839629557304058],[-122.388671065259999,46.839686435435198],[-122.388961633400683,46.839622682139556],[-122.388590928133226,46.839629557304058]],[[-122.356241110820079,46.837290885879],[-122.357128517402018,46.838002788894208],[-122.364630537865438,46.839885630970691],[-122.356241110820079,46.837290885879]],[[-122.354069862024005,46.830865080580502],[-122.355798840050994,46.824867934616705],[-122.354069861995001,46.830865079758091],[-122.350642058928997,46.832798574648194],[-122.350642059542423,46.832798575140409],[-122.354069862024005,46.830865080580502]],[[-122.677837534305397,47.052174922785042],[-122.677837535262995,47.052174923234702],[-122.67913565076239,47.049676017373805],[-122.679135649412004,47.049676016915889],[-122.677837534305397,47.052174922785042]],[[-122.671202988007153,47.051188386214086],[-122.671202988203021,47.05118838646419],[-122.674078503205479,47.050409700974406],[-122.674078502795993,47.050409700782097],[-122.671202988007153,47.051188386214086]],[[-122.66003189560891,47.041256930819664],[-122.660409787394983,47.041234181074614],[-122.660061611852996,47.041119994914609],[-122.66003189560891,47.041256930819664]],[[-122.656735140669014,47.045297128976692],[-122.655873053403013,47.051270578672707],[-122.651524581033016,47.053859853532593],[-122.650779954258013,47.056108981598697],[-122.651724955500711,47.057439813866544],[-122.651524582236007,47.05385985351019],[-122.655873054605991,47.05127057865019],[-122.656735141872019,47.045297128954211],[-122.65920468116002,47.045068547302797],[-122.65920468848455,47.045068508035186],[-122.659204679957,47.045068547325293],[-122.656735140669014,47.045297128976692]],[[-122.654762050528007,47.060003116661903],[-122.652769010438561,47.058910056047608],[-122.654067895721141,47.060739025215767],[-122.654762050528007,47.060003116661903]],[[-122.645683430811005,47.06383743319919],[-122.650763142292945,47.07156714242938],[-122.649067901071021,47.066972638456839],[-122.648407633651999,47.0676984922803],[-122.645683430811005,47.06383743319919]],[[-122.625766636707993,47.041693631864895],[-122.625944741658842,47.041977856043523],[-122.626921728034986,47.032491706425091],[-122.625766636707993,47.041693631864895]],[[-122.651254638652048,47.016181938269689],[-122.652445532294891,47.016559336107328],[-122.652132733938018,47.0163420061048],[-122.651254638652048,47.016181938269689]],[[-122.608649482675006,47.003773634723821],[-122.603146361161606,47.005224956735994],[-122.604489420378584,47.005337405867067],[-122.604244300489,47.005158609585095],[-122.608649482675006,47.003773634723821]],[[-122.617731318353009,47.000009584423303],[-122.613954248747049,47.002105512705363],[-122.622431567137227,46.999439030672548],[-122.617731318353009,47.000009584423303]],[[-122.629617521601602,46.997123534220613],[-122.629502520671835,46.997214225868149],[-122.629667433107002,46.997162330382892],[-122.629617521601602,46.997123534220613]],[[-122.615678950890327,46.974679267740662],[-122.615631255549999,46.97468328013661],[-122.61451483998934,46.978741859853869],[-122.614701451418,46.978706856177297],[-122.615678950890327,46.974679267740662]],[[-122.629492020383012,46.9688142316568],[-122.627827422468002,46.971040459419697],[-122.6272394324902,46.97089960409366],[-122.625485677428998,46.973853836601201],[-122.628363672411012,46.971261928906785],[-122.629492020383012,46.9688142316568]],[[-122.614776662255849,46.948891655757521],[-122.615042982144999,46.949125155348696],[-122.614890000892927,46.949809914417663],[-122.616365237553367,46.948403206928518],[-122.614776662255849,46.948891655757521]],[[-122.617777756295013,46.94796886521609],[-122.617124019764049,46.948169888637963],[-122.620726332955201,46.949600080748226],[-122.617777756295013,46.94796886521609]],[[-122.631566291821002,46.9538430507112],[-122.631224427693851,46.953766958523943],[-122.63156316359867,46.953901381940518],[-122.631566291821002,46.9538430507112]],[[-122.638248787660018,46.978490753949799],[-122.645072256584996,46.977573253554986],[-122.63801720269602,46.977838724924602],[-122.640997748551996,46.975349650630903],[-122.637859336359014,46.977567604749503],[-122.638248787660018,46.978490753949799]],[[-122.641464432603016,46.964297178109703],[-122.641642022558415,46.964950829303667],[-122.651731566015997,46.960724435747998],[-122.641464432603016,46.964297178109703]],[[-122.657814073544003,46.951340482141596],[-122.648886220974006,46.956397762627603],[-122.65787704045961,46.951330638720357],[-122.657814073544003,46.951340482141596]],[[-122.67528498335902,46.947723907629907],[-122.672523856850006,46.9492085988784],[-122.675554255317053,46.947895517450348],[-122.67528498335902,46.947723907629907]],[[-122.516392537878986,46.907227331816301],[-122.518631467855002,46.904186579868799],[-122.518431239396605,46.904196200921788],[-122.516392537878986,46.907227331816301]],[[-122.516661875417114,46.904281204152092],[-122.510561213256011,46.904574078409375],[-122.511000484297995,46.904808535932517],[-122.516661875417114,46.904281204152092]],[[-122.507903171655016,46.899381548061903],[-122.504633754469467,46.900261955472423],[-122.504709319669999,46.900286279785092],[-122.507903171655016,46.899381548061903]],[[-122.504284029565483,46.900149378670712],[-122.500064223246142,46.898437485219773],[-122.500288986873983,46.898863261200795],[-122.504284029565483,46.900149378670712]],[[-122.517627254743005,46.85834187140501],[-122.517332249001726,46.858575922903455],[-122.513600332875527,46.863772910392626],[-122.517446988416992,46.860280350648409],[-122.518226881165006,46.856178979133496],[-122.517627254743005,46.85834187140501]],[[-122.522978609153,46.850851514945901],[-122.527394854982063,46.846028277471461],[-122.525595922727987,46.846981780964299],[-122.522978609153,46.850851514945901]],[[-122.641371795644005,46.889761302152202],[-122.638963739188995,46.889256937853602],[-122.638774828574199,46.889710191274972],[-122.641371795644005,46.889761302152202]],[[-122.606773480388995,46.941873520086602],[-122.612137780567949,46.946577837008846],[-122.612076329093995,46.945542762527403],[-122.606773480388995,46.941873520086602]],[[-122.566815358604984,47.005866341034263],[-122.567783411158743,47.005135689284081],[-122.567274591512984,47.005141951321399],[-122.566815358604984,47.005866341034263]],[[-122.576370073075012,47.005029672071203],[-122.574786635064186,47.004440834023846],[-122.574329542926009,47.004323340318699],[-122.576370073075012,47.005029672071203]],[[-122.576887218862666,47.004980750617655],[-122.577339116389979,47.005101172605599],[-122.577326474366998,47.005093646956908],[-122.576887218862666,47.004980750617655]],[[-122.581300544862998,47.007459191891293],[-122.582837695004997,47.007646711706997],[-122.582929565869946,47.007636582988255],[-122.581300544862998,47.007459191891293]],[[-122.589757636104011,47.004926033133295],[-122.595557136240004,47.007188374474296],[-122.595653293827624,47.00715434226165],[-122.589757636104011,47.004926033133295]],[[-122.660019487145433,47.107734906760804],[-122.660026301443992,47.107680415021591],[-122.658441729432624,47.107160665554417],[-122.660019487145433,47.107734906760804]],[[-122.642608456369999,47.101868471599204],[-122.642608455573153,47.101868471971365],[-122.645059596222993,47.103974807825196],[-122.649496195324886,47.104225873775611],[-122.646780330382981,47.103334668652103],[-122.645059597428002,47.103974807802899],[-122.642608456369999,47.101868471599204]],[[-122.641231166726016,47.102511711648702],[-122.641231167005643,47.102511711518112],[-122.637323527004995,47.098713434623207],[-122.637323526570711,47.098713434602537],[-122.641231166726016,47.102511711648702]],[[-122.631000139611984,47.096562197367895],[-122.630441878938015,47.098385652793397],[-122.630441880397655,47.098385652862966],[-122.631000141217001,47.096562197338201],[-122.625652271294072,47.094267685288756],[-122.631000139611984,47.096562197367895]],[[-122.601048048717018,47.10171630456059],[-122.601048049487062,47.101716304277531],[-122.587393873946993,47.093496411895103],[-122.587393873807656,47.093496412558004],[-122.601048048717018,47.10171630456059]],[[-122.586677064064389,47.096906552415803],[-122.583393462465011,47.096876806724083],[-122.582052464835627,47.097603153626245],[-122.586677064064389,47.096906552415803]],[[-122.573533483694817,47.101487183128761],[-122.569245161347297,47.102131787045757],[-122.572542714791993,47.101990358770699],[-122.573533483694817,47.101487183128761]],[[-122.569245152164001,47.102131787439482],[-122.569245153036334,47.102131787402087],[-122.568000195182009,47.09926251711569],[-122.567760778938464,47.099340834941771],[-122.569245152164001,47.102131787439482]],[[-122.557383931971017,47.100472018437799],[-122.557391714805874,47.100497949793557],[-122.559437152322005,47.098275849965198],[-122.560793404150857,47.098033799597623],[-122.559980417272016,47.09760987932539],[-122.56188848805202,47.093887981622387],[-122.557383931971017,47.100472018437799]],[[-122.55874061758702,47.093927546263494],[-122.558740618207636,47.093927546255706],[-122.557377441019014,47.091567380890091],[-122.557343808250607,47.09158339521921],[-122.55874061758702,47.093927546263494]],[[-122.551428126565327,47.093399178116201],[-122.55006196591809,47.093002480610693],[-122.551063492881994,47.093512634594596],[-122.551428126565327,47.093399178116201]],[[-122.548309268008992,47.092109653528205],[-122.548936637975274,47.092429243289139],[-122.552052753444002,47.089487380387396],[-122.55196827602974,47.089448159767564],[-122.548309268008992,47.092109653528205]],[[-122.551815057699955,47.089377024260529],[-122.54800017578701,47.087605741172503],[-122.541943403286609,47.086988980870927],[-122.551815057699955,47.089377024260529]],[[-122.541694895827334,47.086963668250306],[-122.541530027359997,47.086946874669302],[-122.530974061305002,47.089617318594804],[-122.541694895827334,47.086963668250306]],[[-122.519596954784134,47.087477462246838],[-122.517255334965,47.086295660432803],[-122.517205418035672,47.086427335955499],[-122.519596954784134,47.087477462246838]],[[-122.514859935197975,47.089234358483196],[-122.50703570786257,47.087012147520149],[-122.514324799433979,47.089979386457784],[-122.514859935197975,47.089234358483196]],[[-122.486063702804415,47.071138940767078],[-122.488302442408994,47.071613140687198],[-122.496485860169997,47.076190521598491],[-122.497437893755006,47.086485553137493],[-122.496485861374012,47.076190521577693],[-122.488302444013001,47.071613140659593],[-122.486063702804415,47.071138940767078]],[[-122.478264804248994,47.0700965231091],[-122.474018036333845,47.072164750232155],[-122.476676714478003,47.071854399875903],[-122.478264804248994,47.0700965231091]],[[-122.473269512722993,47.0722521143989],[-122.473964944135886,47.072170947075413],[-122.4720696110559,47.070475945942235],[-122.474055384781991,47.073952983304508],[-122.473269512722993,47.0722521143989]],[[-122.47206961005574,47.070475944190839],[-122.472983024018987,47.067293753799277],[-122.472069609819002,47.070475943776309],[-122.47206961005574,47.070475944190839]],[[-122.478715745358002,47.066351190387003],[-122.481540129140996,47.0619398700061],[-122.481646193677065,47.061592970156795],[-122.478715745317999,47.066351189290593],[-122.472983024018987,47.067293753799277],[-122.478715745358002,47.066351190387003]],[[-122.481771576310194,47.061182881554231],[-122.481907812602003,47.06073728650189],[-122.481120572475973,47.059751421635269],[-122.481771576310194,47.061182881554231]],[[-122.492185561271015,47.051586829272992],[-122.485635940973197,47.056256915796226],[-122.485712896443005,47.056252809796],[-122.492239234013752,47.051608185319026],[-122.492185561271015,47.051586829272992]],[[-122.507404351716019,47.044970017022401],[-122.50704694986527,47.041999573260682],[-122.506717576094999,47.042008365949691],[-122.507404351716019,47.044970017022401]],[[-122.509526343128286,47.040070772954572],[-122.513091408371992,47.040580266244895],[-122.512685459354529,47.040990852594405],[-122.519947737737937,47.039987473278721],[-122.519947737549003,47.039987473111395],[-122.509526343128286,47.040070772954572]],[[-122.508129967661716,47.039871180223017],[-122.507253554947013,47.038679503343303],[-122.50700593664601,47.039710501956485],[-122.508129967661716,47.039871180223017]],[[-122.611563545625003,47.079425930914589],[-122.609705124544149,47.080720739768395],[-122.609705125080012,47.080720740211902],[-122.611563545614061,47.079425931739003],[-122.611563545625003,47.079425930914589]],[[-122.607816159313018,47.079157283405401],[-122.603589029945638,47.079812648850293],[-122.603589030061997,47.079812648996899],[-122.607816159480592,47.079157283544106],[-122.607816159313018,47.079157283405401]],[[-122.600962209453996,47.076502377309197],[-122.597393053998488,47.077529799237382],[-122.597393054514995,47.077529799521592],[-122.600962209733652,47.076502377661654],[-122.600962209453996,47.076502377309197]],[[-122.590132167082018,47.070186758527498],[-122.58894970164225,47.071652977428066],[-122.588949701510003,47.071652979551899],[-122.59013216735498,47.070186759658938],[-122.590132167082018,47.070186758527498]],[[-122.589120746302996,47.068063681584505],[-122.585665996315413,47.068347500848255],[-122.585665996527013,47.068347500933697],[-122.589120746203491,47.068063681669827],[-122.589120746302996,47.068063681584505]],[[-122.58150200024302,47.059840391191898],[-122.577878559771207,47.060189890574868],[-122.577878559774007,47.060189890669001],[-122.581502000237208,47.059840391318389],[-122.58150200024302,47.059840391191898]],[[-122.562045228873998,47.047291106614914],[-122.555998987633203,47.04836066137176],[-122.555998987989,47.04836066150019],[-122.56204522908503,47.047291106832766],[-122.562045228873998,47.047291106614914]],[[-122.550394611353994,47.046337487364603],[-122.549113627428525,47.047353083636445],[-122.549113628165998,47.047353083984099],[-122.550394612162037,47.046337487656345],[-122.550394611353994,47.046337487364603]],[[-122.546472742462996,47.046108119330704],[-122.536720733432517,47.046996516981352],[-122.536720733438017,47.046996517069083],[-122.546472742619855,47.046108119404657],[-122.546472742462996,47.046108119330704]],[[-122.651173998125017,47.072680536505274],[-122.649602005046475,47.073220802124808],[-122.651303203677017,47.073030665760598],[-122.651173998125017,47.072680536505274]],[[-122.647972407895992,47.073402910884347],[-122.646892315364042,47.070316439134096],[-122.647525822855997,47.073452812844799],[-122.647972407895992,47.073402910884347]],[[-122.630716791675056,47.069776868092092],[-122.630716792982014,47.069776868396602],[-122.629037665718982,47.0644473133475],[-122.630809836989428,47.062323171745916],[-122.630809836240005,47.062323171223206],[-122.629037664516005,47.064447313369698],[-122.630716791675056,47.069776868092092]],[[-122.614943249492995,47.072310717936993],[-122.619049425667995,47.070157777202603],[-122.618222576104984,47.068266649450294],[-122.62139522446904,47.06760453859885],[-122.621395223950998,47.067604538478093],[-122.618222574902006,47.068266649472406],[-122.619049424465004,47.070157777224701],[-122.614943248290018,47.072310717959098],[-122.618094086704005,47.074815932717001],[-122.617921175852004,47.078118855115292],[-122.617921177468489,47.078118854866652],[-122.61809408790802,47.074815932694889],[-122.614943249492995,47.072310717936993]],[[-122.618801304732983,47.083144492721601],[-122.622828534356003,47.0807132380938],[-122.62302626007498,47.0773334878794],[-122.623026258861387,47.077333488066124],[-122.622828532750987,47.080713238123401],[-122.618732597258784,47.083132845927288],[-122.618801304732983,47.083144492721601]],[[-122.574216227678363,47.171894314445666],[-122.574008525783,47.169197109568707],[-122.5720656216929,47.1680202593543],[-122.574216227678363,47.171894314445666]],[[-122.557259164698294,47.164105041154635],[-122.557266107697004,47.164158857220194],[-122.571786129540982,47.167516744006491],[-122.5717920088602,47.167527335920184],[-122.572021702878175,47.167033276120534],[-122.57169903826501,47.167478448991204],[-122.557259164698294,47.164105041154635]],[[-122.573722945957996,47.158978972645109],[-122.565402467650003,47.156012624728199],[-122.573686635787993,47.158993426555597],[-122.573774488077532,47.163262806186701],[-122.574021786506705,47.162730789295686],[-122.57368010691728,47.153652767511055],[-122.573722945957996,47.158978972645109]],[[-122.579636361232005,47.160679026132904],[-122.582673750026814,47.161221204615742],[-122.579340561060022,47.159838798810561],[-122.579156843234003,47.1621034260519],[-122.574594797960998,47.161498016704499],[-122.574594795322767,47.161498023271591],[-122.574594797993015,47.161498017526696],[-122.579156844482,47.16210342712651],[-122.579636361232005,47.160679026132904]],[[-122.579398303936728,47.159126980308962],[-122.580929487966472,47.156115990455262],[-122.579565265957015,47.157068663555194],[-122.579398303936728,47.159126980308962]],[[-122.58971527432098,47.148442743395897],[-122.597130777632017,47.148616919968383],[-122.589715274289006,47.148442742573692],[-122.587135831340007,47.151994870637694],[-122.583303412361019,47.151447075509999],[-122.583303412165293,47.151447076780052],[-122.583303412392993,47.151447076332211],[-122.587135832577005,47.151994871438198],[-122.58971527432098,47.148442743395897]],[[-122.601969748282002,47.15068528671749],[-122.602438545653825,47.150122509308936],[-122.597130777632017,47.148616919968383],[-122.601969748282002,47.15068528671749]],[[-122.603675372162584,47.150473297162144],[-122.602865600838655,47.150243632426559],[-122.602973060927042,47.158372939120802],[-122.603003870793003,47.151826147023201],[-122.603675372162584,47.150473297162144]],[[-122.604338672268611,47.149136898020139],[-122.606961087093339,47.143852625951716],[-122.604922600180004,47.146550359336793],[-122.604338672268611,47.149136898020139]],[[-122.611566745680165,47.137756349014865],[-122.612587863054713,47.136661505455812],[-122.612233702982991,47.136873399387298],[-122.611566745680165,47.137756349014865]],[[-122.615593721394006,47.134862988269397],[-122.615593709908566,47.134862995141937],[-122.615593721425995,47.134862989091594],[-122.617308332933007,47.135696553059596],[-122.615593721394006,47.134862988269397]],[[-122.618834638003449,47.134125319267739],[-122.619567507371599,47.134627345939585],[-122.619494487726499,47.133446010812193],[-122.618834638003449,47.134125319267739]],[[-122.622271974041013,47.130586384301502],[-122.62137488011102,47.131510049695898],[-122.629433695625295,47.128534092499017],[-122.628212419046989,47.1283713350618],[-122.622271974041013,47.130586384301502]],[[-122.630301554793363,47.128649742089756],[-122.63081976606567,47.129506897793426],[-122.631573050079993,47.128819166841701],[-122.630301554793363,47.128649742089756]],[[-122.618920611837993,47.137144003504908],[-122.61975886104851,47.137722889612419],[-122.619666352718255,47.136226417858211],[-122.618920611837993,47.137144003504908]],[[-122.598927435287223,47.166740970774228],[-122.599237319259998,47.167821280464111],[-122.60267558221652,47.169629671295823],[-122.60262740159898,47.169363073324796],[-122.598927435287223,47.166740970774228]],[[-122.598364942231001,47.164211102780804],[-122.598199981332442,47.164204764938226],[-122.598255055477964,47.164396784773096],[-122.598364942231001,47.164211102780804]],[[-122.589017102208715,47.163851578737351],[-122.589017103672987,47.163851580153391],[-122.589017193706226,47.163851582798848],[-122.589017103641012,47.163851579331201],[-122.589017102208715,47.163851578737351]],[[-122.461383873957416,47.047002111257235],[-122.46237450819001,47.055421352202991],[-122.461695272770982,47.047191178314797],[-122.461383873957416,47.047002111257235]],[[-122.453623975507313,47.042789929423542],[-122.458221889804605,47.04508217618509],[-122.454312771668,47.042708275589305],[-122.453623975507313,47.042789929423542]],[[-122.446941680150402,47.043934873647288],[-122.449365068857247,47.043294706904433],[-122.447631870750016,47.043500082241096],[-122.446941680150402,47.043934873647288]],[[-122.439760273477006,47.048321380422003],[-122.439893418630149,47.048232317210811],[-122.43802413393702,47.046661312682794],[-122.439760273477006,47.048321380422003]],[[-122.431694438802126,47.046768205428421],[-122.429479679577,47.044547810213302],[-122.421221920690996,47.040814138506612],[-122.429479677973006,47.044547810240097],[-122.431421987229001,47.046772798590901],[-122.431694438802126,47.046768205428421]],[[-122.404198117827676,47.033331302809195],[-122.417398342270999,47.040746005842394],[-122.404230314261,47.0333145577236],[-122.404198117827676,47.033331302809195]],[[-122.400277093948006,47.033997434179803],[-122.393629119390994,47.033777962141293],[-122.390715406981002,47.031926929347094],[-122.387849071517053,47.032019174378625],[-122.393629118188997,47.033777962161096],[-122.400277093948006,47.033997434179803]],[[-122.374757299466907,47.033462979196536],[-122.379678234928988,47.033056563461209],[-122.374580951296011,47.032760399516306],[-122.374757299466907,47.033462979196536]],[[-122.375069276820071,47.034705867021891],[-122.376571290544334,47.034845230849555],[-122.374890358210195,47.033993079504668],[-122.375069276820071,47.034705867021891]],[[-122.381598139599006,47.037462829689289],[-122.385673688938994,47.036572239352495],[-122.385590644618858,47.035566290427525],[-122.381560146168994,47.03737403460299],[-122.381437870736519,47.037312059789457],[-122.381598139599006,47.037462829689289]],[[-122.385459022604991,47.033971827307603],[-122.381848759665999,47.032137436362802],[-122.385582150623264,47.035463397260429],[-122.385459022604991,47.033971827307603]],[[-122.383512744124019,47.030699423201703],[-122.383970678521621,47.0308388052865],[-122.383459403522906,47.03056849409235],[-122.381848759665999,47.032137436362802],[-122.383512744124019,47.030699423201703]],[[-122.371318974116647,47.034357807367925],[-122.37156055063636,47.034380231536474],[-122.371435896346995,47.034295499942502],[-122.371318974116647,47.034357807367925]],[[-122.368990154301173,47.036112926858131],[-122.371017094109632,47.034518676879792],[-122.369045241948015,47.035569417944501],[-122.368990154301173,47.036112926858131]],[[-122.364522048325,47.040987610841697],[-122.364573555344663,47.040621305962368],[-122.361636966972995,47.040558247017998],[-122.364522048325,47.040987610841697]],[[-122.358144909418002,47.046910180801902],[-122.358495462870323,47.043323519183403],[-122.357944464205431,47.04698439886505],[-122.358144909418002,47.046910180801902]],[[-122.339882433901991,47.062345937533991],[-122.337396661173997,47.06129175863289],[-122.337396533217714,47.061291788563544],[-122.337396661211017,47.061291759729301],[-122.33988243393101,47.062345938356387],[-122.342785334157995,47.060303573759995],[-122.342476168709183,47.062214137512797],[-122.343037414373342,47.063084420031863],[-122.342965588734984,47.05655303340609],[-122.342709304652004,47.060279156898801],[-122.339882433901991,47.062345937533991]],[[-122.343318497563999,47.06352026351199],[-122.347808301658006,47.060396200471089],[-122.343208579953341,47.063349827797836],[-122.343318497563999,47.06352026351199]],[[-122.365708155855017,47.060042330683601],[-122.366714976251828,47.059702796187544],[-122.36566963977603,47.060015114365321],[-122.365708155855017,47.060042330683601]],[[-122.37488408147,47.056947403853684],[-122.375738774564994,47.049770540479003],[-122.375556261985253,47.049667955713943],[-122.374289046409004,47.057148135159558],[-122.37488408147,47.056947403853684]],[[-122.371023331187004,47.0471199140555],[-122.370752444915425,47.047258347652559],[-122.373689260159992,47.048618531574796],[-122.371023331187004,47.0471199140555]],[[-122.360583909715004,47.04862284378811],[-122.360538485479594,47.048656825441114],[-122.365814448983997,47.049781619508103],[-122.360583909715004,47.04862284378811]],[[-122.354156841519526,47.051693958932859],[-122.354355266382996,47.052293834054794],[-122.355392303315398,47.051675452223456],[-122.354156841519526,47.051693958932859]],[[-122.354347186337009,47.048316253729794],[-122.353622594486879,47.050078763397927],[-122.353738432971781,47.050428987687759],[-122.354347186337009,47.048316253729794]],[[-122.51256490150756,46.862293546232863],[-122.511051917479563,46.861764471647312],[-122.512483062599003,46.862357838124709],[-122.51256490150756,46.862293546232863]],[[-122.505289820336941,46.85974924883935],[-122.504977723237019,46.859640084129097],[-122.502220966218985,46.862112829031105],[-122.505289820336941,46.85974924883935]],[[-122.500816741563071,46.866285561632644],[-122.496991496501423,46.864761374778368],[-122.500429119155001,46.866771577954694],[-122.500816741563071,46.866285561632644]],[[-122.496155042384913,46.864428057199625],[-122.496087389894001,46.864401097993991],[-122.492226899915011,46.865955415810795],[-122.496155042384913,46.864428057199625]],[[-122.491702774413412,46.868256016861928],[-122.4912216713508,46.868282517382902],[-122.491585847929002,46.868769227218394],[-122.491702774413412,46.868256016861928]],[[-122.457802171010997,46.821785086336298],[-122.462121123982868,46.824643097606646],[-122.462113123327995,46.824538156989497],[-122.457802171010997,46.821785086336298]],[[-122.465619924258391,46.842084763788328],[-122.46552097910272,46.842255340135935],[-122.465669453721986,46.84214959701761],[-122.465619924258391,46.842084763788328]],[[-122.46207929418,46.844706324911101],[-122.460512702061266,46.849531679133484],[-122.460586331626985,46.849529670873594],[-122.46207929418,46.844706324911101]],[[-122.456251374394384,46.85042053663004],[-122.45512836973802,46.8506224844757],[-122.455696718632382,46.851105104164901],[-122.456251374394384,46.85042053663004]],[[-122.485557136203013,46.845210292245092],[-122.487837878017018,46.852246639622706],[-122.485685227312032,46.845181798448365],[-122.485557136203013,46.845210292245092]],[[-122.481237640922018,46.861564287543601],[-122.481481604151568,46.861922849888401],[-122.481669304305186,46.861395340530144],[-122.481237640922018,46.861564287543601]],[[-122.594068241254021,46.985688154811896],[-122.594789955896999,46.983296753841799],[-122.594068239650994,46.985688154841007],[-122.594068237696831,46.985688155925608],[-122.594068241254021,46.985688154811896]],[[-122.588352681070148,46.988860066283799],[-122.588511712108996,46.988880752899291],[-122.588581578416381,46.988733049974854],[-122.588352681070148,46.988860066283799]],[[-122.583504958077896,46.984668193981804],[-122.581842033000996,46.9880129637843],[-122.584416162502009,46.985484109653797],[-122.583504958934995,46.984668193144401],[-122.583504958077896,46.984668193981804]],[[-122.572589672148013,46.992716913988104],[-122.572589673031416,46.99271691710706],[-122.572589673349015,46.992716913966497],[-122.579012169192225,46.98798151042314],[-122.575781775851425,46.988682350384657],[-122.572589672148013,46.992716913988104]],[[-122.576583731046995,46.983643836060303],[-122.576254510671802,46.983499304318997],[-122.576439211952675,46.983943825588334],[-122.576583731046995,46.983643836060303]],[[-122.568844900502981,46.98024593910899],[-122.568809219112794,46.980271734239288],[-122.570814071170176,46.981110635500194],[-122.568844900502981,46.98024593910899]],[[-122.563531433719959,46.982312670727048],[-122.563186434733694,46.982755041205763],[-122.565547070715013,46.982629884814685],[-122.563531433719959,46.982312670727048]],[[-122.567367721962995,46.976563031694802],[-122.567331178990514,46.976530686933117],[-122.561877060577004,46.980345336533084],[-122.567367721962995,46.976563031694802]],[[-122.566164698644712,46.97549819015056],[-122.565972460961007,46.975501186878695],[-122.566798476046742,46.976059177398177],[-122.566164698644712,46.97549819015056]],[[-122.567514375157998,46.967641816991701],[-122.560442435558016,46.964519918281809],[-122.567723643639937,46.968194155164731],[-122.567514375157998,46.967641816991701]],[[-122.521141103126993,46.951173277094803],[-122.522351009958001,46.953825128843107],[-122.522552999179268,46.953484059165028],[-122.521141103126993,46.951173277094803]],[[-122.522873306728016,46.944120744794297],[-122.51893403388901,46.951106176811891],[-122.519499455728777,46.951123371082268],[-122.522873306728016,46.944120744794297]],[[-122.510628716499994,46.930567650285099],[-122.508290597412994,46.934250842842303],[-122.511529182243549,46.930561221276243],[-122.510628716499994,46.930567650285099]],[[-122.506769961013006,46.932806750910601],[-122.506719352171459,46.93294291565077],[-122.508290597412994,46.934250842842303],[-122.506769961013006,46.932806750910601]],[[-122.502306921551877,46.9378628166588],[-122.502419749789013,46.937861847670206],[-122.505609015165021,46.935930131470286],[-122.502306921551877,46.9378628166588]],[[-122.481320812573017,46.939429225648361],[-122.481593496801779,46.939670410643252],[-122.48172963908705,46.939587570874231],[-122.481320812573017,46.939429225648361]],[[-122.477615830296017,46.937994116090998],[-122.477383376061837,46.93826215541656],[-122.478257979221667,46.938242863892903],[-122.477615830296017,46.937994116090998]],[[-122.463300281352417,46.938008849689254],[-122.463713928470995,46.937609352682493],[-122.472037657485998,46.929748944525123],[-122.47153168436698,46.929566247621004],[-122.463300281352417,46.938008849689254]],[[-122.45956266926801,46.94161826472979],[-122.459883300475965,46.94130865492901],[-122.456829703641006,46.9410560978544],[-122.456680981031226,46.941260558450374],[-122.45956266926801,46.94161826472979]],[[-122.450116174263243,46.880323344903594],[-122.443319622590991,46.885090910670392],[-122.442110758070797,46.886513567334688],[-122.450065536446999,46.880423228350701],[-122.450116174263243,46.880323344903594]],[[-122.438109864076296,46.891221400314024],[-122.436355665567007,46.893285250399991],[-122.433816940827001,46.896955017090789],[-122.433816940982865,46.896955017743771],[-122.438109864076296,46.891221400314024]],[[-122.423987365184018,46.913721745718803],[-122.424695318342799,46.913056878038631],[-122.418536883680005,46.913731748088509],[-122.423987365184018,46.913721745718803]],[[-122.401813581797995,46.917585690052803],[-122.401812698007774,46.917585887975839],[-122.401813581827,46.917585690875107],[-122.409217129653001,46.918431388681213],[-122.411667733045007,46.916027367026295],[-122.409217129623997,46.918431387858902],[-122.401813581797995,46.917585690052803]],[[-122.392230496481005,46.921938766453792],[-122.395849552138031,46.918921133384032],[-122.395713520567,46.918951588656704],[-122.392230496481005,46.921938766453792]],[[-122.389304380832229,46.918128535364815],[-122.390010729284995,46.921962551672891],[-122.390201373821995,46.918017964080093],[-122.389304380832229,46.918128535364815]],[[-122.384123635343997,46.918767013212694],[-122.382983138162999,46.920459331826905],[-122.38298310868808,46.920459329336801],[-122.382983138190994,46.920459332649202],[-122.384123635343997,46.918767013212694]],[[-122.380629872560007,46.921568081355502],[-122.380374184491259,46.920238892984905],[-122.38027010086698,46.920230097356594],[-122.380629872560007,46.921568081355502]],[[-122.376149256879998,46.922128958032495],[-122.375247672122001,46.926486403074286],[-122.376149256909002,46.922128958854898],[-122.380629872560007,46.921568081355502],[-122.376149256879998,46.922128958032495]],[[-122.371334692700998,46.927737882172401],[-122.368874554945009,46.934600271002004],[-122.371334692739012,46.92773788326879],[-122.375247672122001,46.926486403074286],[-122.371334692700998,46.927737882172401]],[[-122.363603888880803,46.931896640585336],[-122.363342459657005,46.931762524987491],[-122.357416763674564,46.93513087695672],[-122.357623401385993,46.9351770866405],[-122.363603888880803,46.931896640585336]],[[-122.484922049168006,46.875355981209502],[-122.48754001455282,46.877024984572216],[-122.48754001476,46.877024983633291],[-122.484922049173605,46.875355980409786],[-122.484922049168006,46.875355981209502]],[[-122.486886833428017,46.879985070585498],[-122.492510586733346,46.88298368092444],[-122.492510587012021,46.882983680266591],[-122.486886833640298,46.879985069623537],[-122.486886833428017,46.879985070585498]],[[-122.492510586180899,46.882983682228577],[-122.489773134811983,46.88660605555549],[-122.490561914630121,46.887583444796618],[-122.492510586180899,46.882983682228577]],[[-122.493432337091846,46.891139884583346],[-122.49343233963927,46.891139887739342],[-122.493432339866004,46.891139886973399],[-122.493432337091846,46.891139884583346]],[[-122.492603801266,46.893938647336604],[-122.496771886491345,46.896656590787877],[-122.496771886885,46.89665659024179],[-122.492603801531459,46.893938646439956],[-122.492603801266,46.893938647336604]],[[-122.493476473969835,46.901227639312594],[-122.493476473886986,46.901227639427489],[-122.493989598396993,46.904416460627992],[-122.493476473969835,46.901227639312594]],[[-122.475349693816199,46.917046866178694],[-122.474293160893438,46.919334647038184],[-122.476118026547638,46.917160027740842],[-122.475349693816199,46.917046866178694]],[[-122.474130366822465,46.919528632150836],[-122.471250404458004,46.919165376661702],[-122.474070169683003,46.919600362533096],[-122.474130366822465,46.919528632150836]],[[-122.497749763201995,46.934922959395905],[-122.493344929035402,46.931230421912794],[-122.496867100567982,46.935289241029459],[-122.497749763201995,46.934922959395905]],[[-122.492853315833003,46.9308182645022],[-122.486254588642012,46.928731694412789],[-122.492982938763973,46.93092693825939],[-122.492853315833003,46.9308182645022]],[[-122.537719525439996,47.001513830819398],[-122.53285466993502,47.002740261846697],[-122.520781516876994,46.999827719294487],[-122.53421108002,47.003106132151196],[-122.53203630820822,47.004327965352068],[-122.537719525439996,47.001513830819398]],[[-122.53110323046424,47.004852158422253],[-122.531053669701009,47.004880000625207],[-122.536938399927749,47.007473303702575],[-122.536427124634997,47.006436646719699],[-122.53110323046424,47.004852158422253]],[[-122.537394263271011,47.008397572314799],[-122.537172314368064,47.0079475723415],[-122.536589916664852,47.008197524745583],[-122.537394263271011,47.008397572314799]],[[-122.527059901534017,47.012066394539801],[-122.526426368582264,47.010042745159225],[-122.526426368369002,47.010042745201183],[-122.527059901534017,47.012066394539801]],[[-122.522893848870581,47.012798898101117],[-122.522893849067017,47.012798898320192],[-122.527059901534017,47.012066394539801],[-122.522893848870581,47.012798898101117]],[[-122.519582796249722,47.013096325872276],[-122.50821571240202,47.021837190445794],[-122.508215620868341,47.021837207325881],[-122.508215714005019,47.021837190417799],[-122.519582796249722,47.013096325872276]],[[-122.503049583827007,47.022774919794202],[-122.503124211677445,47.022761375627141],[-122.496773397913017,47.02166938816611],[-122.503049583827007,47.022774919794202]],[[-122.443938819889993,47.006626497320092],[-122.447464681458968,47.00712974832043],[-122.442119327890154,47.005849964726387],[-122.443938819889993,47.006626497320092]],[[-122.437885382959806,47.004836054124922],[-122.433613272954005,47.003812806700687],[-122.433205644030949,47.003887160537076],[-122.436982878286983,47.005188137654393],[-122.437885382959806,47.004836054124922]],[[-122.553384371275015,46.990423777684008],[-122.554795236816631,46.990020861001156],[-122.550341550408007,46.98943909497229],[-122.553384371275015,46.990423777684008]],[[-122.541605930713601,46.996724856407361],[-122.545544530410012,46.996550473375592],[-122.541682487509007,46.996630510238901],[-122.541605930713601,46.996724856407361]],[[-122.506318446047459,46.994880592180792],[-122.505264017567001,46.990825039194696],[-122.505440140792004,46.994706652874505],[-122.506318446047459,46.994880592180792]],[[-122.491601597534,46.993613694715997],[-122.484131144536505,46.992454070761106],[-122.484131672329994,46.992714666479408],[-122.491601597534,46.993613694715997]],[[-122.480523139734004,46.949164783088598],[-122.484368995951016,46.944846808527899],[-122.483785606027794,46.943812456442487],[-122.480523139734004,46.949164783088598]],[[-122.483303960816713,46.942958465884018],[-122.4821323826351,46.940881054629671],[-122.48179042636302,46.942652118869297],[-122.483303960816713,46.942958465884018]],[[-122.570510639373012,46.993923354654697],[-122.5698597058459,46.993818824357213],[-122.570568718901626,46.993959964862569],[-122.570510639373012,46.993923354654697]],[[-122.562579994136641,46.99236938335779],[-122.558444923199019,46.988978470088483],[-122.561986929479019,46.992251276252695],[-122.562579994136641,46.99236938335779]],[[-122.572350382541259,46.995082991092744],[-122.571412649378118,46.994491924232712],[-122.572257434145996,46.996001994357393],[-122.572350382541259,46.995082991092744]],[[-122.406020633432533,47.075612046960075],[-122.410258631264,47.077081831328194],[-122.409429625778003,47.075791676077493],[-122.406020633432533,47.075612046960075]],[[-122.401594706514715,47.071460931819274],[-122.4049467646377,47.072935805054371],[-122.404833238443985,47.072429604795403],[-122.401594706514715,47.071460931819274]],[[-122.400382282093886,47.070927432620977],[-122.400527078206878,47.06648470790465],[-122.400452993442002,47.066489912775594],[-122.399597120632009,47.073237279001603],[-122.400145556197018,47.070823264152992],[-122.400382282093886,47.070927432620977]],[[-122.395918155005006,47.073429087897502],[-122.395909187123507,47.07348640021543],[-122.399597120632009,47.073237279001603],[-122.395918155005006,47.073429087897502]],[[-122.405004203282004,47.066170073804493],[-122.401205538753956,47.066437039961663],[-122.405335094157977,47.066499185746686],[-122.405004203282004,47.066170073804493]],[[-122.410510308174906,47.071594628916095],[-122.410540849834987,47.071628637607702],[-122.418528152522001,47.071602557335503],[-122.424794914119019,47.076243821385304],[-122.418619502059002,47.071387596268785],[-122.410510308174906,47.071594628916095]],[[-122.422762713534993,47.0797096726848],[-122.420290183822004,47.077625822283203],[-122.423029395383011,47.080099520616294],[-122.423306541672602,47.079494302718267],[-122.422762713534993,47.0797096726848]],[[-122.568616040706445,47.150482366676869],[-122.568616038784,47.150482366543201],[-122.57368010691593,47.153652767475144],[-122.573680106885007,47.153652766653607],[-122.568616040706445,47.150482366676869]],[[-122.571316276651459,47.1503611558893],[-122.571598863879984,47.150348467267797],[-122.572759287755147,47.148544215826526],[-122.571316276651459,47.1503611558893]],[[-122.570235803781713,47.148320935840651],[-122.570235803179003,47.148320936879891],[-122.57275929017338,47.148544212066462],[-122.572759290671982,47.148544211291203],[-122.570235803781713,47.148320935840651]],[[-122.570776963029999,47.147697294688498],[-122.571158056797998,47.147344697413303],[-122.571084167638986,47.147257499903198],[-122.570856966182674,47.147249861937567],[-122.570561091695097,47.147760045868729],[-122.570776963029999,47.147697294688498]],[[-122.563067903268745,47.146987738607393],[-122.561153406236002,47.146923229067809],[-122.560297367918892,47.14741873475397],[-122.563067903268745,47.146987738607393]],[[-122.55433344536111,47.148346256283752],[-122.554333441284939,47.148346256173511],[-122.554333440861001,47.148346256983494],[-122.55433344536111,47.148346256283752]],[[-122.547158790089014,47.14262194402189],[-122.551518035909993,47.145963458829101],[-122.55541791731612,47.146274074911545],[-122.555417917727993,47.146274074124499],[-122.551518035878019,47.145963458006797],[-122.547158790047007,47.142621942925608],[-122.545478414343805,47.144466951939833],[-122.546464793280009,47.144720201650401],[-122.547158790089014,47.14262194402189]],[[-122.544299612846814,47.144164284051527],[-122.541754792107554,47.143199044912805],[-122.541982361638162,47.143569263611951],[-122.544299612846814,47.144164284051527]],[[-122.524096963633994,47.154347805775096],[-122.525899098802,47.155527484889099],[-122.528298422448444,47.153946132970127],[-122.525330986455003,47.154729941671008],[-122.524425503106883,47.152781267717423],[-122.524096963633994,47.154347805775096]],[[-122.537601284217999,47.151695218841695],[-122.537671348001453,47.151469741357531],[-122.533409583137427,47.152595852994061],[-122.538094238716866,47.152143585978166],[-122.537601284217999,47.151695218841695]],[[-122.538972632248971,47.152942505539947],[-122.538710119252002,47.157604426378406],[-122.540097225571998,47.15396530483509],[-122.538972632248971,47.152942505539947]],[[-122.544645431468993,47.161348483848705],[-122.544703756241972,47.161332590162203],[-122.538710119252002,47.157604426378406],[-122.544645431468993,47.161348483848705]],[[-122.547156424667293,47.160886731960126],[-122.550681283062019,47.157385028102595],[-122.544980661217025,47.161257132138076],[-122.547211305583019,47.160649237821211],[-122.547156424667293,47.160886731960126]],[[-122.550770752220998,47.15875061554479],[-122.554784177357604,47.160686107485674],[-122.550681283062019,47.157385028102595],[-122.550770752220998,47.15875061554479]],[[-122.545000976527163,47.163027738710035],[-122.544663321451992,47.163094661621791],[-122.544773639057937,47.163253540536324],[-122.545000976527163,47.163027738710035]],[[-122.546168785941006,47.165262733967992],[-122.544407075783013,47.170544827547502],[-122.544510689011915,47.170812675413245],[-122.546168785941006,47.165262733967992]],[[-122.544631207801544,47.171124221917232],[-122.545213044666525,47.172628243682581],[-122.546182250098013,47.172099109397692],[-122.544631207801544,47.171124221917232]],[[-122.512893627925621,47.175873468788396],[-122.510784764412989,47.176042799848794],[-122.510899864233579,47.176167527882818],[-122.512893627377011,47.175873469581305],[-122.512893627925621,47.175873468788396]],[[-122.515408164895263,47.172167647159746],[-122.515407029346008,47.17224053200561],[-122.514141618807571,47.174069659793339],[-122.515407029377002,47.1722405328279],[-122.515408164895263,47.172167647159746]],[[-122.514013603418761,47.166502441295094],[-122.511914928901021,47.1674939218642],[-122.511914929131464,47.167493922043448],[-122.514013604691996,47.166502441530504],[-122.514013603418761,47.166502441295094]],[[-122.503025905544064,47.166035095006706],[-122.503025906372983,47.166035094880996],[-122.504382580335005,47.164721303952177],[-122.504382579994001,47.164721303889095],[-122.503025905544064,47.166035095006706]],[[-122.493969429183977,47.167408061927532],[-122.494197302453998,47.1594374507835],[-122.494096328876864,47.159416666156467],[-122.493969429183977,47.167408061927532]],[[-122.494077633579394,47.159412817863071],[-122.492228330393019,47.1590321342076],[-122.486697725759967,47.159617875466374],[-122.494077633579394,47.159412817863071]],[[-122.483311949736603,47.163734188424478],[-122.483311950096009,47.163734188286703],[-122.486697715916705,47.159617876508612],[-122.486697715388985,47.159617876564504],[-122.483311949736603,47.163734188424478]],[[-122.483311941390497,47.163734191624037],[-122.478114597865996,47.165264337522999],[-122.477242918697854,47.166060540663011],[-122.483311941390497,47.163734191624037]],[[-122.471385621530985,47.165577078299386],[-122.466260275003108,47.16174851843008],[-122.470182436162816,47.16640827359037],[-122.471115549892005,47.165523571348494],[-122.471673033178092,47.166302349542775],[-122.471385621530985,47.165577078299386]],[[-122.460068647431072,47.164551220216794],[-122.459490665957503,47.160568209051398],[-122.460027438830011,47.164569871600101],[-122.460068647431072,47.164551220216794]],[[-122.427196636974088,47.147214475321761],[-122.427174995272011,47.147073890089686],[-122.427091825373651,47.147078393437027],[-122.427196636974088,47.147214475321761]],[[-122.419375154176876,47.141717147936106],[-122.417909686725309,47.141562982783618],[-122.41882663026999,47.141933980629503],[-122.419375154176876,47.141717147936106]],[[-122.416354082380295,47.140933552480398],[-122.418260027417361,47.138753923347103],[-122.416263343576901,47.140896836538722],[-122.416354082380295,47.140933552480398]],[[-122.396540602040204,47.13973726302693],[-122.393953086799982,47.140757816995595],[-122.408406119635629,47.141092459498836],[-122.400394000909998,47.140461078307098],[-122.405006426032003,47.140459533659005],[-122.405160306833949,47.139712018936393],[-122.404529629646007,47.140447519629689],[-122.396437888690997,47.140403754571196],[-122.396540602040204,47.13973726302693]],[[-122.384569760363036,47.075943714942824],[-122.387933822297015,47.077099626713995],[-122.387999611386164,47.077088298615124],[-122.384569760363036,47.075943714942824]],[[-122.376172570568997,47.07146378183441],[-122.379195510866992,47.074096782347993],[-122.380155265969918,47.074426642825671],[-122.376172570568997,47.07146378183441]],[[-122.371406492378014,47.070784554177699],[-122.368344882926465,47.070592111428631],[-122.368075763329955,47.075178680977452],[-122.369457239161008,47.070670169426194],[-122.372984811259002,47.072369097873],[-122.373785908960755,47.072141599310356],[-122.371406492378014,47.070784554177699]],[[-122.368070561072997,47.075267333876901],[-122.371025711211004,47.075864810598098],[-122.371025711339485,47.075864810976704],[-122.37102571117299,47.075864809501702],[-122.368071522298905,47.07525095342163],[-122.368070561072997,47.075267333876901]],[[-122.372132793858995,47.079127174273204],[-122.378031938141746,47.081453996878281],[-122.378054194794004,47.081135835148217],[-122.372024713793621,47.078808700530871],[-122.372132793858995,47.079127174273204]],[[-122.377821348011011,47.084464209189107],[-122.377821355690983,47.084464212255],[-122.377821348248943,47.084464208500854],[-122.377821348011011,47.084464209189107]],[[-122.386193657488363,47.087805975922805],[-122.38629470295902,47.086995534136001],[-122.384659335919139,47.087193635891488],[-122.386193657488363,47.087805975922805]],[[-122.389249467429096,47.092155957278301],[-122.389984841439002,47.089756508693299],[-122.389537408055517,47.089636215697425],[-122.389249467429096,47.092155957278301]],[[-122.389249467262005,47.092155958740392],[-122.393226357817014,47.092532145060503],[-122.393213840056958,47.092105958736347],[-122.389249467356152,47.09215595791656],[-122.389249467262005,47.092155958740392]],[[-122.392008661679611,47.086388370981517],[-122.391033694201084,47.086298284881529],[-122.391324710680863,47.086645454392652],[-122.392008661679611,47.086388370981517]],[[-122.393620754642996,47.084170686507299],[-122.389666353086,47.084667038607698],[-122.389891648794148,47.084935825714005],[-122.393620754642996,47.084170686507299]],[[-122.395049574653143,47.077363839882722],[-122.391819367087464,47.078448239479648],[-122.393176602352995,47.078342354874295],[-122.393855152271016,47.077912239871701],[-122.395043354384569,47.077393476920228],[-122.395049574653143,47.077363839882722]],[[-122.390569459982004,47.076645767846003],[-122.390628330433998,47.078541144505294],[-122.391265188922745,47.07849146889756],[-122.390569459982004,47.076645767846003]],[[-122.357878528298002,47.071441660648901],[-122.357878528266625,47.071441661142096],[-122.361982705895997,47.070191940987101],[-122.361982728625833,47.070191941196406],[-122.361982707463014,47.070191939864699],[-122.357878528298002,47.071441660648901]],[[-122.342393858850997,47.06888018834811],[-122.354526034165019,47.072546870859185],[-122.35711926685002,47.072035918169604],[-122.357523800289002,47.07333606513069],[-122.357586237266219,47.073002633233202],[-122.357119268025016,47.072035917327902],[-122.354526035340015,47.072546870017597],[-122.342393858822021,47.068880187525799],[-122.342002404056018,47.065078967375705],[-122.33967138894802,47.064932975085092],[-122.342002404084994,47.065078968198002],[-122.342393858850997,47.06888018834811]],[[-122.565251603036998,47.111329109448391],[-122.567358365581072,47.111929269362008],[-122.565036923378401,47.110956400326451],[-122.565251603036998,47.111329109448391]],[[-122.567729088551005,47.112034872950098],[-122.567813740983866,47.111954273180174],[-122.567678035335902,47.11202033010396],[-122.567729088551005,47.112034872950098]],[[-122.571368499193653,47.110223821154442],[-122.571368500429998,47.110223820340003],[-122.571368497721465,47.110223821658607],[-122.571368499193653,47.110223821154442]],[[-122.563057285723005,47.115698001601999],[-122.572590383833003,47.117854293953002],[-122.563057286311917,47.115698001214177],[-122.563057285723005,47.115698001601999]],[[-122.544523001491001,47.117025932173192],[-122.548905218737005,47.122991335689896],[-122.5498129139215,47.122555389706484],[-122.544523001491001,47.117025932173192]],[[-122.52604402736101,47.107547485615392],[-122.525811189755089,47.107615561311434],[-122.533241266605017,47.11323850754799],[-122.52604402736101,47.107547485615392]],[[-122.501473832369001,47.109810101030597],[-122.50133216507912,47.109878698472023],[-122.502549820723019,47.112474283003998],[-122.501473832369001,47.109810101030597]],[[-122.490375948437006,47.1126076618825],[-122.49065024213435,47.112603895002067],[-122.489774029361016,47.108186131414001],[-122.489774028186972,47.108186131654911],[-122.490375948437006,47.1126076618825]],[[-122.484247501124017,47.101493552150501],[-122.487409413086013,47.104110077874211],[-122.484651313924999,47.109179819630107],[-122.484722499092527,47.109166013179447],[-122.48740941429098,47.104110077853505],[-122.484247501124017,47.101493552150501]],[[-122.486458678821009,47.09936538079041],[-122.486458678568496,47.099365380182263],[-122.484247501124017,47.101493552150501],[-122.486458678821009,47.09936538079041]],[[-122.47450412693702,47.081912648826709],[-122.474504126778214,47.08191264870068],[-122.47369121342301,47.086307361570405],[-122.47450412693702,47.081912648826709]],[[-122.46793688180135,47.076699952854291],[-122.464238214103133,47.077369072518977],[-122.468068756486772,47.076804640981315],[-122.46793688180135,47.076699952854291]],[[-122.464238189466997,47.077369076975408],[-122.465073339850989,47.086726580665697],[-122.464238189509686,47.077369076967699],[-122.464238189466997,47.077369076975408]],[[-122.469016522622994,47.101750928445497],[-122.471668030481993,47.104710994538195],[-122.469016523177402,47.101750928013828],[-122.469016522622994,47.101750928445497]],[[-122.462161802913002,47.1086542771315],[-122.462501964685018,47.110762436057392],[-122.462161803009238,47.108654277091588],[-122.462161802913002,47.1086542771315]],[[-122.458549650050344,47.124223362089332],[-122.458566391345926,47.109867216683583],[-122.458516365650993,47.119644510153591],[-122.458516364045352,47.119644510229392],[-122.458549650050344,47.124223362089332]],[[-122.450697998812998,47.120013300725901],[-122.450697999051357,47.120013301507541],[-122.45069800442667,47.120013300461288],[-122.450697998812998,47.120013300725901]],[[-122.451367236148982,47.122207824092605],[-122.451532809819895,47.122254245971369],[-122.45069800005993,47.120013304814954],[-122.451367236148982,47.122207824092605]],[[-122.458288853834034,47.125277705623567],[-122.458336548478002,47.124584735545],[-122.457971160871423,47.124463447517719],[-122.458288853834034,47.125277705623567]],[[-122.458250890395007,47.125829274286303],[-122.458258537933673,47.125718164609616],[-122.453329886720979,47.125340953266203],[-122.453329886861383,47.125340954099457],[-122.458250890395007,47.125829274286303]],[[-122.453959291518132,47.129075844728057],[-122.454249380222009,47.129048176172603],[-122.453329887089595,47.125340955453765],[-122.453959291518132,47.129075844728057]],[[-122.446171220796998,47.129181132888689],[-122.443489840052834,47.130073905798497],[-122.452935641305871,47.129173474008759],[-122.446171220796998,47.129181132888689]],[[-122.438263898617677,47.127163714068502],[-122.437431290863003,47.128320873301497],[-122.44019616288,47.13038768884369],[-122.441098326184871,47.130301751068515],[-122.437431292038013,47.128320872459007],[-122.438263898617677,47.127163714068502]],[[-122.420969683789011,47.119793506464298],[-122.42167197449902,47.121509661181797],[-122.437748830631008,47.12480421772829],[-122.439172371116712,47.125901052178158],[-122.439172371487004,47.125901051663497],[-122.437748831806005,47.1248042168857],[-122.421671975674016,47.121509660339498],[-122.420969683760006,47.119793505642001],[-122.41546357411795,47.117624761607331],[-122.415463572524004,47.117624762284592],[-122.420969683789011,47.119793506464298]],[[-122.394968767562744,47.108059810037837],[-122.394968767287011,47.108059816264003],[-122.400685825357996,47.111072206501092],[-122.409261049896003,47.11206066684769],[-122.409052156423996,47.114406790861402],[-122.415633463868005,47.115387714852695],[-122.416845024232941,47.117037773549107],[-122.416845025910007,47.117037772836497],[-122.415633465032997,47.115387713736396],[-122.409052157600001,47.114406790019203],[-122.409261051071994,47.112060666005398],[-122.400685826523016,47.111072205384893],[-122.394968768854,47.108059815141296],[-122.394968767562744,47.108059810037837]],[[-122.393097472150998,47.100662895031498],[-122.391538915490059,47.100425943014116],[-122.393520543412109,47.102335403551066],[-122.393097472150998,47.100662895031498]],[[-122.390061775420989,47.099002486859298],[-122.390305050676744,47.099236927244149],[-122.391674532528938,47.09691741433975],[-122.391674531996017,47.096917414383697],[-122.390061775420989,47.099002486859298]],[[-122.400151403335002,47.096882899356807],[-122.400833569378705,47.096161868153473],[-122.391674546170236,47.096917413215024],[-122.400151403335002,47.096882899356807]],[[-122.401688062916719,47.095258657887712],[-122.401249996812965,47.095172093362912],[-122.401381574824001,47.095582623890664],[-122.401688062916719,47.095258657887712]],[[-122.399950184623009,47.091178555696501],[-122.399205411149694,47.091151260817817],[-122.399955092710897,47.091207650313173],[-122.399950184623009,47.091178555696501]],[[-122.418458555942991,47.082512833174697],[-122.41273052185727,47.082273420544247],[-122.413034483524015,47.088986938945801],[-122.413262594125996,47.082530496100901],[-122.418458555942991,47.082512833174697]],[[-122.405991055109013,47.078688980083292],[-122.412452021839613,47.079100906022639],[-122.412449588271002,47.079024844957999],[-122.405991055109013,47.078688980083292]],[[-122.405858309499905,47.07802416363527],[-122.405966203128926,47.079067701267441],[-122.405991055109013,47.078688980083292],[-122.405858309499905,47.07802416363527]],[[-122.405465962028984,47.086689681131112],[-122.40548995808355,47.08632411612389],[-122.405342004344462,47.086693627319981],[-122.405465962028984,47.086689681131112]],[[-122.402567048667819,47.089677899944782],[-122.398195554884538,47.088778481896426],[-122.400431613462985,47.090240716020503],[-122.402583789912995,47.089708175854405],[-122.402567048667819,47.089677899944782]],[[-122.394957498227996,47.08666078844864],[-122.396934735229493,47.087953934930198],[-122.396876924438985,47.086838065356403],[-122.394957498227996,47.08666078844864]],[[-122.427386002475117,47.083634446096063],[-122.421254423054123,47.084453505978217],[-122.421342549255996,47.084514672914601],[-122.427382858054997,47.083646918449894],[-122.427386002475117,47.083634446096063]],[[-122.402792552199926,47.095476903010095],[-122.406301397255021,47.097064773336193],[-122.412010651186009,47.097297898617107],[-122.402792552199926,47.095476903010095]],[[-122.411775150541018,47.100336633759007],[-122.416518822955993,47.100736121662486],[-122.416222752419586,47.100151122625967],[-122.411775150541018,47.100336633759007]],[[-122.415989426070709,47.099690088885239],[-122.414754978327991,47.097250781726409],[-122.414433109844012,47.0988878042007],[-122.415989426070709,47.099690088885239]],[[-122.413446368064001,47.089395832197702],[-122.415778760454998,47.089524286060303],[-122.41558382961874,47.089486119869257],[-122.413446368064001,47.089395832197702]],[[-122.471808945528082,47.075729092651414],[-122.471564113418793,47.075922655162664],[-122.47181028078802,47.075878008736197],[-122.471808945528082,47.075729092651414]],[[-122.418260033833064,47.138753916461205],[-122.420828367124997,47.13840417721071],[-122.420828367286802,47.138404176231056],[-122.418260034561015,47.138753915679892],[-122.418260033833064,47.138753916461205]],[[-122.429095199106001,47.133305146850503],[-122.4290951990411,47.133305146840598],[-122.428976454028998,47.135992088063297],[-122.42113385278401,47.136554487536806],[-122.4211338526151,47.136554488559582],[-122.428976454058997,47.135992088885608],[-122.429095199106001,47.133305146850503]],[[-122.411423588321526,47.128033726512527],[-122.411423586829002,47.1280337262315],[-122.410404460026925,47.130796323919085],[-122.410404460802994,47.13079632415819],[-122.411423588321526,47.128033726512527]],[[-122.405221206066102,47.131258258668559],[-122.40556734567258,47.129305918498396],[-122.405567344700017,47.12930591819871],[-122.405221206066102,47.131258258668559]],[[-122.40095747469401,47.132664405784105],[-122.401085678990555,47.132631679303138],[-122.395802644638295,47.129876164898164],[-122.40095747469401,47.132664405784105]],[[-122.383772026292675,47.125764520533039],[-122.383772044790248,47.125764514756781],[-122.383772044398,47.125764514522601],[-122.383772026292675,47.125764520533039]],[[-122.516977661146456,47.150070229450847],[-122.515182719073891,47.149120087041439],[-122.515575967970008,47.149807377185184],[-122.516977661146456,47.150070229450847]],[[-122.512978138782316,47.145266739268003],[-122.512978138594789,47.145266738478632],[-122.512978138406979,47.145266738611902],[-122.512978138782316,47.145266739268003]],[[-122.507593783152018,47.135741883452695],[-122.509557148124983,47.134551557422903],[-122.511264123114003,47.136838211459597],[-122.514437961425017,47.136803787429088],[-122.516372371698012,47.140262553457298],[-122.521420262931983,47.139274910699712],[-122.521420264542996,47.139274909556093],[-122.516372371667018,47.140262552634994],[-122.514437961393995,47.136803786606784],[-122.511264123082981,47.136838210637301],[-122.509557148083999,47.134551556326485],[-122.507593783110991,47.135741882356307],[-122.497893120138045,47.134922639655208],[-122.497893120014012,47.13492264046441],[-122.507593783152018,47.135741883452695]],[[-122.486379609588013,47.119570005792205],[-122.487252040708015,47.122994572367197],[-122.489543209748007,47.123831560972405],[-122.493984403558002,47.122809006674501],[-122.49459002189802,47.124530177969802],[-122.499569045416351,47.123986880264106],[-122.499569045545002,47.123986879424493],[-122.494590021866998,47.124530177147506],[-122.493984403517018,47.122809005578098],[-122.489543209718008,47.123831560150101],[-122.487252040677021,47.122994571544901],[-122.48637960954801,47.119570004695802],[-122.476685713937002,47.119548739002894],[-122.476652855701658,47.119568711517182],[-122.486379609588013,47.119570005792205]],[[-122.466432177175747,47.125780047258502],[-122.466301604622799,47.12585938377768],[-122.466315495342002,47.125858414183199],[-122.466432177175747,47.125780047258502]],[[-122.458549650071049,47.124223364941322],[-122.458549650077003,47.124223365758496],[-122.463747894321003,47.126037607612403],[-122.466267017105309,47.125861798034393],[-122.458549650071049,47.124223364941322]],[[-122.467924966520016,47.159867740840603],[-122.474529058437,47.161582126468694],[-122.474957537768915,47.161574556559849],[-122.467924966520016,47.159867740840603]],[[-122.478672731809169,47.161508853242267],[-122.48039567992501,47.161478341896903],[-122.481423708818483,47.160567835278307],[-122.478672731809169,47.161508853242267]],[[-122.481598884918142,47.160412680916309],[-122.481682626752999,47.160338509930291],[-122.479430704090973,47.1586132315567],[-122.481598884918142,47.160412680916309]],[[-122.478848231487632,47.158166953124955],[-122.478719212113006,47.158068099744604],[-122.475985558125998,47.1593556573347],[-122.478848231487632,47.158166953124955]],[[-122.406480495938439,47.138172326301586],[-122.407728955903011,47.138058829752403],[-122.408379869043003,47.135198326269304],[-122.407336667671245,47.134573553371894],[-122.406936629116984,47.13743717696709],[-122.401507556800013,47.138734638698502],[-122.407102287320996,47.137447115254609],[-122.406480495938439,47.138172326301586]],[[-122.400827285454,47.1357409335859],[-122.400827286262881,47.135740933418667],[-122.397661045062009,47.134563194787795],[-122.400827285454,47.1357409335859]],[[-122.407115060327456,47.134440829714954],[-122.406227990210013,47.133909540444499],[-122.400827288391127,47.135740932978692],[-122.407115060327456,47.134440829714954]],[[-122.40113152960275,47.143554779746175],[-122.408426217504882,47.141211020906596],[-122.401169181067999,47.143020690142897],[-122.40113152960275,47.143554779746175]],[[-122.557252077089856,47.164050104090663],[-122.561413573786993,47.162815532129997],[-122.557751394811007,47.163073105292902],[-122.55705362173606,47.162511803239404],[-122.557252077089856,47.164050104090663]],[[-122.542570385597017,47.1455945613586],[-122.542393884121381,47.145220847985975],[-122.542031778537805,47.145414076850905],[-122.542570385597017,47.1455945613586]],[[-122.466678961464012,47.1697296493222],[-122.46945989310457,47.167093304295413],[-122.466270443226804,47.169749605939742],[-122.466678961464012,47.1697296493222]],[[-122.46974133638787,47.173746811311815],[-122.469567594038494,47.173583768885145],[-122.469535519118011,47.173604228084201],[-122.46974133638787,47.173746811311815]],[[-122.387341000281921,47.187192906332939],[-122.387555408994317,47.187472634972146],[-122.387557917029994,47.187459475405383],[-122.391686003885539,47.185072343112552],[-122.387627234030987,47.187391339082893],[-122.387341000281921,47.187192906332939]],[[-122.383531060045911,47.184551440552788],[-122.383617258877223,47.185742293021839],[-122.384751210847796,47.185397424318481],[-122.383531060045911,47.184551440552788]],[[-122.383987731646968,47.175874742771612],[-122.382901569679092,47.175853404127729],[-122.382980378356265,47.176942495449332],[-122.383987731646968,47.175874742771612]],[[-122.266376474457289,47.275272804368278],[-122.266295440452609,47.275484373156822],[-122.266387655394993,47.275296421779494],[-122.266376474457289,47.275272804368278]],[[-122.261963622794894,47.254100714589512],[-122.263661939406006,47.257367104988198],[-122.261184563094048,47.257380227802336],[-122.26370015797302,47.257379017460693],[-122.266221019954997,47.2620376707182],[-122.262325059391017,47.254354254377283],[-122.261963622794894,47.254100714589512]],[[-122.2292314899274,47.257390795511171],[-122.229509230670104,47.257390742044556],[-122.229092153235001,47.250026440011695],[-122.2292314899274,47.257390795511171]],[[-122.214957755268017,47.243441032957193],[-122.226994645050993,47.247330157581274],[-122.226915375509989,47.247228252927997],[-122.214957755268017,47.243441032957193]],[[-122.208044842047997,47.2371112421961],[-122.207882597293946,47.237308943749049],[-122.209919010867992,47.237637202245295],[-122.206492656795135,47.235798416753823],[-122.208044842047997,47.2371112421961]],[[-122.200972222511993,47.231128585429808],[-122.201054643351711,47.231198314614716],[-122.200985539911656,47.231075417922099],[-122.200972222511993,47.231128585429808]],[[-122.207140312465086,47.220634350738202],[-122.201087993843316,47.224374314704185],[-122.201269257514568,47.224411926808848],[-122.20751444028835,47.221232570447469],[-122.207140312465086,47.220634350738202]],[[-122.201008679672071,47.210856227458443],[-122.201191660958742,47.211120667616342],[-122.201026178077996,47.210855958003492],[-122.201008679672071,47.210856227458443]],[[-122.193433206620995,47.209037134249897],[-122.195525509890999,47.209562036236299],[-122.193362210513229,47.208871695732455],[-122.193433206620995,47.209037134249897]],[[-122.192449344805993,47.206689746168088],[-122.192424903488842,47.206687438739586],[-122.193012027293548,47.208055666567809],[-122.192179866052143,47.203470247083381],[-122.192449344805993,47.206689746168088]],[[-122.191957056180513,47.19850591598442],[-122.190783637275501,47.199094335049836],[-122.19142578271429,47.199314390534205],[-122.191414308408994,47.19925114917411],[-122.191957056180513,47.19850591598442]],[[-122.192666019325017,47.195957461356791],[-122.192457323299465,47.195818157732518],[-122.19243468190345,47.197850080561636],[-122.194731079942002,47.194696603090897],[-122.192666019325017,47.195957461356791]],[[-122.193888204569348,47.191690527066335],[-122.193887837133914,47.191776458606903],[-122.194731079942002,47.194696603090897],[-122.193888204569348,47.191690527066335]],[[-122.190907778563997,47.190175454745606],[-122.193343397950798,47.190197416167273],[-122.190907777987618,47.190175453956243],[-122.190907778563997,47.190175454745606]],[[-122.183628713798996,47.184794639886],[-122.182879241840496,47.183192343427258],[-122.18298011506802,47.185764812086369],[-122.186581517640462,47.184249736491346],[-122.18658151724,47.184249735336785],[-122.183628713798996,47.184794639886]],[[-122.180555744686004,47.1780629434788],[-122.180706192493787,47.178210803334053],[-122.183718364376006,47.17769055835879],[-122.180555744686004,47.1780629434788]],[[-122.18712490322477,47.173856494099553],[-122.184048834283999,47.17425582269469],[-122.18723272151,47.174685513417096],[-122.18712490322477,47.173856494099553]],[[-122.186802869504774,47.172642974839953],[-122.187002690091958,47.172916762313434],[-122.186961772735984,47.172602129947691],[-122.186802869504774,47.172642974839953]],[[-122.183421114086315,47.170638190646812],[-122.183251264283015,47.170816470437593],[-122.184466750628999,47.173243424827803],[-122.184466757386559,47.173243422262004],[-122.184466750602994,47.173243424005484],[-122.183421114086315,47.170638190646812]],[[-122.19319553128301,47.157045764287595],[-122.187546958741493,47.156765893360955],[-122.187546958679988,47.156765894179003],[-122.193195532916988,47.157045765086409],[-122.194265460970001,47.155889484767009],[-122.194482069493006,47.156859791075696],[-122.194265460943996,47.155889483944591],[-122.19319553128301,47.157045764287595]],[[-122.219762451314807,47.154309595767771],[-122.218921733481437,47.155316439552166],[-122.219796817768,47.155270476572909],[-122.219762451314807,47.154309595767771]],[[-122.219918073436759,47.150401945575098],[-122.219940529898651,47.150594459808183],[-122.220072077397361,47.150452790475754],[-122.219918073436759,47.150401945575098]],[[-122.225763085110998,47.141069606522997],[-122.225683904230635,47.141061579245964],[-122.221245018364257,47.149189557916266],[-122.224019883720018,47.146200797201708],[-122.225763085110998,47.141069606522997]],[[-122.213988580880979,47.137718816196603],[-122.21527565631601,47.140005905487683],[-122.215275758108518,47.140005914997346],[-122.215275656290004,47.140005904665401],[-122.213988580880979,47.137718816196603]],[[-122.21563160908201,47.137117529884108],[-122.215395779744014,47.137112920102332],[-122.213988580880979,47.137718816196603],[-122.21563160908201,47.137117529884108]],[[-122.212519517146532,47.132716864584197],[-122.212536345051006,47.136662810046886],[-122.212884873568356,47.136704902281977],[-122.213544680013996,47.133677789348503],[-122.212519517146532,47.132716864584197]],[[-122.211606052793456,47.131285616792049],[-122.212290328547155,47.131454526654238],[-122.214392135823005,47.126870790434332],[-122.211606052793456,47.131285616792049]],[[-122.196430851064008,47.130817566370091],[-122.194102941343019,47.129006569974997],[-122.192399770948995,47.131802190929406],[-122.185589864327,47.13198074442559],[-122.185589863647692,47.131980745252392],[-122.192399770975001,47.13180219175181],[-122.194102941368001,47.129006570797301],[-122.196430851090014,47.130817567192402],[-122.206572279926178,47.130073704672427],[-122.206512629565992,47.130053616181399],[-122.196430851064008,47.130817566370091]],[[-122.18264668926102,47.1344734186927],[-122.183149326774227,47.13404774007541],[-122.182889086949203,47.133804530889414],[-122.18264668926102,47.1344734186927]],[[-122.17799696730701,47.130740759352804],[-122.18113052601764,47.132160980519039],[-122.177798826175007,47.129046824721399],[-122.17799696730701,47.130740759352804]],[[-122.168716807677001,47.124245613146691],[-122.168586411166828,47.124358116259287],[-122.177798826175007,47.129046824721399],[-122.168716807677001,47.124245613146691]],[[-122.167094741676621,47.125645050357001],[-122.16709474428238,47.12564504737864],[-122.167094741246004,47.125645049998191],[-122.167094741676621,47.125645050357001]],[[-122.170206861186998,47.128238013487397],[-122.170206861138752,47.128238013447216],[-122.170204567103056,47.128420955616015],[-122.170206861186998,47.128238013487397]],[[-122.16655903207257,47.132988039494059],[-122.166567596187008,47.132448104846404],[-122.170147852585018,47.132943050349894],[-122.170147852590532,47.13294304991031],[-122.163980770742228,47.130772666676819],[-122.16655903207257,47.132988039494059]],[[-122.163728890058394,47.139546555688796],[-122.16344072805947,47.139001928015446],[-122.163177514701005,47.139203783004803],[-122.163728890058394,47.139546555688796]],[[-122.164067650690995,47.140186800030108],[-122.163971982746091,47.140005993001232],[-122.161163562514986,47.140371906388985],[-122.164067650690995,47.140186800030108]],[[-122.160094311699041,47.145751694561099],[-122.160559458787745,47.143411510956078],[-122.159683654386995,47.143731785275399],[-122.160094311699041,47.145751694561099]],[[-122.156356014371866,47.147302936234645],[-122.156676440170997,47.14736048438629],[-122.15414181817701,47.150740830132797],[-122.156648711976999,47.147419831699487],[-122.161493619797241,47.147390794313282],[-122.160364333895245,47.147079777022086],[-122.160415774685006,47.147332777056505],[-122.156356014371866,47.147302936234645]],[[-122.146624845633994,47.145554742790701],[-122.151561239696164,47.146441677831781],[-122.150708212156005,47.14552873638771],[-122.146624845633994,47.145554742790701]],[[-122.144471595343987,47.14742517674749],[-122.144541132468021,47.143842205091289],[-122.144426972029862,47.143838275848729],[-122.144411810703716,47.151475639851412],[-122.144522211557884,47.151452281121472],[-122.146624845633994,47.145554742790701],[-122.144471595343987,47.14742517674749]],[[-122.14183029159085,47.143878285891347],[-122.143704120131275,47.143813393644379],[-122.141920135765986,47.143751965238003],[-122.14183029159085,47.143878285891347]],[[-122.13831847009601,47.147644480588404],[-122.138773385876263,47.147102369334348],[-122.135426100187942,47.146918743702933],[-122.13831847009601,47.147644480588404]],[[-122.134208570140999,47.148090072004294],[-122.134368817816664,47.147935908097573],[-122.133968836699665,47.147418538701842],[-122.134208570140999,47.148090072004294]],[[-122.132971121357173,47.147177435365528],[-122.133479400631799,47.14678544524287],[-122.133383406498993,47.146661273284899],[-122.132971121357173,47.147177435365528]],[[-122.129463460901022,47.142915668867531],[-122.13172827934018,47.14666776151649],[-122.131733707457997,47.144694089272903],[-122.129463460901022,47.142915668867531]],[[-122.129418411459994,47.142841030333791],[-122.129431022006202,47.142861923682922],[-122.131040108389001,47.140503092092807],[-122.129418411459994,47.142841030333791]],[[-122.121168310108004,47.149716595019392],[-122.126125222078798,47.138646819908594],[-122.125967863151999,47.138587382410499],[-122.121168310108004,47.149716595019392]],[[-122.117772131295013,47.149475191663399],[-122.117771713628542,47.149489389180026],[-122.121168310108004,47.149716595019392],[-122.117772131295013,47.149475191663399]],[[-122.113697103825999,47.152604015699197],[-122.117722610065996,47.151158474987099],[-122.10917493743699,47.153207884514394],[-122.113697103825999,47.152604015699197]],[[-122.107269730732824,47.151944897255873],[-122.10776960729936,47.151655673835144],[-122.107422359769998,47.151272116625897],[-122.107269730732824,47.151944897255873]],[[-122.107701039198005,47.152868406316003],[-122.109548892045012,47.155274380693697],[-122.107221549713088,47.15215727291298],[-122.106792703498996,47.154047492915694],[-122.107701039198005,47.152868406316003]],[[-122.097675091746012,47.159685078585092],[-122.101812350648345,47.157236217174209],[-122.096974477437982,47.15950176921433],[-122.097675091746012,47.159685078585092]],[[-122.088643059729989,47.162162303816991],[-122.08613211081601,47.159081386515808],[-122.086223248225821,47.159057494327627],[-122.085137203800528,47.158292548633725],[-122.088643059729989,47.162162303816991]],[[-122.059046257388005,47.156444123452609],[-122.069529139158007,47.157479196289792],[-122.057609292788328,47.155463719558938],[-122.059046257388005,47.156444123452609]],[[-122.051388777862968,47.151219001034946],[-122.055379226644689,47.153942096221783],[-122.055382276754003,47.153477232337394],[-122.051388777862968,47.151219001034946]],[[-122.058624747511033,47.147764100549651],[-122.058624743175017,47.147764101923002],[-122.053462929161,47.147143484371696],[-122.058624743199005,47.147764102745391],[-122.058624747511033,47.147764100549651]],[[-122.062988699934849,47.140940982720437],[-122.064884445078874,47.144576215586888],[-122.064994985436996,47.144519913991296],[-122.062988699934849,47.140940982720437]],[[-122.062988694105016,47.140940971540495],[-122.062988694535463,47.140940972365961],[-122.064604426927005,47.140953107128503],[-122.062988694105016,47.140940971540495]],[[-122.061416698195984,47.140539285356702],[-122.061623942590501,47.140379165118468],[-122.058178845056247,47.14026617333753],[-122.061416698195984,47.140539285356702]],[[-122.056233044820999,47.14010200029999],[-122.056633811439042,47.140135816971402],[-122.054984495008,47.136999755190708],[-122.056233044820999,47.14010200029999]],[[-122.024273672805606,47.147900961791187],[-122.024273674021003,47.147900961839809],[-122.023338224643553,47.141482684301387],[-122.02333822453798,47.141482684460797],[-122.024273672805606,47.147900961791187]],[[-122.014888515469636,47.1493084535497],[-122.014943234222983,47.1494700237104],[-122.017839477934373,47.147643367853036],[-122.017839476825017,47.147643367808598],[-122.014888515469636,47.1493084535497]],[[-122.010918930391995,47.146661766972095],[-122.010918931033629,47.146661767068437],[-122.011668451429031,47.145782092235379],[-122.010918930391995,47.146661766972095]],[[-122.007089749415996,47.140916249032308],[-122.012902482227886,47.144333690542965],[-122.007236226040121,47.139649285930588],[-122.007089749415996,47.140916249032308]],[[-122.007462139576006,47.136719219980698],[-122.004027720901007,47.138053942141205],[-121.99871951911399,47.137443561321703],[-122.006291802832848,47.138868406068319],[-122.004950796572999,47.1377595660122],[-122.007462139576006,47.136719219980698]],[[-121.994192166564986,47.139717365156201],[-121.994183366919543,47.139766554197728],[-121.99871951911399,47.137443561321703],[-121.994192166564986,47.139717365156201]],[[-122.012479477545327,47.124354873055928],[-122.008504857773005,47.126209879820706],[-122.012479478404984,47.12435487348769],[-122.012479477545327,47.124354873055928]],[[-122.007794389221019,47.122001613478986],[-122.007794389359276,47.122001613548456],[-122.00806286642802,47.119454616595903],[-122.007794389221019,47.122001613478986]],[[-121.990665857909008,47.125950516203503],[-121.990790017227724,47.125881968755934],[-121.989362277140373,47.125586320739529],[-121.990665857909008,47.125950516203503]],[[-121.988546482784002,47.125358393394592],[-121.988645175853236,47.125385967972214],[-121.989853941565457,47.124104850513511],[-121.988546482784002,47.125358393394592]],[[-121.990364696727184,47.120805469591268],[-121.991024934749518,47.122863694664531],[-121.991136574302004,47.12274536228869],[-121.990364696727184,47.120805469591268]],[[-121.97975137281702,47.121238029047603],[-121.984761889989997,47.12053658102829],[-121.97971006821615,47.121200826965556],[-121.97975137281702,47.121238029047603]],[[-121.978146986858178,47.119792947565905],[-121.979480492705989,47.120994052495625],[-121.977062674102001,47.116145760439366],[-121.978146986858178,47.119792947565905]],[[-121.969761097840617,47.111215267901166],[-121.970270510749998,47.11228896301489],[-121.976030455197218,47.114075639851812],[-121.975707929981994,47.113428779415393],[-121.969761097840617,47.111215267901166]],[[-121.960525997519539,47.110471709918237],[-121.959697204337274,47.112860933064496],[-121.961553368325383,47.111832888860327],[-121.960510421501994,47.111936405754001],[-121.960525997519539,47.110471709918237]],[[-121.955746952416007,47.107380585776895],[-121.960562179104116,47.107068805414478],[-121.960562179104997,47.107068805330698],[-121.955746952416007,47.107380585776895]],[[-121.937193837495002,47.0962950715356],[-121.938864047877004,47.100100600450908],[-121.937671561111344,47.095417228252607],[-121.937193837495002,47.0962950715356]],[[-121.932087580238161,47.091473423491266],[-121.937209676440659,47.093603005151152],[-121.936950323770006,47.092584248271699],[-121.932087580238161,47.091473423491266]],[[-121.929607480228057,47.091507372193881],[-121.931362933685918,47.091307866691906],[-121.930843577920015,47.091189208329801],[-121.929607480228057,47.091507372193881]],[[-121.910854126043006,47.087799277772703],[-121.907867268352007,47.093683856085498],[-121.904271326438717,47.094145854923433],[-121.904982235078009,47.094303006611902],[-121.915462455123063,47.093113901366515],[-121.908499261705018,47.093370834015403],[-121.910854126043006,47.087799277772703]],[[-121.91593161125499,47.08966201825929],[-121.915931612148839,47.089662017978711],[-121.910854126043006,47.087799277772703],[-121.91593161125499,47.08966201825929]],[[-121.925801932653016,47.084366684115999],[-121.923889302559004,47.08716369718109],[-121.918354914522808,47.088901305152838],[-121.923889302588009,47.087163698277699],[-121.925801932653016,47.084366684115999]],[[-121.936557631018005,47.083032134428599],[-121.940018952139013,47.074602351442401],[-121.940018951877818,47.074602350994176],[-121.938196360906005,47.077453379605295],[-121.934658343205996,47.076653528412592],[-121.938581914145999,47.077553043551795],[-121.936557630989,47.083032133331983],[-121.925801932653016,47.084366684115999],[-121.936557631018005,47.083032134428599]],[[-121.926499688895007,47.079211099938703],[-121.912583668102997,47.0754431624433],[-121.926899403869996,47.0794055526693],[-121.934658343205996,47.076653528412592],[-121.926499688895007,47.079211099938703]],[[-121.941163496146999,47.066716941147],[-121.940472406031446,47.066992824715037],[-121.942656959237084,47.067063335707658],[-121.941163496146999,47.066716941147]],[[-121.945582025412008,47.067741707743799],[-121.944538625271861,47.067499736223418],[-121.945602744394947,47.068008476797417],[-121.945582025412008,47.067741707743799]],[[-121.947117941486908,47.064647338290008],[-121.948265091627874,47.064786818082297],[-121.948319453398014,47.06472694479519],[-121.947117941486908,47.064647338290008]],[[-121.944770483088021,47.064361877290693],[-121.944858065824988,47.064372528644121],[-121.94214079981802,47.059216775020893],[-121.944770483088021,47.064361877290693]],[[-121.942939090530999,47.052667449766894],[-121.945901238459712,47.05442717636101],[-121.945949765796996,47.054365361502398],[-121.942939090530999,47.052667449766894]],[[-121.943346656509988,47.04861990885211],[-121.942699734654042,47.04766121709681],[-121.942939090530999,47.052667449766894],[-121.943346656509988,47.04861990885211]],[[-121.953045159830552,47.044826937714056],[-121.951448891317014,47.043973539127407],[-121.939240745367798,47.044748161149386],[-121.941604505739093,47.046038080645765],[-121.940744343446994,47.044763238827294],[-121.953045159830552,47.044826937714056]],[[-121.918723912038018,47.018349971967396],[-121.92709898140501,47.019899743313502],[-121.915768588072538,47.016917712822085],[-121.918723912038018,47.018349971967396]],[[-121.894232105862997,47.016602316034998],[-121.909161242629793,47.015545659646236],[-121.908106247880994,47.015341485686797],[-121.894232105862997,47.016602316034998]],[[-121.884257256956445,47.019128227563563],[-121.884328649747999,47.019209044553889],[-121.894232105862997,47.016602316034998],[-121.884257256956445,47.019128227563563]],[[-121.847996310789014,47.009862517223297],[-121.857929218205015,47.006919195727889],[-121.865241000174009,47.004338494102505],[-121.845687213954591,47.01010894014933],[-121.847996310789014,47.009862517223297]],[[-121.838939845409996,47.000259598828684],[-121.842016718026997,47.0100754619803],[-121.836581108686346,47.011080251301117],[-121.845399978989931,47.010139589958399],[-121.841988131037994,47.009798364279305],[-121.838939845409996,47.000259598828684]],[[-121.844681081591986,46.991390039091186],[-121.84463660101396,46.991332318240474],[-121.839771691900907,46.99329251804253],[-121.842982976976998,46.992336110049905],[-121.838939845409996,47.000259598828684],[-121.844681081591986,46.991390039091186]],[[-121.854819206503876,46.993538870051481],[-121.853573263097474,46.99452492276199],[-121.854651306801003,46.994910613143198],[-121.854819206503876,46.993538870051481]],[[-121.868598780954471,46.978648854683783],[-121.868598780954471,46.978648854683783],[-121.870649168233982,46.984888794622606],[-121.868598780954471,46.978648854683783]],[[-121.874540252209982,46.992065182310199],[-121.869872943310767,46.99111745397343],[-121.869780197447,46.991861569547297],[-121.874540252209982,46.992065182310199]],[[-121.897983394885017,46.990286628338097],[-121.893088668071002,46.97560540422991],[-121.892566188147001,46.979355380888308],[-121.892404144625743,46.979504262116379],[-121.893012548448013,46.979164533213201],[-121.897983394885017,46.990286628338097]],[[-121.904774281499996,46.971009879525504],[-121.905852600193555,46.970795341161171],[-121.902710075838527,46.970855860702017],[-121.893088668071002,46.97560540422991],[-121.904774281499996,46.971009879525504]],[[-121.91039919809009,46.982095202627839],[-121.906234955923992,46.989563920169601],[-121.910618437504993,46.982527172452791],[-121.91039919809009,46.982095202627839]],[[-121.880686615200005,46.963788940117603],[-121.882833772028008,46.962170257237709],[-121.882728407703297,46.96192136139998],[-121.880686615200005,46.963788940117603]],[[-121.884090135930009,46.9560450763611],[-121.87755964860591,46.957747354412909],[-121.881013135557083,46.957869144329408],[-121.880875934478013,46.957544988798894],[-121.884090135930009,46.9560450763611]],[[-121.897033410226001,46.946133661095608],[-121.88573778001701,46.949548633345401],[-121.885703514959729,46.949577337222806],[-121.897274223685017,46.946167603470904],[-121.897033410226001,46.946133661095608]],[[-121.902834661406331,46.946911761538132],[-121.902779677077007,46.946943441116602],[-121.903158859667386,46.947681868489376],[-121.902834661406331,46.946911761538132]],[[-121.956276535979015,46.938985902637199],[-121.931109189473005,46.936567332775795],[-121.916945976374009,46.933961161257407],[-121.916774248514585,46.934136483232543],[-121.923914344799996,46.936016979078502],[-121.956276535979015,46.938985902637199]],[[-121.90421283119322,46.923673780054109],[-121.906708663629004,46.923353953822399],[-121.911443822074588,46.920797798904168],[-121.911233327044997,46.920764600291101],[-121.90421283119322,46.923673780054109]],[[-121.896821520268006,46.924057184040095],[-121.896794472704315,46.924624054434489],[-121.900694058131705,46.92412459094556],[-121.888476132278996,46.923876126957801],[-121.896821520268006,46.924057184040095]],[[-121.881172835859999,46.925366551157992],[-121.878111535014881,46.926949178667577],[-121.888476132278996,46.923876126957801],[-121.881172835859999,46.925366551157992]],[[-121.876036500517984,46.932032577277703],[-121.877426241400215,46.927303436697422],[-121.877277737548013,46.927380203620103],[-121.876036500517984,46.932032577277703]],[[-121.872790669379981,46.932575064950598],[-121.869878558851951,46.933799545681744],[-121.876036500517984,46.932032577277703],[-121.872790669379981,46.932575064950598]],[[-121.877444358410514,46.91611427860753],[-121.872492357061006,46.927651190909188],[-121.877674816788016,46.915971888000193],[-121.877444358410514,46.91611427860753]],[[-121.874948712559998,46.906749274800745],[-121.874837925836033,46.911956152686329],[-121.875751540456008,46.9087712375159],[-121.874948712559998,46.906749274800745]],[[-121.901860462572017,46.909185156166799],[-121.897361555316365,46.914824112939144],[-121.897868820764998,46.914861570281893],[-121.901860462572017,46.909185156166799]],[[-121.904080305852773,46.897560143680543],[-121.90446587620302,46.897788921812698],[-121.926394593445991,46.900265717163798],[-121.904080305852773,46.897560143680543]],[[-121.890867907924999,46.876353757231001],[-121.890624028575857,46.876247054303469],[-121.891655692430987,46.878929593039963],[-121.891660473932006,46.878815492009103],[-121.890867907924999,46.876353757231001]],[[-121.938539931598001,46.853559908791603],[-121.945572901480006,46.8618162745571],[-121.951012648008984,46.8639868817964],[-121.95085917233564,46.864369969430349],[-121.951270604947993,46.863922204513699],[-121.938539931598001,46.853559908791603]],[[-121.95507892342296,46.850707546854977],[-121.956034479880017,46.855105355176391],[-121.955638996419992,46.851249127603502],[-121.95507892342296,46.850707546854977]],[[-121.942791669026008,46.827300311533897],[-121.942291805180005,46.833578693409002],[-121.943053135391992,46.838029698371912],[-121.943828802465106,46.825030521832147],[-121.942791669026008,46.827300311533897]],[[-121.945150742376981,46.784151682310103],[-121.948917099328,46.787639855738597],[-121.950390061553591,46.7878878522923],[-121.945150742376981,46.784151682310103]],[[-121.931274056996983,46.788965611849896],[-121.931302022501512,46.78843532779122],[-121.928784590998987,46.789446656061095],[-121.931274056996983,46.788965611849896]],[[-121.925726174218795,46.794632970772412],[-121.927209883348993,46.793702497394996],[-121.928784590998987,46.789446656061095],[-121.925726174218795,46.794632970772412]],[[-121.924356405590004,46.795491943002901],[-121.925066545331191,46.795046624904813],[-121.920624556066016,46.795826617758998],[-121.924356405590004,46.795491943002901]],[[-121.917250402619032,46.793664994814513],[-121.919297716286451,46.793596063895301],[-121.919191148614019,46.793416904135199],[-121.917250402619032,46.793664994814513]],[[-121.902424433779998,46.801920747571202],[-121.915651681526256,46.793869337045543],[-121.914536346497997,46.794011880596805],[-121.902424433779998,46.801920747571202]],[[-121.893021346896006,46.800168191477198],[-121.892343576667258,46.800397799965417],[-121.902424433779998,46.801920747571202],[-121.893021346896006,46.800168191477198]],[[-121.908968282763993,46.781472100795597],[-121.908643445368497,46.781303612040041],[-121.914536346497997,46.794011880596805],[-121.908968282763993,46.781472100795597]],[[-121.902205194651998,46.778921281030996],[-121.906566646207551,46.780226358013969],[-121.901476960223135,46.777585953395175],[-121.902205194651998,46.778921281030996]],[[-121.897305183724868,46.772514589871697],[-121.898663868995357,46.772944522040149],[-121.898543504540001,46.772720256099291],[-121.897305183724868,46.772514589871697]],[[-121.898209464726989,46.766523360628],[-121.901921973215465,46.770246957621531],[-121.90196387102101,46.770216283138588],[-121.898209464726989,46.766523360628]],[[-121.936167709039225,46.759751633828635],[-121.89867059349821,46.762487680365652],[-121.898633982453759,46.762808114754726],[-121.936040772509998,46.759846541739897],[-121.936167709039225,46.759751633828635]],[[-121.886087743860998,46.752157415492192],[-121.886258394373399,46.752169968548536],[-121.886905568210068,46.750405939089269],[-121.886087743860998,46.752157415492192]],[[-121.888749929710016,46.746455551862802],[-121.888480284769614,46.747033135785493],[-121.898052591329446,46.741476735912073],[-121.888749929710016,46.746455551862802]],[[-121.901806990543975,46.737890778691067],[-121.901792769397431,46.737947174493812],[-121.901851072525005,46.738595187006695],[-121.901612592876887,46.738661677115942],[-121.901391576340586,46.739538106443135],[-121.901937247774015,46.7392212644897],[-121.901806990543975,46.737890778691067]],[[-122.389140620817813,47.205304381579062],[-122.389715995952997,47.200009144206106],[-122.389767271269193,47.192286371186341],[-122.389140620817813,47.205304381579062]],[[-122.389767269593065,47.192286341626627],[-122.386953742853564,47.19151404440116],[-122.386866971114003,47.191821039591403],[-122.389767269593065,47.192286341626627]],[[-122.381315084647056,47.162038610513463],[-122.381126990867003,47.159805644523409],[-122.379629425603,47.159067489144988],[-122.381315084647056,47.162038610513463]],[[-122.376053446651852,47.160667195509255],[-122.37607587929844,47.161069411794848],[-122.379629425603,47.159067489144988],[-122.376053446651852,47.160667195509255]],[[-122.396090568227095,47.237168388461697],[-122.396095503100526,47.237052641880311],[-122.384476145413259,47.232584381181482],[-122.396090568227095,47.237168388461697]],[[-122.390153860780046,47.228168699384632],[-122.390017731091007,47.228067443752892],[-122.389961434992117,47.228095490043117],[-122.390153860780046,47.228168699384632]],[[-122.389132047233957,47.228508678069709],[-122.386919574849358,47.229610836102545],[-122.387640092379996,47.229747488824707],[-122.389132047233957,47.228508678069709]],[[-122.381521766375997,47.223005791082798],[-122.381450893766981,47.222970486473585],[-122.385321707060001,47.229307767249395],[-122.386810412994947,47.229590132105102],[-122.384431240440449,47.220452108074205],[-122.385910705436018,47.229351757513001],[-122.381521766375997,47.223005791082798]],[[-122.384278397918393,47.219532524811868],[-122.386727423254129,47.217584793953243],[-122.384221898941007,47.219192588516293],[-122.384278397918393,47.219532524811868]],[[-122.386527152468105,47.210997593192019],[-122.386399956417833,47.206813319958023],[-122.385866381252001,47.2104571003008],[-122.386527152468105,47.210997593192019]],[[-122.386485925304839,47.206226190413865],[-122.389140615518372,47.205304408981689],[-122.38653904377,47.205863407987607],[-122.386485925304839,47.206226190413865]],[[-122.544960028452834,47.315347522999318],[-122.546055715804556,47.315883471703017],[-122.545533067470004,47.315188011228493],[-122.544960028452834,47.315347522999318]],[[-122.540996358724996,47.316061600799088],[-122.541367177423226,47.315943047465367],[-122.539766219015775,47.314889023938044],[-122.540996358724996,47.316061600799088]],[[-122.538090555216016,47.313291666073908],[-122.539584594689174,47.314715892983472],[-122.537361276598574,47.310841327829451],[-122.538090555216016,47.313291666073908]],[[-122.533894084672468,47.304826666777991],[-122.533923520551966,47.304849170983999],[-122.533911932787987,47.304828970554006],[-122.533894084672468,47.304826666777991]],[[-122.521597101462987,47.299308913234384],[-122.5217202510227,47.299367337190532],[-122.521529682177786,47.298197778873977],[-122.521597101462987,47.299308913234384]],[[-122.526801708582994,47.298298531267498],[-122.526801708564491,47.298298531208161],[-122.521529681459,47.298197767027602],[-122.521529681461701,47.298197767071855],[-122.526801708582994,47.298298531267498]],[[-122.522978006591103,47.278682714376998],[-122.523221049150607,47.286819059511096],[-122.524199020025989,47.2819355472053],[-122.522978006591103,47.278682714376998]],[[-122.518375657042881,47.277857195421944],[-122.522970262226423,47.27866208174693],[-122.522893004181995,47.278456249028899],[-122.518375657042881,47.277857195421944]],[[-122.518057613814577,47.275256301765211],[-122.518375652395932,47.277857191510257],[-122.518865911871998,47.275954216172501],[-122.518057613814577,47.275256301765211]],[[-122.516224923945913,47.274096165541614],[-122.51729134188102,47.274594652068039],[-122.516292224973029,47.273731916220001],[-122.516224923945913,47.274096165541614]],[[-122.512925571691198,47.275259309256811],[-122.515097686808431,47.274490330906914],[-122.511658492917988,47.274826479099595],[-122.512925571691198,47.275259309256811]],[[-122.510554195872999,47.279716570246599],[-122.501507636675001,47.280560431311784],[-122.501561974164431,47.282017308943445],[-122.501561975806013,47.282017309753094],[-122.501507638286,47.280560431283995],[-122.510554195872999,47.279716570246599]],[[-122.498587250340009,47.280550046285995],[-122.498533316999001,47.283402274980993],[-122.498587250370008,47.280550047108193],[-122.50150749552823,47.28199043915744],[-122.498587250340009,47.280550046285995]],[[-122.488904281419991,47.280508771080179],[-122.495570099042709,47.28194901199349],[-122.488894755396998,47.280490430226394],[-122.488904281419991,47.280508771080179]],[[-122.556839354247998,47.230472803367199],[-122.561604753875997,47.236347100152003],[-122.561604752299459,47.236347102734086],[-122.56160475508301,47.236347100130594],[-122.556839355455011,47.230472803345791],[-122.557985803399006,47.228921021157603],[-122.557985785079197,47.228921018015065],[-122.557985802192007,47.228921021179097],[-122.556839354247998,47.230472803367199]],[[-122.542781296187542,47.226108664072491],[-122.540374810240976,47.224528234870526],[-122.54142802855398,47.225858239843106],[-122.542781296187542,47.226108664072491]],[[-122.540319563803564,47.224458467521579],[-122.542894119430017,47.223448196653095],[-122.540264274970994,47.224388646424693],[-122.540319563803564,47.224458467521579]],[[-122.540783548966999,47.2177862255622],[-122.540783549828902,47.217786224916708],[-122.540783547759986,47.217786225583495],[-122.542894119430017,47.223448196653095],[-122.540783548966999,47.2177862255622]],[[-122.541792688219203,47.217030460401709],[-122.543530840444092,47.21572865073211],[-122.543168263047008,47.21573196296761],[-122.544175670894219,47.213656919309315],[-122.541846558439005,47.21688713027379],[-122.53735647097902,47.21403988207129],[-122.541792688219203,47.217030460401709]],[[-122.521750094127896,47.195053021787821],[-122.527115199851195,47.197338491218211],[-122.525372081366001,47.195301598000803],[-122.525239065796995,47.191445563453399],[-122.525239062046325,47.191445562465553],[-122.525239064591005,47.191445563474502],[-122.525247665837014,47.196521121702588],[-122.521750094127896,47.195053021787821]],[[-122.521953829490471,47.192672040488823],[-122.518970183400157,47.191736229996124],[-122.519087315492996,47.191915063097404],[-122.521953829490471,47.192672040488823]],[[-122.518533431251043,47.191069400771333],[-122.517908104227018,47.189405612721991],[-122.517490390455521,47.189476821376786],[-122.518533431251043,47.191069400771333]],[[-122.508785538991006,47.193913733410596],[-122.510455330575994,47.190675846970301],[-122.510455338767656,47.190675845389741],[-122.51045532936898,47.190675846991304],[-122.508785538991006,47.193913733410596]],[[-122.508436034490003,47.202734647161996],[-122.50523487369999,47.20183403159529],[-122.505206546714007,47.191717187670697],[-122.505234872494,47.201834031616109],[-122.508436034490003,47.202734647161996]],[[-122.50500923274133,47.207295862802667],[-122.505009233281015,47.20729586280639],[-122.508436034490003,47.202734647161996],[-122.50500923274133,47.207295862802667]],[[-122.503105991739773,47.207282760388011],[-122.503105990127992,47.207282760376899],[-122.503465734014995,47.212366583878001],[-122.503105991739773,47.207282760388011]],[[-122.500896829295996,47.212487873087703],[-122.501331611083998,47.2285015554273],[-122.496352452370999,47.229256116174589],[-122.497717791279996,47.233703645099794],[-122.496352453577998,47.229256116153792],[-122.501331612291011,47.228501555406403],[-122.500896829295996,47.212487873087703]],[[-122.503198269806134,47.246645042573505],[-122.504193593418435,47.250701329792641],[-122.504442095594996,47.248710008568104],[-122.503198269806134,47.246645042573505]],[[-122.50405803355882,47.251787545448508],[-122.497481143002162,47.25500548678405],[-122.503976124031993,47.252443848679107],[-122.50405803355882,47.251787545448508]],[[-122.496816785411582,47.255267476382187],[-122.496760146219103,47.255214735282493],[-122.49676562902269,47.255287649650128],[-122.496816785411582,47.255267476382187]],[[-122.490988076573998,47.254421327445101],[-122.491502848055006,47.250318685015593],[-122.491502986364736,47.250318812777486],[-122.491502848015003,47.250318683919197],[-122.490988076573998,47.254421327445101]],[[-122.487629032099974,47.254313744791297],[-122.486918616592348,47.254937218382402],[-122.490988076573998,47.254421327445101],[-122.487629032099974,47.254313744791297]],[[-122.460361882696986,47.249585881603494],[-122.460792149560007,47.252814740566102],[-122.460792151160845,47.252814740470015],[-122.460361882696986,47.249585881603494]],[[-122.463494256892957,47.255422245433785],[-122.458573451128018,47.254956854233733],[-122.463412723780635,47.255920493947244],[-122.463494256892957,47.255422245433785]],[[-122.458068466711097,47.254909082307989],[-122.458018276906998,47.254904334186591],[-122.448764833601871,47.256015951778906],[-122.458068466711097,47.254909082307989]],[[-122.432747563928999,47.261057108402703],[-122.428422353887996,47.254329593637991],[-122.428186436179686,47.254309246124834],[-122.432747563928999,47.261057108402703]],[[-122.406199768779985,47.175109024205099],[-122.405253705006004,47.176584479745607],[-122.406691887054507,47.175340980138365],[-122.406199768779985,47.175109024205099]],[[-122.400961120513003,47.1755086456279],[-122.404514041978487,47.17462600992878],[-122.404336534346001,47.1741559856587],[-122.400961119548256,47.175508644439404],[-122.400961120513003,47.1755086456279]],[[-122.39977489956101,47.174047281345707],[-122.399774893690875,47.174047282437101],[-122.399774899715879,47.174047281536502],[-122.39977489956101,47.174047281345707]],[[-122.397121728653005,47.174540535003402],[-122.397122683929112,47.174649194009277],[-122.397139505055492,47.174537230410039],[-122.397121728653005,47.174540535003402]],[[-122.397275666220011,47.19204776939489],[-122.395493261989017,47.1940325477564],[-122.397794312171015,47.196482130566899],[-122.395493263196002,47.194032547736604],[-122.397275667426001,47.192047769375094],[-122.397275666100114,47.192047755760235],[-122.397275666220011,47.19204776939489]],[[-122.395820788197994,47.216324568961205],[-122.398886626039001,47.2288507459279],[-122.398886624191661,47.228850748648171],[-122.398886627246014,47.228850745908098],[-122.395820789444002,47.216324570037891],[-122.396042219585993,47.211924232225591],[-122.395820788197994,47.216324568961205]],[[-122.434393466363005,47.186976666158905],[-122.433060003407448,47.186440340671126],[-122.434123126806,47.198767116807801],[-122.434393466363005,47.186976666158905]],[[-122.431832684623998,47.180151959057795],[-122.43176410260682,47.18015311317933],[-122.431850858297551,47.180274716503668],[-122.431832684623998,47.180151959057795]],[[-122.426087084243491,47.180248505422114],[-122.426660523026996,47.180902567924399],[-122.431079088401262,47.180164638575441],[-122.426087084243491,47.180248505422114]],[[-122.421289153043986,47.180328906511775],[-122.424171918471018,47.1808229472203],[-122.424951990916142,47.180267544861955],[-122.421289153043986,47.180328906511775]],[[-122.418711893131018,47.180372011742598],[-122.418703561274853,47.180412882134654],[-122.419387673583131,47.180360714783923],[-122.418711893131018,47.180372011742598]],[[-122.417925910402161,47.184227219258887],[-122.418362427109997,47.184216099967301],[-122.418621328013614,47.180816258821885],[-122.417925910402161,47.184227219258887]],[[-122.416731299890372,47.184098201028554],[-122.416808453038996,47.184255676396198],[-122.417227681672586,47.184245001613199],[-122.416731299890372,47.184098201028554]],[[-122.414990878230995,47.179696801366703],[-122.414565259950152,47.179676751857251],[-122.41517403622106,47.180919499947173],[-122.414990878230995,47.179696801366703]],[[-122.557311311643986,47.215601911782294],[-122.564623441912019,47.219409179124398],[-122.564623443096551,47.219409179091215],[-122.557311311643986,47.215601911782294]],[[-122.547753882518975,47.215689987638235],[-122.547812142706007,47.2206529314496],[-122.547951430723202,47.215688175218347],[-122.547753882518975,47.215689987638235]],[[-122.544302066480824,47.215721601571232],[-122.545391089128003,47.216376803404394],[-122.546960223843627,47.21569726568103],[-122.544302066480824,47.215721601571232]],[[-122.481034847413966,47.242520316001375],[-122.48161026199098,47.243874688011694],[-122.484160873362995,47.244934415533997],[-122.481034847413966,47.242520316001375]],[[-122.48048787230374,47.235060022773283],[-122.48019082976802,47.2405335948296],[-122.480491189831866,47.241240625761066],[-122.48048787230374,47.235060022773283]],[[-122.480662954713267,47.227873930755763],[-122.480662954506002,47.227873930993596],[-122.482971296589994,47.233559263369898],[-122.480662954713267,47.227873930755763]],[[-122.482246737696016,47.220867179009403],[-122.486210984644984,47.221507039317402],[-122.482246737666017,47.220867178187191],[-122.480990219510019,47.217960806636789],[-122.482246737696016,47.220867179009403]],[[-122.478249115143015,47.218609005879898],[-122.478211872953494,47.219142560121938],[-122.480990219510019,47.217960806636789],[-122.478249115143015,47.218609005879898]],[[-122.469178249401992,47.2207773992385],[-122.473692638646,47.221064532715594],[-122.47543306121041,47.220324390977261],[-122.469178249401992,47.2207773992385]],[[-122.468615696230557,47.219524225606918],[-122.465348419750995,47.221041090654502],[-122.468704765075714,47.219722644242253],[-122.468615696230557,47.219524225606918]],[[-122.459191474378656,47.223088492706957],[-122.46058399563799,47.223149639349991],[-122.463590373906982,47.220190571041201],[-122.459191474378656,47.223088492706957]],[[-122.457939533062017,47.220983365825191],[-122.457934783890011,47.223033295849802],[-122.458944642697986,47.223077652364587],[-122.457939533062017,47.220983365825191]],[[-122.460738388933649,47.198967089261487],[-122.462366570199237,47.189532690744862],[-122.460039810015004,47.198070889242196],[-122.460738388933649,47.198967089261487]],[[-122.466403561821011,47.206233613509994],[-122.466403557969301,47.206233609615325],[-122.466403561216239,47.206233613779425],[-122.466403561821011,47.206233613509994]],[[-122.465335503282006,47.213709653134707],[-122.467382412799651,47.215118193924667],[-122.467382413349995,47.215118193501702],[-122.465335503242017,47.213709652038297],[-122.463904988088728,47.207346705588208],[-122.463904987901998,47.207346705671391],[-122.465335503282006,47.213709653134707]],[[-122.465344476318265,47.21682644191786],[-122.465246402584995,47.216908645956202],[-122.468271311485054,47.218757025329296],[-122.467728038027005,47.217546705517996],[-122.465344476318265,47.21682644191786]],[[-122.570837038903491,47.196720680067386],[-122.569142836018003,47.196664494968495],[-122.568323929020323,47.198399610856782],[-122.570837038903491,47.196720680067386]],[[-122.566147460117733,47.199853511313137],[-122.563499048338983,47.200468008559298],[-122.562427080079999,47.202338476643291],[-122.566147460117733,47.199853511313137]],[[-122.557991072129994,47.200371227681302],[-122.553892478663002,47.201613328628703],[-122.553498891295618,47.201904907383025],[-122.557991072129994,47.200371227681302]],[[-122.553448171924558,47.201942481149878],[-122.549512625418004,47.204857768688498],[-122.549141305512151,47.206662310176995],[-122.553448171924558,47.201942481149878]],[[-122.420769693015004,47.19163949983399],[-122.420769693015117,47.191639499814322],[-122.412974580918004,47.191642061919495],[-122.420769693015004,47.19163949983399]],[[-122.41340450016196,47.193930100783213],[-122.412997680101583,47.192816021159523],[-122.413018266036019,47.193862217370693],[-122.41340450016196,47.193930100783213]],[[-122.419022935320015,47.1944812005218],[-122.416271388186857,47.194433930809048],[-122.41918416912668,47.194945742951703],[-122.419022935320015,47.1944812005218]],[[-122.420524355509002,47.198806731720602],[-122.420338720228415,47.19827196272891],[-122.420470106351758,47.198812180981022],[-122.420524355509002,47.198806731720602]],[[-122.415394117998019,47.2083643878941],[-122.415394117998019,47.208364387898598],[-122.421550621062323,47.208239150740773],[-122.421550620950015,47.208239149915684],[-122.415394117998019,47.2083643878941]],[[-122.422367304270963,47.224104642019562],[-122.420985710169532,47.223349776062413],[-122.420985709939004,47.223349776742793],[-122.422367304270963,47.224104642019562]],[[-122.421250985359649,47.233370891503213],[-122.421367848608995,47.233607492356192],[-122.42651936494444,47.234976691138407],[-122.426544017150988,47.234581237495895],[-122.421250985359649,47.233370891503213]],[[-122.429107463685995,47.239312724788206],[-122.428924973285348,47.239202427504623],[-122.428933161434415,47.239774883991757],[-122.429107463685995,47.239312724788206]],[[-122.422137733208984,47.244697610968799],[-122.421941039549395,47.244682792285836],[-122.41817877651043,47.250385985502291],[-122.422137733208984,47.244697610968799]],[[-122.550825006183018,47.222055356732497],[-122.54511684170501,47.2207463764869],[-122.550842936992254,47.222112422917661],[-122.550825006183018,47.222055356732497]],[[-122.551725822766002,47.224922121253996],[-122.551141531562351,47.223062704917176],[-122.551538861732368,47.224975420079133],[-122.551725822766002,47.224922121253996]],[[-122.53419758072225,47.220947697103355],[-122.532231023807455,47.219739658806986],[-122.531971298268004,47.226501912004402],[-122.532629080237001,47.220961838665303],[-122.53419758072225,47.220947697103355]],[[-122.53515605323156,47.221536446063503],[-122.536808410686646,47.223941875281071],[-122.536913499958985,47.222615916280709],[-122.53515605323156,47.221536446063503]],[[-122.530496482805233,47.234963783709283],[-122.53037910465099,47.23407801208409],[-122.529447234699404,47.235087799490955],[-122.530496482805233,47.234963783709283]],[[-122.52893789028596,47.235147997729264],[-122.524080953441199,47.230482472857638],[-122.527582946668986,47.235308123682103],[-122.52893789028596,47.235147997729264]],[[-122.522563325356941,47.228390918044759],[-122.521898456095926,47.225690023079714],[-122.522365929502072,47.228118858759501],[-122.522563325356941,47.228390918044759]],[[-122.521702833525552,47.224673568153278],[-122.526377961823002,47.222771388849203],[-122.521689775759015,47.224605718621298],[-122.521702833525552,47.224673568153278]],[[-122.502374237651992,47.260506431817198],[-122.501557552998349,47.26085950898721],[-122.502569008861329,47.261080270070693],[-122.502374237651992,47.260506431817198]],[[-122.497166011277997,47.260611713317502],[-122.49927745734,47.261845206521116],[-122.497166012887988,47.260611713289791],[-122.497166006174837,47.260611645464806],[-122.497166011277997,47.260611713317502]],[[-122.537350566979001,47.216406147438896],[-122.536914557394979,47.219038982825296],[-122.537511720963693,47.216431778457242],[-122.537350566979001,47.216406147438896]],[[-122.532238467129019,47.219545835393809],[-122.532233098042113,47.219685646082347],[-122.536914546682084,47.219039008808465],[-122.532238467129019,47.219545835393809]],[[-122.525964008241999,47.250028038747594],[-122.525964008293158,47.25002803956351],[-122.529424963598373,47.248951914857081],[-122.525964008241999,47.250028038747594]],[[-122.521064877061008,47.2647780172856],[-122.52691474789502,47.265185305676802],[-122.52691474788837,47.265185305571059],[-122.521064877061008,47.2647780172856]],[[-122.483698987702738,47.259695356497424],[-122.483774098167004,47.259496529814086],[-122.483525952017146,47.25950786282889],[-122.483698987702738,47.259695356497424]],[[-122.484076470770006,47.263957788687598],[-122.48236047668037,47.263238303156101],[-122.482360476453991,47.263238303613498],[-122.48407647072014,47.263957789746222],[-122.484076470770006,47.263957788687598]],[[-122.477455061517404,47.280017243114905],[-122.477696385038016,47.278933864082603],[-122.474663236745002,47.26886315780969],[-122.477455061517404,47.280017243114905]],[[-122.463146262903308,47.257548767625394],[-122.461901149756017,47.256609725375704],[-122.462993314151959,47.258483351191636],[-122.463146262903308,47.257548767625394]],[[-122.457045745662128,47.262230228463466],[-122.457190283887996,47.262107615151891],[-122.456250613288006,47.259455316958899],[-122.457045745662128,47.262230228463466]],[[-122.449817992491987,47.2654502701848],[-122.449708773052365,47.265705238746364],[-122.44994506926281,47.265473025519086],[-122.449817992491987,47.2654502701848]],[[-122.393090024882014,47.296532469015602],[-122.393045439279987,47.3005653553383],[-122.393090026492999,47.296532468989291],[-122.387686056424016,47.2962210117051],[-122.393090024882014,47.296532469015602]],[[-122.378149657621393,47.286311389121472],[-122.377459002017005,47.286252238206309],[-122.377441061851215,47.286412790209461],[-122.378149657621393,47.286311389121472]],[[-122.376805441261993,47.292100477858305],[-122.376805441297918,47.292100476742171],[-122.372796303433987,47.289327505631796],[-122.372869548605237,47.289492815361598],[-122.376805441261993,47.292100477858305]],[[-122.352649930160453,47.270079779134235],[-122.352720206210762,47.269842628037779],[-122.352623823697726,47.269824104060895],[-122.352649930160453,47.270079779134235]],[[-122.378449874300401,47.320142691326993],[-122.380632936859001,47.318317930425295],[-122.378477015539005,47.319703399647992],[-122.378449874300401,47.320142691326993]],[[-122.401024289123455,47.304654022989062],[-122.406428809437017,47.3046050635093],[-122.400993249761939,47.304595393063188],[-122.401024289123455,47.304654022989062]],[[-122.40094320392582,47.304500861716647],[-122.400756534975869,47.301761134186265],[-122.399839403292006,47.302415807071384],[-122.40094320392582,47.304500861716647]],[[-122.400577581077627,47.299134391486106],[-122.400577580756021,47.299134386765097],[-122.40057757925176,47.299134387050927],[-122.400577581077627,47.299134391486106]],[[-122.424178247819995,47.312823320023199],[-122.423504190275011,47.309377519418007],[-122.423787969722,47.31265308076091],[-122.424178247819995,47.312823320023199]],[[-122.427562738315004,47.300515819398598],[-122.427928567567506,47.300254264269626],[-122.425497759400983,47.300405286847301],[-122.425264979115894,47.29983308737372],[-122.425406062720128,47.300420798321412],[-122.427562738315004,47.300515819398598]],[[-122.441321398336996,47.301072467228899],[-122.435263401247013,47.300877302951498],[-122.441324415366026,47.301091280129612],[-122.441321398336996,47.301072467228899]],[[-122.432519961348987,47.297620647997903],[-122.43213669968172,47.297937109377983],[-122.435263401247013,47.300877302951498],[-122.432519961348987,47.297620647997903]],[[-122.421026986794018,47.316525844564595],[-122.419203937894778,47.318651360954235],[-122.421646834433005,47.317553138506696],[-122.421059815647581,47.316522416792473],[-122.421026986794018,47.316525844564595]],[[-122.247946222262939,46.848431308126443],[-122.247992085210399,46.849061521110031],[-122.248763302955993,46.849158077417002],[-122.247946222262939,46.848431308126443]],[[-122.230928819211002,46.842075208212897],[-122.239231864077667,46.841098179488512],[-122.239210368723931,46.840881098944443],[-122.230773273826372,46.84200280376777],[-122.230928819211002,46.842075208212897]],[[-122.238473579756828,46.833439304593803],[-122.238457515979007,46.833277033911195],[-122.232823555181994,46.830019289136096],[-122.238473579756828,46.833439304593803]],[[-122.217587370412119,46.796759022570029],[-122.217503024357001,46.796684108935295],[-122.212146886854001,46.795808669327904],[-122.217587370412119,46.796759022570029]],[[-122.201076378753058,46.78922836943304],[-122.200163241379997,46.788685482291399],[-122.190329396132014,46.785709733861609],[-122.201076378753058,46.78922836943304]],[[-122.187894706114008,46.786228896521401],[-122.189115124413249,46.782038964223503],[-122.188877229249002,46.782083306535199],[-122.188551067645918,46.778984129166268],[-122.187380709714958,46.786949227172698],[-122.190329396132014,46.785709733861609],[-122.187894706114008,46.786228896521401]],[[-122.187009943464943,46.764335873237428],[-122.192568440477999,46.762077780684592],[-122.187009943328007,46.764335872460002],[-122.187009943464943,46.764335873237428]],[[-122.192828604575396,46.759456193815751],[-122.192852625,46.759214134229794],[-122.191037340050997,46.759827108536399],[-122.192828604575396,46.759456193815751]],[[-122.184586557764987,46.754899762547595],[-122.168569137563424,46.752547042651933],[-122.168648378905999,46.753100497731999],[-122.184586557764987,46.754899762547595]],[[-122.355247571112315,47.144743908119089],[-122.357003631859001,47.150267395333408],[-122.357108701673226,47.149467129663464],[-122.355308391465996,47.139911779090703],[-122.355247572299021,47.144743908042109],[-122.355247571112315,47.144743908119089]],[[-122.344454119267368,47.140021833815638],[-122.34440109469729,47.140021825341691],[-122.34442847154601,47.140057292758073],[-122.344454119267368,47.140021833815638]],[[-122.345322064125909,47.142956945167136],[-122.343844909585997,47.144959967194197],[-122.345683246202,47.143988766320902],[-122.345322064125909,47.142956945167136]],[[-122.345775941008995,47.148083455161299],[-122.34416320826999,47.150648882485505],[-122.345057336453038,47.15413513909737],[-122.345775941008995,47.148083455161299]],[[-122.34500673194583,47.154561247314788],[-122.340221552691986,47.154612737087703],[-122.344979008229416,47.154794687973251],[-122.34500673194583,47.154561247314788]],[[-122.344975558007434,47.154823739558736],[-122.341883507204017,47.154920912380597],[-122.344960590451933,47.154949769097641],[-122.344975558007434,47.154823739558736]],[[-122.337847679145014,47.160545713216706],[-122.33772938382802,47.159310720426191],[-122.342945568744994,47.157862779959999],[-122.338038297565006,47.158473852595996],[-122.336767632623307,47.160463897459323],[-122.337847679145014,47.160545713216706]],[[-122.330802398530011,47.160182670640296],[-122.331174440729271,47.160172738053468],[-122.330790686282555,47.160146164860954],[-122.330597283143021,47.169870766757093],[-122.330802398530011,47.160182670640296]],[[-122.328271162528992,47.169800279216403],[-122.327605356572008,47.172747617755689],[-122.322604097771006,47.174679579456097],[-122.327605356599989,47.172747618578001],[-122.328271162556021,47.169800280038707],[-122.330597283143021,47.169870766757093],[-122.328271162528992,47.169800279216403]],[[-122.323124631718017,47.180743978325999],[-122.323175885077973,47.180763042561537],[-122.322604097771006,47.174679579456097],[-122.323124631718017,47.180743978325999]],[[-122.335445683932917,47.158004369993854],[-122.33574246546101,47.157961232344903],[-122.330135549636992,47.156487012975091],[-122.335445683932917,47.158004369993854]],[[-122.320306080523878,47.150092989913219],[-122.329558706359933,47.148963357949832],[-122.329494220183733,47.148122153840994],[-122.32947205293901,47.14877438082469],[-122.320306080523878,47.150092989913219]],[[-122.32067139107302,47.154744997468498],[-122.320306042633192,47.150092995362492],[-122.320306042597011,47.1500929953677],[-122.319796080626205,47.154753885421272],[-122.32067139107302,47.154744997468498]],[[-122.289186062566998,47.159707014519292],[-122.29251300777301,47.159708585052691],[-122.292751875814247,47.159418414507783],[-122.292320952196008,47.159708022670898],[-122.289042746640433,47.158797750133026],[-122.289186062566998,47.159707014519292]],[[-122.288861025213578,47.157644779560094],[-122.292766050649007,47.155040042630802],[-122.288751912582995,47.156952467736097],[-122.288861025213578,47.157644779560094]],[[-122.293004910101999,47.148932439122284],[-122.30015518627502,47.149235168255792],[-122.300121047243096,47.149078368455442],[-122.292997111206873,47.148864546107646],[-122.292766050649007,47.155040042630802],[-122.293004910101999,47.148932439122284]],[[-122.291614987700243,47.147730566626159],[-122.291590546477011,47.147546863127786],[-122.291446609042978,47.147600145240844],[-122.291614987700243,47.147730566626159]],[[-122.288455172652462,47.148707436350819],[-122.288455160842588,47.148707440722035],[-122.288455161030996,47.148707441079694],[-122.288455172652462,47.148707436350819]],[[-122.264492943911009,47.154530438232293],[-122.264492943883567,47.154530438265361],[-122.276993992545087,47.154685375116586],[-122.279464750129009,47.154460504457596],[-122.279525804090468,47.154093568070664],[-122.273759554711006,47.154628313115197],[-122.273646257000507,47.154362646178399],[-122.264492943911009,47.154530438232293]],[[-122.26449294206985,47.154530440452184],[-122.263226860332011,47.156056914829513],[-122.264024213428002,47.156152469037899],[-122.26449294206985,47.154530440452184]],[[-122.26489616923925,47.151914021053713],[-122.264896166065,47.151914122888485],[-122.262160096518002,47.153251839270396],[-122.262222882688008,47.155936590515495],[-122.263100472577449,47.156041768073543],[-122.262160097724006,47.153251839252],[-122.264896167269995,47.151914122870103],[-122.26489616923925,47.151914021053713]],[[-122.257438986965738,47.141972574174602],[-122.257438991463019,47.141972558842298],[-122.262216275674689,47.144259523992865],[-122.262206105403735,47.144226955668699],[-122.257438991436018,47.141972558020001],[-122.257438986965738,47.141972574174602]],[[-122.255803491387297,47.147547765733179],[-122.252322763782018,47.1487375993418],[-122.255764676600009,47.14768006547699],[-122.255803491387297,47.147547765733179]],[[-122.251711638196767,47.151540274053247],[-122.252297145014012,47.151403934227098],[-122.252322763782018,47.1487375993418],[-122.251711638196767,47.151540274053247]],[[-122.247663159054582,47.152827713774627],[-122.246956096571012,47.152984504402902],[-122.247513277548876,47.153823534454482],[-122.247663159054582,47.152827713774627]],[[-122.247276336012519,47.155397706844049],[-122.246710825570005,47.155999333579203],[-122.247208817360018,47.155846263741097],[-122.247276336012519,47.155397706844049]],[[-122.245354602262637,47.156416186156576],[-122.245555311830827,47.156354496933922],[-122.238966715033996,47.152044173438696],[-122.238705258988361,47.152070757296251],[-122.245354602262637,47.156416186156576]],[[-122.217751048373501,47.163753057118591],[-122.216565243621702,47.164223022265936],[-122.216745868995005,47.164480689468604],[-122.217751048373501,47.163753057118591]],[[-122.216911589759292,47.1600984212687],[-122.214806770688,47.161714366629006],[-122.214806794586551,47.161714400724705],[-122.214806772322007,47.161714367427493],[-122.216911591542996,47.160098421649501],[-122.216911589759292,47.1600984212687]],[[-122.214734252078657,47.159532494930161],[-122.215916282487996,47.156731647425502],[-122.214677063912987,47.159517630069601],[-122.214734252078657,47.159532494930161]],[[-122.219508366960994,47.156446878596689],[-122.224139904384018,47.152770397592001],[-122.231991616369982,47.150801807526896],[-122.224139903177999,47.152770397609999],[-122.219508365327002,47.156446877798295],[-122.215916282487996,47.156731647425502],[-122.219508366960994,47.156446878596689]],[[-122.234531732004996,47.151624069494609],[-122.234551296152532,47.151516557858166],[-122.231991616369982,47.150801807526896],[-122.234531732004996,47.151624069494609]],[[-122.244567422894008,47.134536536234997],[-122.240521681518018,47.134610837242597],[-122.23695442404501,47.138307091477003],[-122.236954380919485,47.138307337401393],[-122.236954425652002,47.138307091452894],[-122.24052168312501,47.13461083721841],[-122.244567422894008,47.134536536234997]],[[-122.247058198765231,47.130279930134925],[-122.245609459611259,47.132755840438818],[-122.249976590310979,47.132415051299702],[-122.247644387540007,47.131923455636908],[-122.247058198765231,47.130279930134925]],[[-122.246455608301929,47.128590311166512],[-122.246346206880006,47.12828354602879],[-122.246154839801079,47.128313158772194],[-122.246455608301929,47.128590311166512]],[[-122.198691881162006,47.090529088556686],[-122.203039391350018,47.085510111159202],[-122.203039390585971,47.085510110905567],[-122.198691881162006,47.090529088556686]],[[-122.191635842992994,47.074972364439503],[-122.188923539820081,47.075026759518984],[-122.188923539819996,47.075026759525493],[-122.191635842992994,47.074972364439503]],[[-122.189119721642015,47.060236276723693],[-122.189112117493821,47.060809795331906],[-122.189119721675979,47.060236277820195],[-122.193328802721993,47.055769261151902],[-122.189119721642015,47.060236276723693]],[[-122.184461954640582,47.053465715611047],[-122.182868434224545,47.052296757376183],[-122.183514171094004,47.053219435780505],[-122.184461954640582,47.053465715611047]],[[-122.175857850385,47.043287066292301],[-122.175857850921545,47.043287066435241],[-122.178130757418629,47.040261959152431],[-122.17561963979395,47.043387192346486],[-122.175857850385,47.043287066292301]],[[-122.179600659461727,47.038432382272688],[-122.182680972645016,47.039546873475693],[-122.179657567058015,47.038361546848698],[-122.179600659461727,47.038432382272688]],[[-122.201300318788682,47.041225730820436],[-122.202002288014981,47.041414079150798],[-122.205191521754017,47.040211578607504],[-122.201300318788682,47.041225730820436]],[[-122.206145799997017,47.03667901054569],[-122.203783720759034,47.038575508945733],[-122.205191521754017,47.040211578607504],[-122.206145799997017,47.03667901054569]],[[-122.208106979947999,47.037017734426691],[-122.209274656224622,47.036064954255203],[-122.206145799997017,47.03667901054569],[-122.208106979947999,47.037017734426691]],[[-122.232641947027759,47.037991753701178],[-122.232664212467796,47.038031210848779],[-122.232904493124963,47.037991110322899],[-122.232641947027759,47.037991753701178]],[[-122.235816852293397,47.037505020667936],[-122.236572326537001,47.037378914055786],[-122.238904272078997,47.028991885647699],[-122.235816852293397,47.037505020667936]],[[-122.238846619951957,46.983954658930138],[-122.240802805611011,46.982541293401503],[-122.23892632434999,46.983700123638599],[-122.238846619951957,46.983954658930138]],[[-122.236246514873002,46.977750478284186],[-122.242896984053019,46.980921704955193],[-122.242415809730986,46.983385272631303],[-122.243039597347973,46.980562492263225],[-122.242738589718996,46.980834014773798],[-122.236246514873002,46.977750478284186]],[[-122.232910688350586,46.975328259799518],[-122.233710406602,46.971366693559894],[-122.232878566957012,46.975251778170303],[-122.232910688350586,46.975328259799518]],[[-122.236680698857995,46.969331691640498],[-122.237894262296166,46.961461004563077],[-122.236473439546018,46.96440962615489],[-122.236680698857995,46.969331691640498]],[[-122.239249250040316,46.953425619555496],[-122.238546291830019,46.9529813849338],[-122.235475540002994,46.954212485872198],[-122.239249250040316,46.953425619555496]],[[-122.233529753821784,46.949875292305229],[-122.233246156199726,46.948706861582956],[-122.232775602832021,46.949159483634602],[-122.233529753821784,46.949875292305229]],[[-122.236830820799,46.945258479875399],[-122.236650827680194,46.945431643343554],[-122.237360637723981,46.945577908792686],[-122.23484904947199,46.9429161872687],[-122.236830820799,46.945258479875399]],[[-122.240201209309006,46.945880616629395],[-122.238738549896482,46.945861830427205],[-122.24057367173198,46.946239930689401],[-122.240977109558457,46.945411945310568],[-122.240201209309006,46.945880616629395]],[[-122.242060712447469,46.944757387991551],[-122.243381837219999,46.945136021977],[-122.249382054538017,46.940334191574102],[-122.242060712447469,46.944757387991551]],[[-122.253801528806093,46.920358464545131],[-122.253732942702996,46.920289032013208],[-122.248471493844008,46.921203839902191],[-122.253801528806093,46.920358464545131]],[[-122.224807851657999,46.918802492230192],[-122.223239340526987,46.915931582261997],[-122.2228949362284,46.915863321897497],[-122.224807851657999,46.918802492230192]],[[-122.218456026565065,46.914493314425883],[-122.217726377179275,46.91378431669736],[-122.217997784067009,46.914378022036296],[-122.218456026565065,46.914493314425883]],[[-122.208095318995007,46.910396354400291],[-122.215406400149007,46.908708787477501],[-122.216225891484456,46.910501743137445],[-122.216399184333,46.906464326121288],[-122.215489172462995,46.908661765380309],[-122.208095318995007,46.910396354400291]],[[-122.216616476286518,46.901400818563523],[-122.216626760272888,46.901161145763645],[-122.216502883071001,46.901234657204796],[-122.216616476286518,46.901400818563523]],[[-122.221098372677019,46.898507367010609],[-122.224076638059998,46.899279582958499],[-122.224776818923914,46.898584941474049],[-122.221098372677019,46.898507367010609]],[[-122.226098470978002,46.8971387131309],[-122.227704853498778,46.893910960474166],[-122.226578912180017,46.894704201706098],[-122.225580930895205,46.897787163388855],[-122.226105038900016,46.897267167756596],[-122.226245597445669,46.897314998083679],[-122.226098470978002,46.8971387131309]],[[-122.238632930154324,46.901529243737862],[-122.238718898928994,46.901558483859006],[-122.241836400219,46.897874790825092],[-122.238632930154324,46.901529243737862]],[[-122.268242007878996,46.884845864992506],[-122.274062610355443,46.880291337559811],[-122.273766195042995,46.880121280286801],[-122.268242007878996,46.884845864992506]],[[-122.274867951898983,46.880753363067427],[-122.275034272732015,46.881296612102396],[-122.276186926489785,46.881510031220245],[-122.274867951898983,46.880753363067427]],[[-122.27741297814211,46.881737025718877],[-122.278805297236985,46.88199478519951],[-122.278223655759049,46.881531767751582],[-122.27741297814211,46.881737025718877]],[[-122.275697859600001,46.878987813840403],[-122.276284434285017,46.878401491356904],[-122.269652800379006,46.874495743052094],[-122.275697859600001,46.878987813840403]],[[-122.265090999698998,46.871737481304599],[-122.270056678484011,46.871156504764606],[-122.277013953813011,46.872623315825408],[-122.270578633189984,46.871048413044086],[-122.265090999698998,46.871737481304599]],[[-122.322096630846048,46.861589736086557],[-122.322244829759001,46.8615537617558],[-122.322414783191519,46.861418496705454],[-122.322096630846048,46.861589736086557]],[[-122.333473087108999,46.84871262646999],[-122.334870760129988,46.845649527084099],[-122.334820687494627,46.845586139695058],[-122.333473087108999,46.84871262646999]],[[-122.323588929294985,46.853444211389984],[-122.329250408606995,46.849581376986499],[-122.323588928096996,46.853444211408998],[-122.313379447344005,46.855336811979505],[-122.323588929294985,46.853444211389984]],[[-122.304690107340008,46.853051964709195],[-122.295880072370565,46.853189538385593],[-122.296097451337005,46.853406508448899],[-122.304690107340008,46.853051964709195]],[[-122.29570108274261,46.853010883831097],[-122.296770382943009,46.852026800940408],[-122.295160603957001,46.852471407973404],[-122.29570108274261,46.853010883831097]],[[-122.281688556998745,46.833104744749043],[-122.286447733006781,46.834732281482182],[-122.285380817377003,46.834032944583612],[-122.282924560941993,46.832879337726894],[-122.281688556998745,46.833104744749043]],[[-122.271454815506004,46.840316616271593],[-122.26829510121101,46.838344192243689],[-122.273671428889003,46.834566438051894],[-122.267659640070306,46.838290871543506],[-122.26788359721202,46.838247510642987],[-122.271454815506004,46.840316616271593]],[[-122.328742094538995,46.806122301970881],[-122.333690593132005,46.806731392290992],[-122.334056491209992,46.806554176642003],[-122.328742094538995,46.806122301970881]],[[-122.312471500363003,46.814515745921298],[-122.310288270525078,46.816227966062705],[-122.323777579184679,46.810989384860939],[-122.312471500363003,46.814515745921298]],[[-122.309780902368999,46.816625852960698],[-122.309092911815284,46.818992054102672],[-122.310164882660601,46.816324729717607],[-122.309780902368999,46.816625852960698]],[[-122.283499347694004,46.821849902084203],[-122.307468556497014,46.823033313685798],[-122.307542777326375,46.822848672466399],[-122.283499347694004,46.821849902084203]],[[-122.281708347561008,46.823599371547893],[-122.279518786146994,46.822320036313897],[-122.288176412415538,46.829028485949316],[-122.288176412728006,46.829028485389891],[-122.281672429745981,46.823649894982701],[-122.283499347694004,46.821849902084203],[-122.281708347561008,46.823599371547893]],[[-122.275901953496401,46.813227479600336],[-122.275901953187997,46.813227482788001],[-122.275901953286848,46.813227482896174],[-122.275901953496401,46.813227479600336]],[[-122.27608087836002,46.810413245520095],[-122.269172402156997,46.810542834553097],[-122.276074861237518,46.810507891558345],[-122.27608087836002,46.810413245520095]],[[-122.236592306777993,46.78933459263839],[-122.234610167654864,46.788726624347504],[-122.236697771146467,46.789538408515575],[-122.236592306777993,46.78933459263839]],[[-122.233061272764999,46.788251508805992],[-122.232801332460269,46.788293166835736],[-122.233165042628954,46.788283340592798],[-122.233061272764999,46.788251508805992]],[[-122.223822105373003,46.78779390731291],[-122.220558705082993,46.78862324543659],[-122.225607849757694,46.788487272563927],[-122.223822105373003,46.78779390731291]],[[-122.206650428549921,46.785698631528724],[-122.206693689451996,46.785733060442894],[-122.209529893509,46.785757111967392],[-122.206650428549921,46.785698631528724]],[[-122.320441148676892,47.121248528549486],[-122.320539529118392,47.119142186296841],[-122.320471249352991,47.119147838097192],[-122.320441148676892,47.121248528549486]],[[-122.32043279152002,47.121831723868297],[-122.323173645039702,47.122392796682469],[-122.323418432002995,47.122169438411603],[-122.320433375329657,47.121790983907729],[-122.32043279152002,47.121831723868297]],[[-122.315247141501771,47.123811701186369],[-122.315278299642983,47.124568897980993],[-122.321861267143163,47.125748795272735],[-122.321675337005857,47.125216225783923],[-122.315247141501771,47.123811701186369]],[[-122.303902081535341,47.10393168268731],[-122.303944531672002,47.103853334939174],[-122.303580681263142,47.103809213666437],[-122.303902081535341,47.10393168268731]],[[-122.304618146877019,47.115121151792295],[-122.304118138269018,47.110347215953105],[-122.304586829506107,47.115111658196085],[-122.304618146877019,47.115121151792295]],[[-122.300591286178019,47.117192054265097],[-122.302258838958011,47.114405914165999],[-122.300236556455005,47.117142496703799],[-122.2962511610463,47.116217518931492],[-122.296253232203995,47.116504008815497],[-122.296079775156898,47.116793369219678],[-122.300591286178019,47.117192054265097]],[[-122.293321828467654,47.100355070964042],[-122.293250863110998,47.109066652097304],[-122.293401200824562,47.102628909218254],[-122.293321828467654,47.100355070964042]],[[-122.289812529989007,47.100207764787207],[-122.293292082878096,47.099502885259284],[-122.293288915369999,47.09941213751361],[-122.289812529989007,47.100207764787207]],[[-122.274888694981996,47.101547448683284],[-122.279678069312993,47.106728963049491],[-122.279603864943127,47.106818327555672],[-122.279914027355588,47.106766779788828],[-122.274888694981996,47.101547448683284]],[[-122.266195347278241,47.105846276438669],[-122.269355208465001,47.107042184050393],[-122.268129452994984,47.105816580419202],[-122.268167447316927,47.105763742924637],[-122.266195347278241,47.105846276438669]],[[-122.266726518580015,47.108297624596204],[-122.266721710257158,47.1083468181426],[-122.269355208465001,47.107042184050393],[-122.266726518580015,47.108297624596204]],[[-122.266146604848501,47.114229974955194],[-122.266695595084002,47.114348109868502],[-122.266692879388998,47.12014877608749],[-122.266713578866529,47.108430009495763],[-122.266146604848501,47.114229974955194]],[[-122.274006357469702,47.120234891053975],[-122.273920704307002,47.119836268343498],[-122.274606334185961,47.119120019121659],[-122.266692879388998,47.12014877608749],[-122.274006357469702,47.120234891053975]],[[-122.258517458957996,47.109485351265384],[-122.263330377892984,47.113356556854903],[-122.258982811722774,47.108436582584929],[-122.258517458957996,47.109485351265384]],[[-122.254424679021014,47.107205528452099],[-122.257998729207941,47.107322785860909],[-122.257858902544001,47.107164523879383],[-122.254424679021014,47.107205528452099]],[[-122.249435398944456,47.113353495411658],[-122.251137003443716,47.11316176595534],[-122.251160392586002,47.112278175781498],[-122.251208193076536,47.11220390234292],[-122.249435398944456,47.113353495411658]],[[-122.249350028977659,47.117710489133195],[-122.252844216586993,47.119583193476892],[-122.250997487700985,47.118431612958901],[-122.251018131612767,47.117651923438082],[-122.249350028977659,47.117710489133195]],[[-122.248797463855993,47.121434149784299],[-122.249266505594335,47.117713420927338],[-122.249232170545994,47.117714626120502],[-122.248797463855993,47.121434149784299]],[[-122.255168960190659,47.124290297290493],[-122.254290447944996,47.122882765426311],[-122.254455376489858,47.124611928406686],[-122.255168960190659,47.124290297290493]],[[-122.235206717026216,47.050983253877824],[-122.235406383558725,47.049463379729993],[-122.234555867693004,47.049754717736192],[-122.235206717026216,47.050983253877824]],[[-122.324858261746016,46.937121236214601],[-122.32331282256898,46.939750584950701],[-122.325169368116775,46.937147343882771],[-122.324858261746016,46.937121236214601]],[[-122.459400560171261,46.870589023385868],[-122.459312094306014,46.870204962478994],[-122.457469974570486,46.868823204529377],[-122.459400560171261,46.870589023385868]],[[-122.453954705331,46.865607566993198],[-122.454300035563335,46.865923484009649],[-122.454756446595539,46.865333702238537],[-122.453954705331,46.865607566993198]],[[-122.458036775676874,46.860341261207118],[-122.458823801263975,46.863944199305671],[-122.458340070117998,46.860387831415487],[-122.458036775676874,46.860341261207118]],[[-122.323179918486005,46.893120081101195],[-122.32348401036154,46.893034650346209],[-122.323167331241947,46.893085923358583],[-122.323179918486005,46.893120081101195]],[[-122.32052292789156,46.890083408610465],[-122.321328646120179,46.890137018796956],[-122.321223415293019,46.889955783569498],[-122.32052292789156,46.890083408610465]],[[-122.312128639175398,46.893492983888464],[-122.318029997774062,46.890537567301905],[-122.314964321814003,46.891095982915296],[-122.312128639175398,46.893492983888464]],[[-122.294625407819495,46.897982006097969],[-122.293390453290229,46.896488103537834],[-122.292959973693982,46.89723091847619],[-122.294625407819495,46.897982006097969]],[[-122.297743919344981,46.901753987138093],[-122.296903148596783,46.900737097033343],[-122.297377094626114,46.903484826164878],[-122.297743919344981,46.901753987138093]],[[-122.296153447112999,46.909257688671701],[-122.296344947518861,46.908354323042389],[-122.295270095227721,46.909891847723962],[-122.296153447112999,46.909257688671701]],[[-122.290845564860007,46.913067891234],[-122.293177431017469,46.91139408544943],[-122.290047233015997,46.913253013782651],[-122.290845564860007,46.913067891234]],[[-122.281138751596359,46.915318306579337],[-122.278201786317993,46.915943579363194],[-122.277091586140983,46.912910534044606],[-122.277306245223699,46.916206550591497],[-122.281138751596359,46.915318306579337]],[[-122.260327982578019,46.916759621944401],[-122.270354203745271,46.910956329182355],[-122.27027123777502,46.910932261217795],[-122.260327982578019,46.916759621944401]],[[-122.261087902461,46.918948097529096],[-122.261288074606227,46.918974049187042],[-122.260327982578019,46.916759621944401],[-122.261087902461,46.918948097529096]],[[-122.267694098898019,46.919347202719798],[-122.261941494157682,46.919058760267887],[-122.267306490469579,46.919754141986566],[-122.267694098898019,46.919347202719798]],[[-122.264087890636262,46.935945784132869],[-122.273920132639006,46.936512115440195],[-122.275233204024545,46.93600063867671],[-122.264118364465006,46.935885663979299],[-122.264116505439546,46.935817392839724],[-122.26410705856901,46.935924468814108],[-122.264087890636262,46.935945784132869]],[[-122.258394138124686,46.943915975354528],[-122.263543117820944,46.936551579404629],[-122.257704125618005,46.943043590658597],[-122.258394138124686,46.943915975354528]],[[-122.257494783575012,46.94520205492789],[-122.257880729342574,46.944650159905351],[-122.256202311218999,46.945817253253928],[-122.257494783575012,46.94520205492789]],[[-122.34738190553,46.85296720957291],[-122.339782334036002,46.8565903639645],[-122.347381905568014,46.852967210669405],[-122.348654113978981,46.856557891885501],[-122.34738190553,46.85296720957291]],[[-122.324864813861396,46.869768492527193],[-122.323319970125993,46.867554161234096],[-122.324764096020999,46.869892407239291],[-122.324864813861396,46.869768492527193]],[[-122.306435313685995,46.86678906885939],[-122.299525697953015,46.865816376390491],[-122.299049583032755,46.865888414141864],[-122.306435313685995,46.86678906885939]],[[-122.281803542600173,46.926924128174335],[-122.281802175914422,46.926391957222592],[-122.281634818260002,46.926586497150893],[-122.281803542600173,46.926924128174335]],[[-122.283251612022724,46.924707033338059],[-122.285736825311005,46.922701965063602],[-122.284582617746338,46.923159670524413],[-122.283251612022724,46.924707033338059]],[[-122.275981467451814,46.924096322099778],[-122.275862804510538,46.924069267993268],[-122.275787785693254,46.924228047552816],[-122.275981467451814,46.924096322099778]],[[-122.293650452456021,47.090751807335408],[-122.289844066237009,47.092800311711095],[-122.293650452483021,47.090751808157698],[-122.293650452477522,47.090751805333355],[-122.293650452456021,47.090751807335408]],[[-122.293641295992259,47.086036973562479],[-122.293640933906005,47.085850562397503],[-122.292362470538009,47.088585750968392],[-122.293641295992259,47.086036973562479]],[[-122.281995159444179,47.086695957917136],[-122.284741375107998,47.088082734268994],[-122.292362470538009,47.088585750968392],[-122.281995159444179,47.086695957917136]],[[-122.276403177976434,47.083871709353303],[-122.274966208007683,47.082621556947196],[-122.275134294668746,47.083230776266866],[-122.276403177976434,47.083871709353303]],[[-122.269629928553002,47.081023626529479],[-122.269604062927016,47.081159190669013],[-122.274956872512163,47.082613434891066],[-122.27489561782302,47.082560142083302],[-122.269629928553002,47.081023626529479]],[[-122.269853242132982,47.079888339040188],[-122.269847294697612,47.079884362058138],[-122.269686747638033,47.080725829923907],[-122.272421028489987,47.078864371850592],[-122.269853242132982,47.079888339040188]],[[-122.266671356379007,47.072086337877487],[-122.265744701117015,47.069208629884407],[-122.265691493794762,47.069207722015719],[-122.266671356379007,47.072086337877487]],[[-122.317320003865589,47.087140425269176],[-122.31618614566402,47.087554619869692],[-122.316227018075011,47.089473780240205],[-122.317320003865589,47.087140425269176]],[[-122.308543715957981,47.0961079448251],[-122.300177430521018,47.095997208994007],[-122.298989183901966,47.096464741308196],[-122.308543715957981,47.0961079448251]],[[-122.298806870500982,47.09653647325041],[-122.298400566562293,47.096696333425541],[-122.301459182090866,47.096595085137466],[-122.298806870500982,47.09653647325041]],[[-122.293671234775786,47.098545691118105],[-122.293528666468831,47.09846768845825],[-122.293524904177943,47.098647743269751],[-122.293671234775786,47.098545691118105]],[[-122.290986234287118,47.096804015303434],[-122.282905556806995,47.097656809386194],[-122.291276651946362,47.097235501742311],[-122.290939627470991,47.097051090570289],[-122.290986234287118,47.096804015303434]],[[-122.318231063737983,47.071750426806091],[-122.320766840864991,47.073727026043088],[-122.318231064279416,47.071750426427684],[-122.318231063737983,47.071750426806091]],[[-122.260348179180014,47.103737169787607],[-122.258870232993232,47.105758499086946],[-122.260435387002303,47.103784024085414],[-122.260348179180014,47.103737169787607]],[[-122.257190162783019,47.103898658845992],[-122.256746110035749,47.103789997455742],[-122.257361177864894,47.10471581438135],[-122.257190162783019,47.103898658845992]],[[-122.244524340181016,47.094800878647995],[-122.244442773925982,47.09483746905066],[-122.250433835907998,47.097054761025611],[-122.252368025397999,47.102718547907983],[-122.250608623156324,47.096928165029148],[-122.244524340181016,47.094800878647995]],[[-122.245592655083996,47.099061589239994],[-122.241938532852586,47.098050804232287],[-122.242033375451001,47.098516294811198],[-122.245685331520775,47.099809234474769],[-122.245592655083996,47.099061589239994]],[[-122.252036511351889,47.107127161330425],[-122.252078556494993,47.107103566683797],[-122.246474999276018,47.10617887850259],[-122.252036511351889,47.107127161330425]],[[-122.250832023271016,47.107888507724702],[-122.250998623248933,47.108103169512667],[-122.250853316202594,47.107875964009132],[-122.250832023271016,47.107888507724702]],[[-122.226201043597968,47.056726520172568],[-122.227328632728984,47.055165275473428],[-122.226278529196989,47.055356959487483],[-122.226201043597968,47.056726520172568]],[[-122.225818099502561,47.063493919286266],[-122.222123329060693,47.06626449952347],[-122.222244911824006,47.06623836092561],[-122.225818099611999,47.063493920046099],[-122.225818099502561,47.063493919286266]],[[-122.212961698634771,47.068233675973552],[-122.212961497720002,47.068233718320108],[-122.212961494569157,47.068233717716275],[-122.212961497746008,47.068233719142398],[-122.212961698634771,47.068233675973552]],[[-122.201789284929589,47.063217368813127],[-122.204576136368019,47.06446886149665],[-122.202563372721002,47.06306231643979],[-122.201789284929589,47.063217368813127]],[[-122.20143912146311,47.063287505706128],[-122.200827126011006,47.063410083888805],[-122.20138918686645,47.066073286471408],[-122.201906576399011,47.066076188638391],[-122.20143912146311,47.063287505706128]],[[-122.197314142291148,47.067941024844011],[-122.197541385956654,47.066645369736122],[-122.196736715512003,47.066683180889392],[-122.197314142291148,47.067941024844011]],[[-122.205887786645292,47.080488340382445],[-122.198196773330011,47.06986359509655],[-122.200563629243021,47.075018434554501],[-122.205887786645292,47.080488340382445]],[[-122.249052136743288,47.113396676059558],[-122.247222134509997,47.109016069769403],[-122.248058179601983,47.113508654998192],[-122.249052136743288,47.113396676059558]],[[-122.246760046063997,47.074795171136401],[-122.246328847844012,47.0748028704135],[-122.247129705487737,47.075524065568892],[-122.246760046063997,47.074795171136401]],[[-122.249997539949021,47.081178151541707],[-122.249997539842155,47.081178151331031],[-122.249997539975993,47.081178152364103],[-122.262803170604712,47.084169532993656],[-122.262264096589021,47.083920916765791],[-122.249997539949021,47.081178151541707]],[[-122.270152331933161,47.087558419152117],[-122.270209589539888,47.087764430311296],[-122.270310819984999,47.0876314921342],[-122.270152331933161,47.087558419152117]],[[-122.259554103599541,47.087298022377063],[-122.259493565354006,47.087286377007601],[-122.255331274401982,47.091702847353005],[-122.255621485399345,47.093114547588975],[-122.259554103599541,47.087298022377063]],[[-122.255986109401647,47.094888117769514],[-122.256332030315619,47.093672121673414],[-122.255720505361765,47.093596202755663],[-122.255986109401647,47.094888117769514]],[[-122.257635874869337,47.094539506609358],[-122.257955267191988,47.093873624610808],[-122.256615280381851,47.093707285108437],[-122.257635874869337,47.094539506609358]],[[-122.26529257097701,47.097713445805596],[-122.264641406932995,47.095113949817794],[-122.264871456986882,47.097648971769388],[-122.26529257097701,47.097713445805596]],[[-122.266680813446001,47.094483173382393],[-122.265745686068726,47.09382834271419],[-122.264641406932995,47.095113949817794],[-122.266680813446001,47.094483173382393]],[[-122.255436057960139,47.096821563091787],[-122.253849920058016,47.097479883858654],[-122.255377867977003,47.097026093857103],[-122.255436057960139,47.096821563091787]],[[-122.252950736670442,47.097746921938608],[-122.251812676765823,47.097349087635756],[-122.252652002044996,47.097835637519097],[-122.252950736670442,47.097746921938608]],[[-122.276023575335017,47.092463860359807],[-122.276484551563001,47.0947378031601],[-122.277952034534025,47.095143784690173],[-122.276023575335017,47.092463860359807]],[[-122.302703154123805,47.10347482601837],[-122.302663419167999,47.101031679896309],[-122.302075982673017,47.103235831423106],[-122.302703154123805,47.10347482601837]],[[-122.305546450787006,47.098696840111103],[-122.303258712702004,47.0966348168769],[-122.302745902351774,47.096623497450686],[-122.305493225683165,47.09873994729876],[-122.305546450787006,47.098696840111103]],[[-122.33759040690542,47.132844121387393],[-122.336030074173991,47.125630909411306],[-122.337341277288004,47.132855496624899],[-122.33759040690542,47.132844121387393]],[[-122.332900339665414,47.125149815762427],[-122.332214479098994,47.125044374711102],[-122.330447303512997,47.126902120177704],[-122.332900339665414,47.125149815762427]],[[-122.327815567752964,47.126802530151721],[-122.327624682656008,47.126795304320993],[-122.32710122942602,47.129458642802199],[-122.327815567752964,47.126802530151721]],[[-122.323346062770227,47.129264309224595],[-122.323347930922964,47.129282365994378],[-122.32710122942602,47.129458642802199],[-122.323346062770227,47.129264309224595]],[[-122.323634906566014,47.132056012040501],[-122.320509907624995,47.133392814116696],[-122.320579333819751,47.134140152821843],[-122.323634906566014,47.132056012040501]],[[-122.320675819913305,47.135178745038289],[-122.320938757802011,47.138008857373705],[-122.322360516459128,47.138286371333528],[-122.320675819913305,47.135178745038289]],[[-122.329736747594765,47.140985054021122],[-122.331436798813613,47.140269025755615],[-122.323435722751981,47.140269518274501],[-122.32975874597399,47.140337575344297],[-122.329736747594765,47.140985054021122]],[[-122.299141835178986,47.145017211562795],[-122.296610995743364,47.145590705157424],[-122.299380801213999,47.145161971280203],[-122.299500331548643,47.14572427683089],[-122.308500644453019,47.148790666049102],[-122.299141835178986,47.145017211562795]],[[-122.296325186351396,47.145634940934997],[-122.29625758840919,47.145505079902385],[-122.296309341028021,47.145637393351301],[-122.296325186351396,47.145634940934997]],[[-122.292986851972998,47.141413848253606],[-122.285089719037998,47.143900249741598],[-122.294047039283029,47.14125807102468],[-122.292754598830001,47.1387746440898],[-122.292986851972998,47.141413848253606]],[[-122.28682458531064,47.134828533601478],[-122.285753846604749,47.132440357440892],[-122.286353372858997,47.137688253494098],[-122.286266217017001,47.134855505851299],[-122.28682458531064,47.134828533601478]],[[-122.283114693855154,47.130435001367445],[-122.283129074615999,47.131171837904198],[-122.285551719610567,47.131989508398384],[-122.28541675819902,47.13168846937549],[-122.283114693855154,47.130435001367445]],[[-122.282125003269002,47.129896085170401],[-122.283260984089992,47.125620253583392],[-122.28106576927469,47.131300353188102],[-122.281459806673013,47.131345178088097],[-122.282558228787394,47.130131991841679],[-122.282125003269002,47.129896085170401]],[[-122.275795595570045,47.130849827491254],[-122.275526209963672,47.131300709892798],[-122.27598182544827,47.130871214765619],[-122.275798235321986,47.130855152831607],[-122.275795595570045,47.130849827491254]],[[-122.275069868440269,47.129307705289456],[-122.275081592649201,47.128930311398904],[-122.273295601041994,47.128092765819297],[-122.275069868440269,47.129307705289456]],[[-122.264641609792008,47.129072363624402],[-122.267850148016123,47.129116626447825],[-122.273295601041994,47.128092765819297],[-122.264641609792008,47.129072363624402]],[[-122.266554361847142,47.124559605431536],[-122.266556275925936,47.124499604309449],[-122.264100589091001,47.126948587367394],[-122.266554361847142,47.124559605431536]],[[-122.263885662240995,47.125648701745604],[-122.263881988818042,47.125649311043453],[-122.264100589091001,47.126948587367394],[-122.263885662240995,47.125648701745604]],[[-122.256754989632995,47.126831192914111],[-122.255233610032022,47.124393874581465],[-122.254753596834007,47.125423821224103],[-122.260988349111997,47.130231212773204],[-122.257889871830443,47.126643026821348],[-122.256754989632995,47.126831192914111]],[[-122.298135231127986,47.130031376500526],[-122.298322504959017,47.127055157393599],[-122.296733988837715,47.125471744682052],[-122.298135231127986,47.130031376500526]],[[-122.297663424157264,47.132431118701064],[-122.297989982371021,47.132339468309397],[-122.298024206349524,47.131795648019406],[-122.297663424157264,47.132431118701064]],[[-122.293710379626674,47.133540463572267],[-122.296300140894246,47.13281371827329],[-122.293029727608001,47.132880485141108],[-122.292934160457634,47.133165936757834],[-122.293710379626674,47.133540463572267]],[[-122.278653447696016,47.123297132480289],[-122.27822189051065,47.123358859146585],[-122.278850451442267,47.123541172507103],[-122.278653447696016,47.123297132480289]],[[-122.277081272833996,47.1235219959148],[-122.276429322204436,47.123939265202019],[-122.277445387131365,47.12346991983663],[-122.277081272833996,47.1235219959148]],[[-122.275109482512079,47.128032531063468],[-122.275212490978888,47.124716354945548],[-122.274950522515979,47.124628567182896],[-122.274796401113804,47.123911411362862],[-122.275109482512079,47.128032531063468]],[[-122.266561518525748,47.124335262357604],[-122.266667922409994,47.120999515007298],[-122.264480149797009,47.117804191111894],[-122.266561518525748,47.124335262357604]],[[-122.302863892963671,47.135642304970574],[-122.303386000276006,47.135530658214584],[-122.303409516469145,47.134744684],[-122.302863892963671,47.135642304970574]],[[-122.303444040612476,47.133590744494192],[-122.303511326226001,47.131341610059899],[-122.302330208047991,47.132520141118611],[-122.303444040612476,47.133590744494192]],[[-122.341421483912995,47.140021309722897],[-122.339564459724599,47.137485279577859],[-122.339620082055816,47.138935472528473],[-122.341421483912995,47.140021309722897]],[[-122.362277703561006,47.123644395264897],[-122.362403436450123,47.124848024292923],[-122.365509185064994,47.12207316076671],[-122.362277703561006,47.123644395264897]],[[-122.364481613424658,47.116757636489822],[-122.364395477683004,47.116788600532786],[-122.365509185064994,47.12207316076671],[-122.364481613424658,47.116757636489822]],[[-122.332265652510785,47.139919912605414],[-122.332826487063983,47.139683683081699],[-122.332002612375021,47.136405863984102],[-122.332265652510785,47.139919912605414]],[[-122.275822930678004,47.13950770459509],[-122.274678013339582,47.132720318742777],[-122.274530737983014,47.132966801947092],[-122.275822930678004,47.13950770459509]],[[-122.27295074286998,47.141219653402736],[-122.274097083263001,47.141106970486298],[-122.274138437266984,47.141120724831332],[-122.275822930678004,47.13950770459509],[-122.27295074286998,47.141219653402736]],[[-122.262447111913019,47.136886071411901],[-122.264433060677021,47.136571057124605],[-122.264193364638757,47.136461566022497],[-122.262447111913019,47.136886071411901]],[[-122.276710716646349,47.147593255724118],[-122.274207207517648,47.148537472068924],[-122.276681176314995,47.14765942556911],[-122.276710716646349,47.147593255724118]],[[-122.222632975912376,47.126804001263679],[-122.221970026299005,47.125504587320791],[-122.218635940808994,47.1251592265073],[-122.222632975912376,47.126804001263679]],[[-122.231693296070006,47.130531421349694],[-122.235026352094408,47.130001110565225],[-122.231408062357644,47.130414094888692],[-122.231693296070006,47.130531421349694]],[[-122.399627941434005,47.240842518133491],[-122.399570268542675,47.244850929374067],[-122.399570269749006,47.24485092939949],[-122.399627942635945,47.24084251846589],[-122.399627941434005,47.240842518133491]],[[-122.385401736505983,47.246880260862589],[-122.385417323980704,47.244551835844277],[-122.38541732277298,47.24455183581869],[-122.385401736505983,47.246880260862589]],[[-122.372682862208677,47.244926278601675],[-122.372659850647011,47.245440527275399],[-122.385401736505983,47.246880260862589],[-122.372682862208677,47.244926278601675]],[[-122.372762156476014,47.243154172275901],[-122.372756632530951,47.243277628333708],[-122.372842891818465,47.243153258406878],[-122.372762156476014,47.243154172275901]],[[-122.376025779547092,47.242697467485101],[-122.376025809419588,47.242711222479493],[-122.376035671504013,47.242710285480889],[-122.376025779547092,47.242697467485101]],[[-122.365357957089628,47.234385498891378],[-122.36535796850562,47.234385498083881],[-122.365357968370006,47.2343854980275],[-122.365357957089628,47.234385498891378]],[[-122.359386281029018,47.232531847818493],[-122.359185601777696,47.232470310015444],[-122.358768239013003,47.23485142002869],[-122.35884761365881,47.234845810208647],[-122.359386281029018,47.232531847818493]],[[-122.354550175559012,47.231722238721794],[-122.358877083442849,47.232375702658274],[-122.353481662203819,47.230721004582776],[-122.354550175559012,47.231722238721794]],[[-122.350807559099763,47.228215068547392],[-122.357003617355005,47.229813089198885],[-122.357003617288115,47.229813088844303],[-122.348934329514805,47.227691128917613],[-122.350807558612985,47.228215068091195],[-122.350807559099763,47.228215068547392]],[[-122.351181049858994,47.226809203730305],[-122.347264967164008,47.227203113702494],[-122.341755368923799,47.22568280645865],[-122.347279601707541,47.227228270185961],[-122.351181051066007,47.226809203710999],[-122.348650317462997,47.221278871631817],[-122.348650317755883,47.221278871588545],[-122.348650316255984,47.221278871651094],[-122.351181049858994,47.226809203730305]],[[-122.337911449502585,47.221750795555984],[-122.340704954626119,47.221973723961561],[-122.340651797221,47.221785992452794],[-122.337911449502585,47.221750795555984]],[[-122.33719395964799,47.224427823960298],[-122.337911448974737,47.221750795549205],[-122.337911447776989,47.221750795533801],[-122.33719395964799,47.224427823960298]],[[-122.32034886450802,47.216934961293489],[-122.317209232274081,47.21890366508881],[-122.317209233363002,47.218903665389597],[-122.320348864982961,47.216934961733543],[-122.32034886450802,47.216934961293489]],[[-122.268916593450001,47.2030668359332],[-122.268916594264553,47.203066835969317],[-122.268916595317307,47.20306683491836],[-122.268916593450001,47.2030668359332]],[[-122.269538800260491,47.201345909167003],[-122.270261868206006,47.201723853166378],[-122.270550635955999,47.201435566203401],[-122.269538800260491,47.201345909167003]],[[-122.252044496495344,47.203182817483764],[-122.253865440593017,47.203357145548871],[-122.255782301053301,47.201919487536593],[-122.252044496495344,47.203182817483764]],[[-122.250932695332637,47.203615269952166],[-122.25092627723906,47.203560725704975],[-122.250828603811001,47.203593734189099],[-122.250932695332637,47.203615269952166]],[[-122.260329674215996,47.210869517622399],[-122.257255593234021,47.209040812364393],[-122.260219824490107,47.211038858954872],[-122.260329674215996,47.210869517622399]],[[-122.258968648502417,47.213003577280183],[-122.258956096932721,47.21299605187766],[-122.258953634282989,47.212999138885593],[-122.258968648502417,47.213003577280183]],[[-122.266175492183095,47.213226605338143],[-122.264649840139995,47.214259245524303],[-122.262599944900686,47.214076955372448],[-122.264210547588647,47.214552984214137],[-122.265730398168998,47.213753864840591],[-122.266236378343265,47.21445749222697],[-122.265794353575004,47.213801370383301],[-122.266175492183095,47.213226605338143]],[[-122.268684405196197,47.209352803011569],[-122.268530841525376,47.209674380998777],[-122.268710208626004,47.209403846460994],[-122.268684405196197,47.209352803011569]],[[-122.276036998451985,47.207336147569691],[-122.267099175896007,47.206216760005894],[-122.276042112459479,47.207451943993441],[-122.276036998451985,47.207336147569691]],[[-122.276172465785578,47.210403384652942],[-122.276232115910005,47.2179223310563],[-122.268612958801071,47.217762140795379],[-122.268711137945999,47.217898649608188],[-122.27653985428104,47.218720202923961],[-122.276172465785578,47.210403384652942]],[[-122.277163150096769,47.219983760006798],[-122.277076686212965,47.219983035543422],[-122.276983772478957,47.2209218321686],[-122.277163150096769,47.219983760006798]],[[-122.280585771713021,47.232458690819797],[-122.278155582175003,47.220785673321998],[-122.282108241096012,47.220025085316195],[-122.277198215392886,47.219984053793212],[-122.280585771713021,47.232458690819797]],[[-122.285599414098002,47.219623011591409],[-122.285120144983765,47.220208632056213],[-122.288562282968996,47.219440569516308],[-122.289022490283628,47.224601030860143],[-122.288823733428003,47.220132402219498],[-122.296364668476997,47.218823929040099],[-122.285599414098002,47.219623011591409]],[[-122.316022074710006,47.220986777763599],[-122.30978187632698,47.220892475210391],[-122.316122854716809,47.221169330363239],[-122.316022074710006,47.220986777763599]],[[-122.309801076916017,47.228490293299203],[-122.314996103932643,47.224945318040405],[-122.314948781786015,47.224949674638701],[-122.309801076916017,47.228490293299203]],[[-122.310053999380003,47.230261489136502],[-122.309853734497807,47.230352101608332],[-122.31023256451202,47.232377331049797],[-122.310381933628037,47.232403273073864],[-122.309801076916017,47.228490293299203],[-122.310053999380003,47.230261489136502]],[[-122.289887491907777,47.240026374358905],[-122.290145612688278,47.239934608843463],[-122.289904790697022,47.239964585582797],[-122.289887491907777,47.240026374358905]],[[-122.290833318021797,47.235629664621527],[-122.283336314836021,47.235658384135498],[-122.283325895065559,47.235668994557699],[-122.290824502743362,47.235663581010662],[-122.290833318021797,47.235629664621527]],[[-122.291236379240999,47.226869375804014],[-122.293793731010993,47.226751067784598],[-122.289447611096875,47.225279759057742],[-122.291236379240999,47.226869375804014]],[[-122.289032977648731,47.224836798872261],[-122.288807249400904,47.224986808431538],[-122.288998095611021,47.224880270817401],[-122.289036426662008,47.224914336250926],[-122.289032977648731,47.224836798872261]],[[-122.286419773669863,47.228423584742202],[-122.28607713666409,47.226801024176659],[-122.285973044703994,47.226870191644693],[-122.286419773669863,47.228423584742202]],[[-122.283156884270568,47.234188230478665],[-122.283183942932709,47.234409939016984],[-122.287294908814005,47.232567351241798],[-122.287223061981592,47.232227180387056],[-122.283156884270568,47.234188230478665]],[[-122.281680278660005,47.237478671784302],[-122.28182794582122,47.237194297432218],[-122.281535573614306,47.23749199593604],[-122.281680278660005,47.237478671784302]],[[-122.276223275421003,47.237981010461802],[-122.278986303942546,47.23772669649572],[-122.2761340672768,47.237932578739425],[-122.276223275421003,47.237981010461802]],[[-122.266348073896992,47.237844149775682],[-122.260900451017008,47.236944065586599],[-122.260139984321995,47.234773029144996],[-122.260825370916621,47.237786751642084],[-122.260658039592016,47.236929223036],[-122.266348073896992,47.237844149775682]],[[-122.264784819840017,47.231202411722094],[-122.264709364916797,47.230896504118355],[-122.260139984321995,47.234773029144996],[-122.264784819840017,47.231202411722094]],[[-122.263413401895718,47.245332742655037],[-122.262579058060922,47.245496372754616],[-122.262595037401198,47.24556661151292],[-122.263413401895718,47.245332742655037]],[[-122.262996973674007,47.247886226008795],[-122.26297888864967,47.247785887484646],[-122.262368762178227,47.248060112108831],[-122.262996973674007,47.247886226008795]],[[-122.26014032720073,47.254425041973199],[-122.259024724042831,47.249562999383642],[-122.258749583715996,47.249686645561802],[-122.26014032720073,47.254425041973199]],[[-122.260186147121004,47.254581140402102],[-122.261787012750005,47.253976825252543],[-122.261108021788999,47.253500515227692],[-122.260174747734951,47.254542305277553],[-122.260186147121004,47.254581140402102]],[[-122.196696381271309,47.1891058553731],[-122.196579778823008,47.189026806280808],[-122.196445131659971,47.189088944015943],[-122.196696381271309,47.1891058553731]],[[-122.193616807814735,47.190394104344222],[-122.193562417700008,47.190419201924804],[-122.193569072399853,47.190438206116312],[-122.193616807814735,47.190394104344222]],[[-122.370943538427454,47.217289784059659],[-122.370979855758009,47.217479409266403],[-122.375272825826571,47.219715173574698],[-122.375386766210966,47.219680758282642],[-122.370943538427454,47.217289784059659]],[[-122.381072085238017,47.209701781032592],[-122.378556504290003,47.211004199448098],[-122.378576005108997,47.21871739560121],[-122.378556505497016,47.211004199428494],[-122.381072085238017,47.209701781032592]],[[-122.379252005384004,47.190749767063693],[-122.379852526082999,47.198946856313306],[-122.381072085238017,47.209701781032592],[-122.379252005384004,47.190749767063693]],[[-122.383547840871998,47.189402958757796],[-122.383432324373459,47.188406507820083],[-122.379252005384004,47.190749767063693],[-122.383547840871998,47.189402958757796]],[[-122.375885248281236,47.200439583908739],[-122.37591167515302,47.200607696403409],[-122.37039389793226,47.199295856915413],[-122.370780257295863,47.200318622095807],[-122.375703987788,47.200808361579192],[-122.379852526082999,47.198946856313306],[-122.375885248281236,47.200439583908739]],[[-122.370599431505923,47.206306245743065],[-122.370595669668575,47.206353238525963],[-122.370600122502807,47.20634892448782],[-122.370599431505923,47.206306245743065]],[[-122.367804876667577,47.209056868425066],[-122.366027261286419,47.210098635178966],[-122.366717400731005,47.210110286208902],[-122.367804876667577,47.209056868425066]],[[-122.365859995090659,47.210095810741279],[-122.363753160219176,47.207446336926644],[-122.364451609639019,47.210072019212191],[-122.365859995090659,47.210095810741279]],[[-122.359220421834749,47.207859020600814],[-122.359220421882995,47.207859020686797],[-122.363753157880453,47.207446333985381],[-122.36375315779101,47.207446333872902],[-122.359220421834749,47.207859020600814]],[[-122.354066740311353,47.192328040858818],[-122.35396162758218,47.192409998731613],[-122.352767334583007,47.196356747394887],[-122.354262553815005,47.193092262133497],[-122.354066740311353,47.192328040858818]],[[-122.353230216909452,47.192980280176293],[-122.350044799890995,47.195463753571204],[-122.350053341464488,47.195554741892806],[-122.353230216909452,47.192980280176293]],[[-122.341801560470017,47.202832795240198],[-122.342179588850982,47.1999296068267],[-122.350463560345005,47.199924212494508],[-122.342032336756972,47.199763869859076],[-122.341801560470017,47.202832795240198]],[[-122.344902003919714,47.20480176298468],[-122.341893309921005,47.205510032538903],[-122.345113222855019,47.204935891350097],[-122.344902003919714,47.20480176298468]],[[-122.341976487181,47.213416393017091],[-122.336574491527003,47.208940273956799],[-122.330681549508014,47.207318344581793],[-122.329169882802006,47.204980439733397],[-122.329169697155166,47.204980359346081],[-122.329169881230982,47.204980440855195],[-122.33068154953601,47.207318345404097],[-122.336574489956021,47.20894027507871],[-122.337295255493004,47.2108319843666],[-122.355431345460019,47.221112306739499],[-122.357373597451002,47.22187983840125],[-122.342151752898999,47.213352174673901],[-122.341893309921005,47.205510032538903],[-122.341976487181,47.213416393017091]],[[-122.355963251228928,47.224298303255772],[-122.352589104063995,47.221114561586091],[-122.352021194920624,47.221138260846061],[-122.355963251228928,47.224298303255772]],[[-122.257446377621591,47.200671329301592],[-122.258476662752997,47.199898511198192],[-122.257521218471382,47.199556441196783],[-122.257446377621591,47.200671329301592]],[[-122.248651266860989,47.200531912935013],[-122.24830106855795,47.200789311689711],[-122.25726064077341,47.199463146525538],[-122.257247716653808,47.199458519277215],[-122.248651266860989,47.200531912935013]],[[-122.238115193026545,47.204017409175464],[-122.242328659367985,47.203459655581099],[-122.24129896005401,47.204422925331642],[-122.242434516684,47.203375598956498],[-122.243104285575015,47.202993292354435],[-122.238115193026545,47.204017409175464]],[[-122.236848363131855,47.204185071928968],[-122.236393017951016,47.201303459633593],[-122.236661797756,47.204209762259893],[-122.236848363131855,47.204185071928968]],[[-122.243508863349007,47.158002901663103],[-122.242424255784982,47.166140417619893],[-122.239686004942001,47.168279936214489],[-122.239693846604993,47.168754274271208],[-122.242424257428013,47.166140418692109],[-122.243878618247948,47.15774437347055],[-122.243508863349007,47.158002901663103]],[[-122.239762498654002,47.172906772317297],[-122.239890982287847,47.172907978254749],[-122.239719624564287,47.17031353177515],[-122.239762498654002,47.172906772317297]],[[-122.24913707372599,47.175204010671408],[-122.249137073596842,47.17520401054643],[-122.248670016996996,47.18002165482919],[-122.248670017091683,47.180021654943317],[-122.24913707372599,47.175204010671408]],[[-122.252691670117997,47.194846334765991],[-122.253015555405014,47.185259539554998],[-122.253015555334841,47.185259539470408],[-122.252691670117997,47.194846334765991]],[[-122.25886560875999,47.198350561042062],[-122.259350004971992,47.197713565713308],[-122.252691670117997,47.194846334765991],[-122.25886560875999,47.198350561042062]],[[-122.258430188779997,47.1989231362273],[-122.258761542567399,47.198487408873461],[-122.250230157911986,47.196223304595996],[-122.253610590828572,47.197705213869597],[-122.258430188779997,47.1989231362273]],[[-122.335875978816134,47.19616781570091],[-122.336664818742804,47.196427333136221],[-122.340509045913748,47.193986155870327],[-122.340509045108988,47.193986155634704],[-122.335875978816134,47.19616781570091]],[[-122.339808194507995,47.189759535124892],[-122.332520173139102,47.195063713151981],[-122.332707037328248,47.195125197618772],[-122.339808194507995,47.189759535124892]],[[-122.376604364070971,47.170543512112388],[-122.376604364624001,47.170543522024992],[-122.37377272858599,47.1752621151347],[-122.376012377875057,47.193816956388531],[-122.376040905242007,47.193801937918693],[-122.373772729829994,47.175262116211492],[-122.376604365859009,47.170543522827707],[-122.376604364070971,47.170543512112388]],[[-122.372871663132017,47.195470315940298],[-122.372871690745768,47.195470301404498],[-122.372871661896994,47.195470315137605],[-122.372871663560375,47.195470316658053],[-122.372871663132017,47.195470315940298]],[[-122.33941348964774,47.199242352629192],[-122.339625839045993,47.199512377960389],[-122.339755399665748,47.199520109537225],[-122.33941348964774,47.199242352629192]],[[-122.350073520376,47.191780127220085],[-122.345395663279007,47.192735171103394],[-122.34402229421471,47.195014751932383],[-122.344022295230005,47.195014752229604],[-122.345395664485991,47.192735171084202],[-122.350073520376,47.191780127220085]],[[-122.347042353364927,47.184286891519299],[-122.349177476246993,47.182177501214696],[-122.349157170695705,47.182126619371196],[-122.346997050093009,47.184257754729892],[-122.347042353364927,47.184286891519299]],[[-122.347023052983005,47.177039956733992],[-122.348723281906217,47.181039352840351],[-122.347076625444686,47.176912639710444],[-122.347023052983005,47.177039956733992]],[[-122.352832802232982,47.147443336088507],[-122.352638580499118,47.144913158738198],[-122.352520341193994,47.144920827732491],[-122.352832802232982,47.147443336088507]],[[-122.349671782058621,47.149342772278757],[-122.350705238936996,47.147296415573585],[-122.349658006339979,47.149212243605106],[-122.349671782058621,47.149342772278757]],[[-122.36241624646847,47.171625550995941],[-122.363070848112997,47.179902770776998],[-122.36357813460026,47.181246645836936],[-122.36241624646847,47.171625550995941]],[[-122.325025222251995,47.200086751360494],[-122.322576072189008,47.202060340651087],[-122.322712727310218,47.202120866124098],[-122.325025223823005,47.20008675023869],[-122.324542315331996,47.198015994516503],[-122.287752497176996,47.191305672234101],[-122.28511420791601,47.18971414168189],[-122.285114207579639,47.189714142225114],[-122.287752495971006,47.191305672252703],[-122.324542314152993,47.198015995357792],[-122.325025222251995,47.200086751360494]],[[-122.284491789086985,47.190719318057397],[-122.273821190431008,47.188852703533101],[-122.268869620863995,47.186116590779591],[-122.273821188849979,47.188852704380103],[-122.284491789086985,47.190719318057397]],[[-122.262359246943021,47.176197367051991],[-122.263081160571019,47.18020248406129],[-122.263401673369017,47.173570588472693],[-122.262359246943021,47.176197367051991]],[[-122.272000478337006,47.172110994105303],[-122.272016642262955,47.172083721328256],[-122.263401673369017,47.173570588472693],[-122.272000478337006,47.172110994105303]],[[-122.274002096130758,47.168107186810872],[-122.272234147728483,47.171716729652907],[-122.274088918391996,47.168586994756197],[-122.274002096130758,47.168107186810872]],[[-122.271993393394993,47.166288284844207],[-122.273845944687395,47.167244222043863],[-122.273665793430979,47.166248589248404],[-122.271993393394993,47.166288284844207]],[[-122.276121404777143,47.156513300752877],[-122.276050977834032,47.15665609566171],[-122.276125183036015,47.156641724520398],[-122.276121404777143,47.156513300752877]],[[-122.328615921952689,47.195032111415969],[-122.328426167337696,47.195012493588024],[-122.328437980529998,47.195063412372789],[-122.328615921952689,47.195032111415969]],[[-122.328011172556799,47.193223731155506],[-122.324948331726077,47.192127395989111],[-122.324939395357006,47.192209792536609],[-122.328011172556799,47.193223731155506]],[[-122.325298752057762,47.190267410513698],[-122.329854213547009,47.19011926778569],[-122.329854213240139,47.190119266972459],[-122.325298752057762,47.190267410513698]],[[-122.369571262689007,47.210123685795111],[-122.370761930365092,47.21634152623259],[-122.370613947306836,47.207202790000657],[-122.369571262689007,47.210123685795111]],[[-122.208619203682787,47.222773848124802],[-122.208661566648999,47.222859608704198],[-122.215077540392983,47.224419696874598],[-122.208619203682787,47.222773848124802]],[[-122.228265284589,47.216611897683201],[-122.228430356276789,47.216682577431591],[-122.228441327152609,47.216447311899692],[-122.228265284589,47.216611897683201]],[[-122.219736761483219,47.229483427246187],[-122.220032728012995,47.229615207524901],[-122.221729076121008,47.225915665167093],[-122.219736761483219,47.229483427246187]],[[-122.274392313710948,47.227835927246915],[-122.275671777507014,47.227781982955101],[-122.275901053939378,47.22658327711251],[-122.274392313710948,47.227835927246915]],[[-122.264061783753007,47.228270951643196],[-122.267682006749695,47.228118608907536],[-122.263129106642552,47.227897897361139],[-122.264413947364929,47.229698795442545],[-122.264061783753007,47.228270951643196]],[[-122.262436397111983,47.226926904149195],[-122.262912520470891,47.227594305802846],[-122.262277965006291,47.216433540828994],[-122.262220275538979,47.216603455972205],[-122.262436397111983,47.226926904149195]],[[-122.263259859570923,47.215052822060592],[-122.262727678410982,47.21510894250369],[-122.262635241463684,47.21538121450552],[-122.263259859570923,47.215052822060592]],[[-122.299278514078011,47.240973053657996],[-122.306194824429255,47.245109213990538],[-122.306157308819991,47.244919114546995],[-122.299278514078011,47.240973053657996]],[[-122.296567847009001,47.240618876096093],[-122.29514503264042,47.240419205118819],[-122.296200392580005,47.241605024988708],[-122.296567847009001,47.240618876096093]],[[-122.368695665885994,47.248723915074102],[-122.365605029539992,47.249838280215606],[-122.365377681715017,47.250078757552664],[-122.368695665885994,47.248723915074102]],[[-122.371185206852005,47.2370081726311],[-122.367302100330988,47.235345404908202],[-122.371198569498588,47.23702696501433],[-122.371185206852005,47.2370081726311]],[[-122.325919855441015,47.225141599231804],[-122.327854161735999,47.238686508281589],[-122.325957372754004,47.223396906924002],[-122.325919855441015,47.225141599231804]],[[-122.309003925818104,47.250017965499872],[-122.309462188020987,47.249983378647997],[-122.309574091841,47.2479329091612],[-122.309003925818104,47.250017965499872]],[[-122.307268255734016,47.250148946310695],[-122.307978432063024,47.250095356740026],[-122.307245240219075,47.250061587390817],[-122.307255229486955,47.250164680003202],[-122.307268255734016,47.250148946310695]],[[-122.317295667566995,47.22603825248499],[-122.314077818832004,47.233045094428803],[-122.317308705789983,47.226036897419782],[-122.317295667566995,47.22603825248499]],[[-122.265494763950983,47.244924518491707],[-122.265333223476304,47.244956203521397],[-122.268565277318999,47.248233151810304],[-122.265494763950983,47.244924518491707]],[[-122.289204689369996,47.244112469059495],[-122.289775009839005,47.242556687221914],[-122.28981332619766,47.242561750874991],[-122.28959418618679,47.241073997188018],[-122.288767576094259,47.24402623266127],[-122.289204689369996,47.244112469059495]],[[-122.292345402298906,47.245787680953221],[-122.293445970247021,47.244941271194499],[-122.29333721961801,47.243027388009097],[-122.292345402298906,47.245787680953221]],[[-122.287748956365192,47.247663758954687],[-122.287467474426279,47.248668848997369],[-122.288405903899275,47.248817106145971],[-122.289689374026409,47.247830186897914],[-122.287758744352985,47.248166176731601],[-122.287748956365192,47.247663758954687]],[[-122.292705408781543,47.250685874634044],[-122.292149005826019,47.249612219649606],[-122.291816561088837,47.249581406348348],[-122.292705408781543,47.250685874634044]],[[-122.340197987795435,47.251390080437879],[-122.341272658873592,47.253559085383621],[-122.341293244135002,47.251398296350303],[-122.340197987795435,47.251390080437879]],[[-122.290940468163001,47.292963703821194],[-122.290753345808,47.290783623493809],[-122.290770296973619,47.293031841519429],[-122.290940468163001,47.292963703821194]],[[-122.288857362352005,47.278521577152894],[-122.287802137111939,47.280615446648618],[-122.291711466392002,47.277144827948497],[-122.288857362352005,47.278521577152894]],[[-122.293466415025208,47.258312260559968],[-122.285239934282018,47.267948724086096],[-122.293460982666986,47.258391184231897],[-122.293466415025208,47.258312260559968]],[[-122.293731348852319,47.25446287630848],[-122.293808287597003,47.253344872800596],[-122.294076051898983,47.253330521259393],[-122.293797103328458,47.252792314385168],[-122.293731348852319,47.25446287630848]],[[-122.301529859737684,47.255559519418881],[-122.299634853279017,47.253032439307809],[-122.30017235859502,47.2556620572459],[-122.301529859737684,47.255559519418881]],[[-122.304203715663817,47.253850135843585],[-122.3019335639611,47.255529022742266],[-122.302872174480996,47.255458112466592],[-122.304203715663817,47.253850135843585]],[[-122.362421930407436,47.300042658888394],[-122.362994321862999,47.2994950876502],[-122.362107586375004,47.296054923882494],[-122.362421930407436,47.300042658888394]],[[-122.362657831955161,47.30303491034789],[-122.362729773661982,47.302906861297991],[-122.362639539609646,47.302802895688203],[-122.362657831955161,47.30303491034789]],[[-122.278183152458993,46.847431324295904],[-122.276648349308999,46.8413468171251],[-122.276602804037935,46.841312758746795],[-122.278183152458993,46.847431324295904]],[[-122.257178251857994,46.849736616625393],[-122.257148084551119,46.8497720335019],[-122.269811086374006,46.849344265791899],[-122.257178251857994,46.849736616625393]],[[-122.2535529506481,46.853992380211999],[-122.253697962437997,46.853952091165894],[-122.255757032550321,46.851405089747992],[-122.2535529506481,46.853992380211999]],[[-122.231590906216013,46.859873309789798],[-122.234197389141997,46.860422949094513],[-122.235580534112003,46.858880059100201],[-122.231590906216013,46.859873309789798]],[[-122.202400578372021,46.856957253235407],[-122.194867612061984,46.856990898729102],[-122.194350016050024,46.85652583643337],[-122.192544603226963,46.857483995410121],[-122.202400578372021,46.856957253235407]],[[-122.190010313257005,46.858828873784496],[-122.189591386792003,46.862085402485796],[-122.191429417266264,46.858075809403346],[-122.190010313257005,46.858828873784496]],[[-122.132940990381982,46.841029704398892],[-122.125031435834998,46.840873709278299],[-122.124961170536722,46.840182384641807],[-122.123807571044622,46.841047757779236],[-122.132940990381982,46.841029704398892]],[[-122.104838218250762,46.841452851161662],[-122.104860842394004,46.841514751813293],[-122.106593147274012,46.840634488984591],[-122.104838218250762,46.841452851161662]],[[-122.055525455408002,46.811893334614105],[-122.054258870692607,46.812722660519043],[-122.055669787692722,46.81233834369975],[-122.055525455408002,46.811893334614105]],[[-122.016406049456009,46.820628766427696],[-122.016169514622334,46.821804513723592],[-122.017403236212601,46.819818197955833],[-122.016406049456009,46.820628766427696]],[[-122.014738889168996,46.837122593842899],[-122.014840309178439,46.838248460343685],[-122.017331335121995,46.834128514871807],[-122.014738889168996,46.837122593842899]],[[-122.014917655754374,46.839107057969692],[-122.015026695698552,46.840317430130582],[-122.015086097627005,46.840293685400397],[-122.019277035189006,46.843393343014704],[-122.014917655754374,46.839107057969692]],[[-122.001388596705993,46.849780205835792],[-122.001445447172003,46.851657831891892],[-122.001247493207487,46.8516635348007],[-122.002672834058615,46.854158282958323],[-122.001388596705993,46.849780205835792]],[[-121.992466789462853,46.854210638034004],[-121.992610971242996,46.85431016193121],[-121.995781390833002,46.851820873413899],[-121.992466789462853,46.854210638034004]],[[-121.974072073672701,46.87241754348473],[-121.974110320825005,46.872517653826208],[-121.976966942578002,46.869614633040307],[-121.974072073672701,46.87241754348473]],[[-121.971596211109997,46.866679015251798],[-121.96901627449499,46.8671398445194],[-121.971782386754811,46.867132972853007],[-121.971596211109997,46.866679015251798]],[[-121.959238361863271,46.859733495477897],[-121.959258523356013,46.8597791161258],[-121.969719164414002,46.865781673561209],[-121.959238361863271,46.859733495477897]],[[-121.959776276472994,46.857968849263301],[-121.957785239208619,46.856445216032014],[-121.959173490738024,46.859586707058732],[-121.959776276472994,46.857968849263301]],[[-122.16696514061853,46.793387586654056],[-122.167903887569011,46.794116717185197],[-122.171564289084515,46.793293897943556],[-122.16696514061853,46.793387586654056]],[[-122.161820981747013,46.789391602035003],[-122.165231255764823,46.792040795832349],[-122.16165488346077,46.788118944590188],[-122.16345109986402,46.790610806928591],[-122.161820981747013,46.789391602035003]],[[-122.156974880387992,46.782985826822895],[-122.149643654860995,46.782252430855799],[-122.157651169373509,46.783727665450378],[-122.156974880387992,46.782985826822895]],[[-122.063421418910153,46.787595533351507],[-122.063489810429019,46.787601883365383],[-122.078608235966982,46.781792234023108],[-122.063421418910153,46.787595533351507]],[[-122.048570962665011,46.783662070572802],[-122.056723159208019,46.786973408499591],[-122.060493813600772,46.78732367145922],[-122.048570962665011,46.783662070572802]],[[-122.036671046797011,46.779991144427598],[-122.031111291025013,46.7800265834776],[-122.036722124767522,46.780021156855916],[-122.036671046797011,46.779991144427598]],[[-122.028907713457016,46.777548208579503],[-122.020128736482008,46.777826466050499],[-122.028968939684475,46.777617073650966],[-122.028907713457016,46.777548208579503]],[[-122.013223522435197,46.782513284753342],[-122.013540954001016,46.78266323120679],[-122.020128736482008,46.777826466050499],[-122.013223522435197,46.782513284753342]],[[-122.000569628175782,46.781029872782057],[-122.007482217263018,46.779987699521527],[-122.007454151686005,46.779974796984902],[-122.0076405649544,46.778984681665492],[-122.000569628175782,46.781029872782057]],[[-121.996381280707013,46.779650416089993],[-122.000303757634001,46.781069947462498],[-122.000422989582859,46.781051975708692],[-121.996381280707013,46.779650416089993]],[[-121.988402539763626,46.782406602097566],[-121.990985356802,46.782638787982499],[-121.996381280707013,46.779650416089993],[-121.988402539763626,46.782406602097566]],[[-121.987515902317853,46.782049846757218],[-121.986800980203,46.786009615515994],[-121.987788889262177,46.782369432094214],[-121.987515902317853,46.782049846757218]],[[-121.959245010893994,46.788815177337007],[-121.954940742509024,46.788653897751942],[-121.96110300702226,46.789690909098915],[-121.959245010893994,46.788815177337007]],[[-121.986825484969032,46.754965929217342],[-121.987463159869648,46.754347230835087],[-121.986893574075012,46.754591078741804],[-121.986825484969032,46.754965929217342]],[[-121.986185164295549,46.759989060980864],[-121.986293855437992,46.757892516224103],[-121.985934558391989,46.759870233727909],[-121.986185164295549,46.759989060980864]],[[-121.962286058868997,46.759064175205197],[-121.963857084587062,46.760583722291486],[-121.962274347460436,46.758755554125614],[-121.962286058868997,46.759064175205197]],[[-121.960655838899456,46.754725968023394],[-121.961421329135163,46.754661788367407],[-121.961403325898004,46.754281147482409],[-121.960655838899456,46.754725968023394]],[[-121.945219364792948,46.760472019243913],[-121.944542234769997,46.758282770064604],[-121.940550451379266,46.754716685710349],[-121.940546634967987,46.75474762736382],[-121.945219364792948,46.760472019243913]],[[-121.908875719651974,46.748856551648124],[-121.909226390162019,46.748460991739691],[-121.909153760174078,46.748305531341018],[-121.908875719651974,46.748856551648124]],[[-121.909613105533168,46.739000778006847],[-121.910052395659378,46.73892773193635],[-121.909551279726998,46.738907507391701],[-121.909613105533168,46.739000778006847]],[[-121.9258305144795,46.739563391888993],[-121.931860928019475,46.740268368016274],[-121.931421509011003,46.739788113421],[-121.9258305144795,46.739563391888993]],[[-121.941009331073019,46.750996027993203],[-121.940927076782231,46.751662997409163],[-121.941794772302998,46.751122666803894],[-121.940079791292831,46.749249148457565],[-121.941009331073019,46.750996027993203]],[[-121.998845389919168,46.825112228827749],[-122.008044630720093,46.826405339191886],[-122.005648529287001,46.825437522169793],[-121.998845389919168,46.825112228827749]],[[-121.994495721947018,46.8245005301685],[-121.994739269101373,46.824534785203532],[-121.991897975237009,46.818786340010888],[-121.994495721947018,46.8245005301685]],[[-121.986559129434994,46.804225597245697],[-121.992589715971917,46.812408159221384],[-121.992657233692015,46.811785525922787],[-121.986559129434994,46.804225597245697]],[[-122.072368233787017,46.789868789839105],[-122.072207560144705,46.789905967553985],[-122.074483012982014,46.793615589099083],[-122.072368233787017,46.789868789839105]],[[-122.109216037871491,46.808040984788178],[-122.115160243608997,46.806795136284101],[-122.109174236480982,46.807934466006991],[-122.109216037871491,46.808040984788178]],[[-122.111047699198494,46.812473628911363],[-122.110250170055892,46.810676035519286],[-122.110929112331007,46.812405891308799],[-122.111047699198494,46.812473628911363]],[[-122.118321385043998,46.814541463886798],[-122.111637938303659,46.812810773045243],[-122.114696132397995,46.814557495360084],[-122.118321385043998,46.814541463886798]],[[-122.227969760983015,46.840697733908392],[-122.230459583075756,46.841856783386355],[-122.221115762576005,46.832982535321094],[-122.227969760983015,46.840697733908392]],[[-122.14908919551192,46.813719994939234],[-122.144412339816341,46.806319593043114],[-122.145246369207996,46.808866369809898],[-122.14908919551192,46.813719994939234]],[[-122.144385499331179,46.806237629409495],[-122.146918171385067,46.803704154815051],[-122.144275596629001,46.80590201345499],[-122.144385499331179,46.806237629409495]],[[-122.147700008385925,46.802922009970651],[-122.147723338079999,46.802898670654997],[-122.135489310294005,46.786768283496301],[-122.147700008385925,46.802922009970651]],[[-122.204795569995994,47.009232662618999],[-122.211199954652457,47.010149889516335],[-122.211132875646982,47.009987063419096],[-122.204795569995994,47.009232662618999]],[[-122.182584292185624,46.994944795794282],[-122.18048569075502,46.995507486050101],[-122.181921553962013,46.995839913228998],[-122.182584292185624,46.994944795794282]],[[-122.1838351177894,46.992196385549633],[-122.183225480818962,46.994078751430571],[-122.184333209941002,46.992582482016914],[-122.1838351177894,46.992196385549633]],[[-122.176300533255215,46.984356813883657],[-122.175635875375008,46.985839630041994],[-122.176512883076995,46.984344995737999],[-122.176300533255215,46.984356813883657]],[[-122.169712679387487,46.983180091638431],[-122.16917845448782,46.981938296318027],[-122.164133595552997,46.976114953366597],[-122.169712679387487,46.983180091638431]],[[-122.171321905102999,46.9869203470274],[-122.171050207623267,46.986288889791709],[-122.170020571664637,46.987645478412723],[-122.171321905102999,46.9869203470274]],[[-122.167906669455206,46.991679710473576],[-122.167795049275213,46.990577427717298],[-122.166938717919109,46.991705478065271],[-122.167906669455206,46.991679710473576]],[[-122.162933444615007,46.991812014147484],[-122.165882135735956,46.991733595698008],[-122.161837439979436,46.990562414966078],[-122.162933444615007,46.991812014147484]],[[-122.150704226512985,46.98894038283489],[-122.158992208117709,46.989738434578818],[-122.156279073156981,46.98895262025961],[-122.150704226512985,46.98894038283489]],[[-122.139143318037,46.985024628822202],[-122.142980432985993,46.983650455244792],[-122.138225900629564,46.984623765579059],[-122.139143318037,46.985024628822202]],[[-122.135015389480998,46.979887195719492],[-122.134055971814504,46.97962567158158],[-122.137115405797331,46.984138519832108],[-122.137867491337246,46.984467155919198],[-122.135015389480998,46.979887195719492]],[[-122.129029445844495,47.007279973607382],[-122.129632768635418,47.006992490028601],[-122.129494384587019,47.006963951381401],[-122.129029445844495,47.007279973607382]],[[-122.123881369621003,47.011771089235602],[-122.12441186268093,47.010418270536448],[-122.122812007380674,47.011505466706168],[-122.123881369621003,47.011771089235602]],[[-122.111084792124998,47.0215383128659],[-122.111233068962846,47.0106003283463],[-122.111007132213956,47.010491548311791],[-122.111084792124998,47.0215383128659]],[[-122.106938392419323,47.009411907679549],[-122.109504791024591,47.009768205108422],[-122.107619438724001,47.008860395375798],[-122.106938392419323,47.009411907679549]],[[-122.102277464501014,47.006518043386997],[-122.102922542113575,47.006984426708875],[-122.100239611007012,46.99242355977411],[-122.102277464501014,47.006518043386997]],[[-122.09416816112919,46.983334005315157],[-122.097151670118009,46.989839534480197],[-122.100239611007012,46.99242355977411],[-122.09416816112919,46.983334005315157]],[[-122.094481753006036,46.978741441116533],[-122.092354908633624,46.979569280475673],[-122.092460794641994,46.979610363627593],[-122.092542386626178,46.979788321981587],[-122.094481753006036,46.978741441116533]],[[-122.084044653786606,46.974865799501465],[-122.084616456559999,46.97656637203589],[-122.084158563219006,46.974885329163293],[-122.084044653786606,46.974865799501465]],[[-122.061732330248006,46.971037918269992],[-122.082088151911989,46.975208474155195],[-122.08203800508538,46.975672833884161],[-122.084036061429202,46.974864326344957],[-122.061732330248006,46.971037918269992]],[[-121.998788117786688,46.929654962773142],[-122.020107503011019,46.944825643123991],[-121.998955386598013,46.929653465397493],[-121.998788117786688,46.929654962773142]],[[-121.984147387873989,46.931369592380101],[-121.983600800237213,46.931464621511076],[-121.986172856603019,46.932019573255801],[-121.986401357772237,46.931808340693181],[-121.984147387873989,46.931369592380101]],[[-121.975279148577002,46.93294077595769],[-121.975469023961097,46.932878054210789],[-121.975244771972115,46.932917023522648],[-121.975279148577002,46.93294077595769]],[[-122.186885537132994,46.916673029337396],[-122.177458232509949,46.918111953549335],[-122.177496227816803,46.918152335964109],[-122.186885537132994,46.916673029337396]],[[-122.177867428901962,46.920310655563853],[-122.177299983414997,46.927564191958297],[-122.178730541276991,46.924657094165994],[-122.177867428901962,46.920310655563853]],[[-122.16393959402798,46.926424495002898],[-122.181954292740869,46.931517355658769],[-122.180256013087018,46.928355031997484],[-122.181806283499981,46.931443834083403],[-122.16393959402798,46.926424495002898]],[[-122.155230751947713,46.917108470620725],[-122.155386241520006,46.916905219621299],[-122.151208712537837,46.917527981567048],[-122.155230751947713,46.917108470620725]],[[-122.145486069043201,46.918124615431545],[-122.142369324571007,46.913606237416097],[-122.145265241269001,46.918147632582397],[-122.145486069043201,46.918124615431545]],[[-122.142812628154019,46.909605104769994],[-122.1425446951433,46.909618191796554],[-122.142369324571007,46.913606237416097],[-122.142812628154019,46.909605104769994]],[[-122.132114008251421,46.906241167100958],[-122.131710651893314,46.906029208099852],[-122.13106256711113,46.905949436746937],[-122.132114008251421,46.906241167100958]],[[-122.123975785241242,46.905076885592131],[-122.121273326052005,46.90474402584659],[-122.119596491867355,46.905370321123172],[-122.123975785241242,46.905076885592131]],[[-122.119219725133775,46.905511037563585],[-122.116828389228004,46.906404117491398],[-122.115942237534,46.908862337057492],[-122.119219725133775,46.905511037563585]],[[-122.110651737447014,46.908443800789605],[-122.105239285989157,46.90595895173638],[-122.10522596688368,46.905997827931408],[-122.110651737447014,46.908443800789605]],[[-122.104832629512998,46.907881205473103],[-122.105546298691394,46.908332309729225],[-122.10519791185267,46.906079715583203],[-122.103574978388991,46.910816322298992],[-122.104832629512998,46.907881205473103]],[[-122.089810270276999,46.919325388728502],[-122.088712562004048,46.922410865145203],[-122.088754616275011,46.922398130531001],[-122.089810270276999,46.919325388728502]],[[-122.08272580885297,46.925371085990101],[-122.079971481537996,46.926703690728601],[-122.080018604210593,46.927908217187841],[-122.08272580885297,46.925371085990101]],[[-122.076318980477993,46.930955251722089],[-122.080968387874236,46.930587519555679],[-122.080117336732016,46.930431826697706],[-122.071436138087009,46.929598746965993],[-122.076318980477993,46.930955251722089]],[[-122.067965393206009,46.926454219061903],[-122.067838979855154,46.926455238656267],[-122.071436138087009,46.929598746965993],[-122.067965393206009,46.926454219061903]],[[-122.092758875842549,46.941619669967437],[-122.092896377900004,46.941510173488204],[-122.093227690010906,46.941523894040941],[-122.092592437584997,46.93271332232051],[-122.092068032637883,46.9326174482879],[-122.092758875842549,46.941619669967437]],[[-122.087974193490894,46.945463128794394],[-122.087857928201998,46.945546428518604],[-122.087679211356004,46.948967712410493],[-122.087974193490894,46.945463128794394]],[[-122.135287637181989,46.969009028169097],[-122.13544316836412,46.968928681679934],[-122.112020817571079,46.963355945973234],[-122.112043452001018,46.963398270326906],[-122.135287637181989,46.969009028169097]],[[-122.136291302652808,46.968490532506493],[-122.143219053235981,46.964911124862297],[-122.138570972441997,46.966226473089485],[-122.136291302652808,46.968490532506493]],[[-122.154786717060134,46.966512640115361],[-122.154830489329711,46.966475225191019],[-122.154783845482385,46.966476007552124],[-122.154809098385996,46.966479423257091],[-122.154786717060134,46.966512640115361]],[[-122.153148588399603,46.968943715028601],[-122.152915000903008,46.9692903518268],[-122.159898521502001,46.974169423797697],[-122.153148588399603,46.968943715028601]],[[-122.131000899679123,46.978792830294843],[-122.129893243737001,46.978490846442085],[-122.129724359474721,46.978559290453141],[-122.131000899679123,46.978792830294843]],[[-122.122031252923989,46.97860747739869],[-122.101053866363984,46.976182939722108],[-122.100177944017986,46.9765239694336],[-122.122031252923989,46.97860747739869]],[[-122.053142934840338,46.943277829215866],[-122.053484392314019,46.9435705873803],[-122.053486406506806,46.94349053196656],[-122.053142934840338,46.943277829215866]],[[-122.054837448502994,46.940819774996896],[-122.056593970997753,46.937867923991512],[-122.055897172564002,46.938037889694101],[-122.054837448502994,46.940819774996896]],[[-122.059653093835848,46.936734305342952],[-122.060284415520997,46.936624572901003],[-122.059821190152974,46.936155619243046],[-122.059653093835848,46.936734305342952]],[[-122.04494028975401,46.922209585197102],[-122.041382555151984,46.916166103116808],[-122.038760134782294,46.91456574622346],[-122.04494028975401,46.922209585197102]],[[-122.027508372837147,46.907238757154779],[-122.022720565960881,46.906021971486169],[-122.031138092242685,46.909913443679727],[-122.027580553365993,46.90774156398939],[-122.027508372837147,46.907238757154779]],[[-122.014961496682147,46.906092298874754],[-122.016027257702007,46.906760389419603],[-122.02232359636443,46.905921073169473],[-122.022031042032012,46.90584671310571],[-122.014961496682147,46.906092298874754]],[[-122.014240849854957,46.906117308440173],[-122.01348275110702,46.906143612824806],[-122.011889883078013,46.909377813854604],[-122.014240849854957,46.906117308440173]],[[-122.003934046574059,46.918275773502664],[-122.002675697688147,46.919342758108712],[-122.00382682246601,46.918588429236102],[-122.003934046574059,46.918275773502664]],[[-121.99766984081073,46.922622697467105],[-121.986317566025008,46.927776330926498],[-121.993188792235998,46.9255582410903],[-121.99766984081073,46.922622697467105]],[[-122.090279913578101,46.894306377946961],[-122.091055893123325,46.894606160974007],[-122.090757720805016,46.894378635476897],[-122.090279913578101,46.894306377946961]],[[-122.066747168275015,46.889981395491901],[-122.083209083062002,46.891574319271797],[-122.066521744918759,46.889753412619683],[-122.063127630724011,46.893881732107403],[-122.066747168275015,46.889981395491901]],[[-122.067720999285996,46.885329402513896],[-122.067356638848338,46.884944911630981],[-122.067604925334905,46.885711842414288],[-122.067720999285996,46.885329402513896]],[[-122.062849452052021,46.876878529682692],[-122.062676772329723,46.876877271549276],[-122.062498512615008,46.87981774779059],[-122.062849452052021,46.876878529682692]],[[-122.229908898165988,46.894539610802894],[-122.227965286680998,46.893727476742207],[-122.227811346658456,46.893835932769846],[-122.229908898165988,46.894539610802894]],[[-122.229517630070632,46.891871684652422],[-122.229298402430018,46.891893717775709],[-122.229908898165988,46.894539610802894],[-122.229517630070632,46.891871684652422]],[[-122.150697346828764,46.900958576514533],[-122.150781085244304,46.901005266384047],[-122.154772843937991,46.897762389782294],[-122.150697346828764,46.900958576514533]],[[-122.135543264562202,46.906305386584343],[-122.135954668121983,46.906357307825601],[-122.145983516152981,46.904654711442504],[-122.135543264562202,46.906305386584343]],[[-122.100736227515,46.898630468044388],[-122.09977940319979,46.898311778078813],[-122.102877072138782,46.902604563423331],[-122.100736227515,46.898630468044388]],[[-122.260614306173011,46.871579552114198],[-122.262403091323634,46.867882563296249],[-122.262260090555003,46.867813288489998],[-122.260614306173011,46.871579552114198]],[[-122.127073420013986,46.877199720672905],[-122.13424747464876,46.872931100725516],[-122.133389463506006,46.872975519753297],[-122.127073420013986,46.877199720672905]],[[-122.100129505011282,46.890154260032467],[-122.100304619023547,46.889865009238072],[-122.100031807736016,46.889959998988296],[-122.100129505011282,46.890154260032467]],[[-122.013295560989988,46.897434160257795],[-122.01356822663702,46.899290251214509],[-122.013661765165338,46.899270913771012],[-122.013295560989988,46.897434160257795]],[[-122.009479299679612,46.897718860806613],[-122.010731863759887,46.898022400654781],[-122.013295560989988,46.897434160257795],[-122.009479299679612,46.897718860806613]],[[-122.009179221521009,46.90333003758159],[-122.013362554216002,46.901280025420206],[-122.013210967986112,46.901143770005554],[-122.009179221521009,46.90333003758159]],[[-121.956294723626996,46.905105382726703],[-121.961994154793004,46.908924864040792],[-121.962125129338503,46.908888196797314],[-121.956294723626996,46.905105382726703]],[[-122.006325634704993,46.860550590054295],[-122.010475823671001,46.863324406517002],[-122.004547305047268,46.857438760804094],[-122.006325634704993,46.860550590054295]],[[-122.004449258541015,46.868874879653802],[-122.010584756461995,46.87549152190951],[-122.004478716445533,46.868865651182126],[-122.004449258541015,46.868874879653802]],[[-122.020440118331365,46.878772211498493],[-122.020460438849994,46.878560191696806],[-122.020353357571565,46.878526924768963],[-122.020440118331365,46.878772211498493]],[[-122.027104177381005,46.904422981154504],[-122.032676726923015,46.899736382585594],[-122.031218166858011,46.900908673561602],[-122.030553754529521,46.900661555993437],[-122.027104177381005,46.904422981154504]],[[-122.00605459523787,46.896888848554788],[-122.000444097750503,46.891453755013259],[-122.000436681818016,46.89255714534599],[-122.004576515080998,46.896530581200608],[-122.00605459523787,46.896888848554788]],[[-121.943765791738002,46.885847721262095],[-121.947705139213014,46.885577280836998],[-121.940377013509988,46.884715243845996],[-121.943765791738002,46.885847721262095]],[[-121.9362347422135,46.883369947017556],[-121.936051975891004,46.883229528261595],[-121.941141807082019,46.881678164032699],[-121.931500928340554,46.884086466108435],[-121.9362347422135,46.883369947017556]],[[-121.963979010620406,46.870498511276317],[-121.963076789042873,46.872796616330604],[-121.964637085162011,46.872207711218294],[-121.963979010620406,46.870498511276317]],[[-121.957457063107995,46.871211233968396],[-121.963918783943186,46.870342080581352],[-121.963875179816981,46.870228824150892],[-121.957457063107995,46.871211233968396]],[[-121.951863710553994,46.869040763536702],[-121.956664349983996,46.868808297277099],[-121.951705934389807,46.868759296575845],[-121.951863710553994,46.869040763536702]],[[-121.928699593412802,46.884510380011356],[-121.908688817601004,46.879298788349402],[-121.928348478106983,46.884563507450707],[-121.928699593412802,46.884510380011356]],[[-122.172799942826998,46.9131604474684],[-122.173496052313553,46.91390044332735],[-122.174429636313008,46.910085968844605],[-122.172799942826998,46.9131604474684]],[[-122.151666352672706,46.901498854583927],[-122.157039510247998,46.904494362895008],[-122.153102131417,46.901579124724492],[-122.151666352672706,46.901498854583927]],[[-122.050927006429006,46.906271138010815],[-122.052699804143003,46.907734731104398],[-122.051631704260174,46.905724067156896],[-122.050927006429006,46.906271138010815]],[[-122.22527492828398,46.927290719471301],[-122.21952017213502,46.927068019704393],[-122.226673305459784,46.927771340837459],[-122.22527492828398,46.927290719471301]],[[-122.212284041716003,46.929302620806801],[-122.212257251796046,46.929384726621969],[-122.21952017213502,46.927068019704393],[-122.212284041716003,46.929302620806801]],[[-122.211315029487622,46.935427005885408],[-122.210387958386647,46.935113091022302],[-122.210315224385994,46.935335955115207],[-122.207192779319001,46.936940882586192],[-122.211315029487622,46.935427005885408]],[[-122.216793301498001,46.937281771870495],[-122.211955193972543,46.935643765000819],[-122.212183015044999,46.936690238233794],[-122.216797532552349,46.937421931918749],[-122.216793301498001,46.937281771870495]],[[-122.229548204258862,46.94210142195903],[-122.22784610855102,46.940151787717618],[-122.226294809228989,46.940234784545538],[-122.229548204258862,46.94210142195903]],[[-122.231798153475012,46.944678329980199],[-122.231030604430003,46.943799274631807],[-122.230050696949775,46.948801288350744],[-122.230179175491003,46.948894079263596],[-122.231798153475012,46.944678329980199]],[[-122.17438412899601,46.958595501389595],[-122.174249984770938,46.958701638294279],[-122.177876664590997,46.959875972680592],[-122.17438412899601,46.958595501389595]],[[-122.169243300231201,46.96266258471482],[-122.169415094008983,46.96270320378769],[-122.171568323696349,46.960823286111783],[-122.169243300231201,46.96266258471482]],[[-122.172939086778001,46.955883441619896],[-122.159977478057002,46.966388777413407],[-122.166429057483015,46.961997137304692],[-122.167753816634161,46.962310396537184],[-122.166649857799996,46.961717650707591],[-122.172939086778001,46.955883441619896]],[[-122.139454396644012,46.930357780611104],[-122.150239351609997,46.929148653813492],[-122.139380076660956,46.930309511512633],[-122.139454396644012,46.930357780611104]],[[-122.11245811196315,46.912739953908989],[-122.113664006739995,46.9172170502518],[-122.112499396619,46.912761449267101],[-122.11245811196315,46.912739953908989]],[[-122.182112653995006,46.931812216070995],[-122.182014129160805,46.93162876836071],[-122.180142026630008,46.934062944365998],[-122.182112653995006,46.931812216070995]],[[-122.165793946153002,46.931706025222923],[-122.175488247793893,46.935336712098177],[-122.17434739653099,46.934000205067193],[-122.180142026630008,46.934062944365998],[-122.165793946153002,46.931706025222923]],[[-122.193324819298994,46.9356537827178],[-122.18830833634901,46.933333685937598],[-122.188212085753335,46.933350148223099],[-122.193324819298994,46.9356537827178]],[[-122.187126874515712,46.933535751743754],[-122.175834557038456,46.935466386808137],[-122.176340155171005,46.935655703881913],[-122.187126874515712,46.933535751743754]],[[-122.129953734145005,46.9430516021892],[-122.128580042411571,46.94311550022001],[-122.133326166125016,46.948328598638106],[-122.129953734145005,46.9430516021892]],[[-121.910060723247739,46.971626031489087],[-121.908408038633979,46.970746064155499],[-121.906566426932045,46.970781582056837],[-121.910060723247739,46.971626031489087]],[[-121.972403031720006,46.942977473560511],[-121.97154698538327,46.942765659924866],[-121.972588408695657,46.943292159530692],[-121.972403031720006,46.942977473560511]],[[-122.008145637685018,46.966734158052503],[-122.006895753625699,46.966001912350812],[-122.013655043211003,46.9763774712263],[-122.008145637685018,46.966734158052503]],[[-122.018158512639886,46.98033079580587],[-122.019666861063016,46.984175174188493],[-122.018864206878604,46.984986172564234],[-122.021063534389995,46.9880934429655],[-122.01944698740401,46.981461731097902],[-122.018158512639886,46.98033079580587]],[[-122.015888699068,46.987992346364507],[-122.017614618602011,46.987097170144899],[-122.017919579695004,46.990859553349303],[-122.018691690247451,46.985160478644552],[-122.015888699068,46.987992346364507]],[[-122.009799483157011,47.003796990075699],[-122.009848323856161,47.002155503190245],[-122.009688348725007,47.002096572066598],[-122.009799483157011,47.003796990075699]],[[-122.004704829660653,47.007561832878842],[-122.004818100613804,47.00737270888456],[-122.001724814271995,47.003850261056101],[-122.004704829660653,47.007561832878842]],[[-121.971529510740837,46.975239002505802],[-121.974642347629995,46.979164003353297],[-121.972090709482984,46.975240981807595],[-121.971529510740837,46.975239002505802]],[[-121.970766557030544,46.975236307218736],[-121.965741709729002,46.975218428925395],[-121.965671880665951,46.974847620732703],[-121.965654367677018,46.975600905647504],[-121.964993653609,46.976238118265087],[-121.970766557030544,46.975236307218736]],[[-121.95684805429444,46.984232932419644],[-121.957384117179629,46.98357560071571],[-121.956916862903,46.98402606683581],[-121.95684805429444,46.984232932419644]],[[-121.950000130696012,46.985138020271798],[-121.953867765804745,46.987720660807724],[-121.953850652467992,46.987648875233802],[-121.950000130696012,46.985138020271798]],[[-121.946645831759994,46.979110087682905],[-121.948275865599982,46.974381984555791],[-121.948030982170465,46.973732721400502],[-121.946462878152019,46.979509689004402],[-121.948926937664993,46.987210285105796],[-121.946645831759994,46.979110087682905]],[[-121.94549397242713,46.986029937366318],[-121.943773204891997,46.990283556637401],[-121.94607766326898,46.98632365175169],[-121.94549397242713,46.986029937366318]],[[-121.90397036324552,46.94926213450362],[-121.904028013138003,46.949374394216804],[-121.913297184751997,46.9529790311596],[-121.9139335886765,46.952940489591846],[-121.90397036324552,46.94926213450362]],[[-121.948195327773007,46.949659251878799],[-121.943853170549019,46.948554302636992],[-121.950497839211039,46.951604781795915],[-121.948195327773007,46.949659251878799]],[[-121.958538337865249,46.958397220018128],[-121.953490304508904,46.954133016701967],[-121.954253064727993,46.955632726219392],[-121.958538337865249,46.958397220018128]],[[-121.963337878542006,46.962450685021395],[-121.961711076093053,46.961076855282549],[-121.964018631016131,46.966067040343724],[-121.963337878542006,46.962450685021395]],[[-121.947871320098841,46.973309398344213],[-121.946607351813995,46.969957913027997],[-121.934830868626875,46.951673683365691],[-121.934830839509431,46.951673685430784],[-121.947871320098841,46.973309398344213]],[[-122.16814082792429,47.049071115752916],[-122.166290291144335,47.049779020512318],[-122.167591490971006,47.04976612180679],[-122.16814082792429,47.049071115752916]],[[-122.165165868585817,47.049790154921645],[-122.160862127699687,47.048208410757368],[-122.163228529227993,47.04980931319249],[-122.165165868585817,47.049790154921645]],[[-122.159000583931615,47.049464846557413],[-122.159000583972002,47.049464845730903],[-122.160862123328073,47.048208410152675],[-122.152490016312001,47.049879165166899],[-122.159000583931615,47.049464846557413]],[[-122.150508052454995,47.038671687187204],[-122.147016076100357,47.046678875501847],[-122.147084418571836,47.046664673441789],[-122.147065325781981,47.046653318593506],[-122.150508052454995,47.038671687187204]],[[-122.15269176560291,47.030405009364465],[-122.152587973454615,47.030133098310266],[-122.152138262666156,47.030237507950623],[-122.15269176560291,47.030405009364465]],[[-122.148986941225004,47.030969091052192],[-122.145900855169998,47.02808391368729],[-122.14514569932301,47.028858389587604],[-122.148986941225004,47.030969091052192]],[[-122.145747769521506,47.02794078391895],[-122.14561269248901,47.027814490779399],[-122.140811336444003,47.029763355744983],[-122.145747769521506,47.02794078391895]],[[-122.124317385240673,47.036926476437145],[-122.125229330047986,47.042786061414191],[-122.126095682569186,47.0390456257594],[-122.125773773201999,47.039220067653503],[-122.124317385240673,47.036926476437145]],[[-122.128159051992995,47.043981895904302],[-122.128027739912028,47.044151494549048],[-122.131492069651884,47.044460582084042],[-122.125229330047986,47.042786061414191],[-122.128159051992995,47.043981895904302]],[[-122.127866175842996,47.048165054395696],[-122.125707689506001,47.047766932147795],[-122.127160130844416,47.045272040489223],[-122.124660121431049,47.048500582216825],[-122.127866175842996,47.048165054395696]],[[-122.129444549978004,47.055330965837491],[-122.125585687252993,47.0578652068412],[-122.123885003983261,47.061400166077462],[-122.129444549978004,47.055330965837491]],[[-122.123207252556114,47.062808767915051],[-122.123126294174014,47.062977022094998],[-122.125343032800998,47.063364902783],[-122.123207252556114,47.062808767915051]],[[-122.12763676357946,47.061360852546933],[-122.131340309014007,47.062968283848193],[-122.127676923706005,47.061325762568394],[-122.12763676357946,47.061360852546933]],[[-122.139565097659926,47.06281963834553],[-122.139769929984993,47.062815928887098],[-122.141880705790996,47.060254826415296],[-122.139565097659926,47.06281963834553]],[[-122.16439448597275,47.08152275149795],[-122.16527831513902,47.082531585045309],[-122.169457154713072,47.084036604354949],[-122.16439448597275,47.08152275149795]],[[-122.169530444622296,47.084062997783235],[-122.169602009429013,47.084088769891103],[-122.17001303955837,47.083980629017773],[-122.169530444622296,47.084062997783235]],[[-122.182245153244196,47.080527939842653],[-122.182340761862989,47.081875769453212],[-122.181040004683481,47.082097933928914],[-122.182722026573032,47.08220456363793],[-122.182245153244196,47.080527939842653]],[[-122.183670271037926,47.085538153877053],[-122.183910383764839,47.086706255842117],[-122.184001717846996,47.086703269968993],[-122.183670271037926,47.085538153877053]],[[-122.167834837142237,47.088477424246278],[-122.166705676644995,47.088595444926902],[-122.164514248258882,47.089210722249895],[-122.167834837142237,47.088477424246278]],[[-122.161737715206201,47.089990195800105],[-122.160675332974009,47.090288421103089],[-122.157365940554925,47.092914724414605],[-122.161737715206201,47.089990195800105]],[[-122.157365934714818,47.092914728321055],[-122.158357664789264,47.091323666353134],[-122.157807914482007,47.091579292721292],[-122.154330003962343,47.095861441492474],[-122.157802026994986,47.091601851926001],[-122.157365933790999,47.092914728938993],[-122.157365934714818,47.092914728321055]],[[-122.070857043194948,47.076778425174169],[-122.070413469500679,47.076756931014245],[-122.072740361274995,47.079589279718498],[-122.070746566457998,47.076914270562995],[-122.070857043194948,47.076778425174169]],[[-122.066496161634007,47.076567035543199],[-122.066521432526002,47.075187966363302],[-122.063545700362781,47.074041190344815],[-122.066496161634007,47.076567035543199]],[[-122.062810963416254,47.073412144448277],[-122.062553432849199,47.071285971515117],[-122.062098412053999,47.072802074206102],[-122.062810963416254,47.073412144448277]],[[-122.051255510209003,47.052343544865799],[-122.052646802133012,47.048499314296201],[-122.052046879627213,47.047807817871274],[-122.051255510209003,47.052343544865799]],[[-122.046026932874625,47.039625195212217],[-122.044282013209994,47.034446611474799],[-122.045092140000989,47.038457371839598],[-122.046026932874625,47.039625195212217]],[[-122.029232150768891,46.997820729246342],[-122.030158586190183,46.998185701519773],[-122.028987284813283,46.997614879157624],[-122.029232150768891,46.997820729246342]],[[-122.022125307418449,46.994099470272701],[-122.022289367319019,46.992369680939696],[-122.021778660671998,46.994001912814298],[-122.022125307418449,46.994099470272701]],[[-122.057668144547392,47.000311712633724],[-122.057851631359995,47.000288415691507],[-122.035007790194001,46.989654624363503],[-122.057668144547392,47.000311712633724]],[[-122.047179307398835,47.006477870178678],[-122.052604993459013,47.011061230908901],[-122.047785393604002,47.006869193158892],[-122.047716681687234,47.005936561004816],[-122.047463042595979,47.006616057480393],[-122.047179307398835,47.006477870178678]],[[-122.20013263975801,47.015389302515793],[-122.200871352368395,47.015132748920706],[-122.197232513831992,47.013116845029991],[-122.19707318076442,47.013150904335482],[-122.20013263975801,47.015389302515793]],[[-122.191604344013186,47.014319770923329],[-122.192733402376021,47.0145605418287],[-122.196330275428807,47.013309705523888],[-122.191604344013186,47.014319770923329]],[[-122.188049845501993,47.013149568073494],[-122.188283017012495,47.011871088877051],[-122.188199525952996,47.011886826183108],[-122.186988655022873,47.016204215218295],[-122.18863997274201,47.013687557651295],[-122.189097355020593,47.013785109819018],[-122.188049845501993,47.013149568073494]],[[-122.156744187127231,47.007741061340695],[-122.161992101827011,47.009257133217098],[-122.157482365902993,47.00766585396439],[-122.158951545581004,47.000856823796184],[-122.156744187127231,47.007741061340695]],[[-122.140522017777073,47.021903696912453],[-122.140599243118999,47.021904180880398],[-122.140670002746873,47.021857527784881],[-122.140522017777073,47.021903696912453]],[[-122.122433332198497,47.02804374651604],[-122.122978482971007,47.028329128999694],[-122.134030517775997,47.021862828748496],[-122.122433332198497,47.02804374651604]],[[-122.167910882238814,46.991721312140832],[-122.161638505928011,46.99587383604829],[-122.168015267276999,46.992752105647497],[-122.167910882238814,46.991721312140832]],[[-122.066273589027745,46.998841444559737],[-122.066754670283004,47.001308413293096],[-122.070696597206009,47.006116853648507],[-122.066273589027745,46.998841444559737]],[[-122.065337958706323,46.99391900098302],[-122.065315519504992,46.993927836855299],[-122.065330787626166,46.994006148655693],[-122.065337958706323,46.99391900098302]],[[-122.099189825313999,47.011115257366789],[-122.099132279598095,47.01124887566364],[-122.099713866393017,47.010947761984411],[-122.099189825313999,47.011115257366789]],[[-122.094394028715001,47.02224842028231],[-122.096635192623012,47.020206627256393],[-122.098968701335721,47.011628692389323],[-122.094394028715001,47.02224842028231]],[[-122.112356173086354,47.04425961695901],[-122.098488783020997,47.032411102598104],[-122.110968260434021,47.043912751762399],[-122.108942150485021,47.045075254282217],[-122.112356173086354,47.04425961695901]],[[-122.102854436781982,47.041709759119897],[-122.109824079590993,47.046519699720498],[-122.109751095598895,47.046400167912211],[-122.102854436781982,47.041709759119897]],[[-122.101393495441002,47.046853897207797],[-122.104557164634997,47.045525302136198],[-122.101531234399999,47.046449366935398],[-122.096987213158002,47.042890729893998],[-122.101393495441002,47.046853897207797]],[[-122.074232767935797,47.07246942053137],[-122.072590873115445,47.074646351847662],[-122.074282285045001,47.0725662475447],[-122.074232767935797,47.07246942053137]],[[-122.072634163394525,47.066714338079386],[-122.073127523349626,47.068343000403154],[-122.073711279945996,47.068278091948791],[-122.072634163394525,47.066714338079386]],[[-122.067689260961998,47.058370866843191],[-122.068005972001473,47.058761913133949],[-122.069510345130723,47.054203842971155],[-122.067689260961998,47.058370866843191]],[[-122.114240979391013,47.076503102111623],[-122.114272628570006,47.076538609501895],[-122.121128093212988,47.075116895761404],[-122.114240979391013,47.076503102111623]],[[-122.072663341200979,47.043881343825902],[-122.073264368411003,47.038948728690606],[-122.076989585131017,47.043247004726297],[-122.073194610121917,47.038519997540035],[-122.072663341200979,47.043881343825902]],[[-122.069949161360924,47.053199635381176],[-122.072471705684009,47.059967929308897],[-122.068416331034001,47.045581887336901],[-122.070224504875995,47.052569505837106],[-122.069949161360924,47.053199635381176]],[[-122.064945247161006,47.036811273804503],[-122.073114995558285,47.03842081970339],[-122.07288812496202,47.038138199069799],[-122.064945247161006,47.036811273804503]],[[-122.055942200473012,47.025350815997697],[-122.059968926227,47.0259337195683],[-122.055967660238395,47.02518616013775],[-122.055942200473012,47.025350815997697]],[[-122.055163294273015,47.011348949595906],[-122.056496324128034,47.014727209026162],[-122.056526430417009,47.014257670532501],[-122.055163294273015,47.011348949595906]],[[-122.113156395605003,47.04494312911099],[-122.112396639258307,47.044294181796502],[-122.110699310515017,47.048547658931902],[-122.113156395605003,47.04494312911099]],[[-122.113910992572215,47.049624839454559],[-122.113328694325006,47.048434289085286],[-122.113508987586016,47.049666864851098],[-122.113910992572215,47.049624839454559]],[[-122.123288356517932,47.035305782852262],[-122.122725916683009,47.034419909647404],[-122.119726364602656,47.034028641807318],[-122.123288356517932,47.035305782852262]],[[-122.116879301291007,47.033007712988102],[-122.117198498536197,47.033122179419088],[-122.115646495586006,47.026228937559395],[-122.116879301291007,47.033007712988102]],[[-122.186917633140254,47.016312448763308],[-122.182430546872993,47.013004679266004],[-122.182185119551278,47.013089956551674],[-122.186873983189003,47.016378968708494],[-122.186917633140254,47.016312448763308]],[[-122.179572723649187,47.014647976543039],[-122.181856738586418,47.013204056030631],[-122.180451308662001,47.013692371472295],[-122.179572723649187,47.014647976543039]],[[-122.179070283933996,47.0173686503474],[-122.178777699634708,47.015512659715107],[-122.178112801471002,47.016235789555409],[-122.179070283933996,47.0173686503474]],[[-122.178490451651001,47.018793375077394],[-122.176346587393965,47.017951626111888],[-122.176278383341995,47.017966223403207],[-122.178490451651001,47.018793375077394]],[[-122.158264356562483,47.027359044809181],[-122.162827015297012,47.02604173415989],[-122.158267907473018,47.027260464946401],[-122.158264356562483,47.027359044809181]],[[-122.154610107216641,47.029663591266512],[-122.155019497925437,47.029640579621663],[-122.154998629481014,47.0295733775732],[-122.154610107216641,47.029663591266512]],[[-121.978569798237004,47.017759929544191],[-121.973080744683003,47.015497465954894],[-121.973313570863752,47.015453078451166],[-121.968243860398204,47.013973526709258],[-121.978569798237004,47.017759929544191]],[[-121.966929568188291,47.0134914859783],[-121.960480763869981,47.0082690502201],[-121.965595088284019,47.013002016808997],[-121.966929568188291,47.0134914859783]],[[-121.958088977247982,47.00947154960209],[-121.946750716769003,47.007734619113904],[-121.945131336102477,47.008019270714925],[-121.958088977247982,47.00947154960209]],[[-121.927969238326483,47.011034392282816],[-121.921630149761,47.012147335602791],[-121.921335332283874,47.012328176519098],[-121.927969238326483,47.011034392282816]],[[-121.996865579089999,47.016995268612597],[-122.00567612052599,47.021779857860707],[-122.005998883078433,47.021815331180662],[-121.998529820667002,47.017869768142901],[-121.998730291580699,47.017535191090559],[-121.996865579089999,47.016995268612597]],[[-121.986827066711001,47.018694734125191],[-121.992544167042993,47.018665585689291],[-121.996865579089999,47.016995268612597],[-121.986827066711001,47.018694734125191]],[[-122.141491767804226,47.047133359211152],[-122.142537658682002,47.047609417349108],[-122.142951514558249,47.047523433602528],[-122.141491767804226,47.047133359211152]],[[-122.15432974578502,47.095861759341403],[-122.154329754945238,47.095861769927545],[-122.154329746206017,47.095861758823084],[-122.15432974578502,47.095861759341403]],[[-122.152200133486005,47.099392895997696],[-122.156055821963676,47.098054887981981],[-122.156046432460116,47.098042958356629],[-122.152200133486005,47.099392895997696]],[[-122.135382992667999,47.108208373677407],[-122.137313846496994,47.110109196976197],[-122.144199038693003,47.109438210141299],[-122.144505350146432,47.109053719392044],[-122.137313846472011,47.1101091961539],[-122.135382992667999,47.108208373677407]],[[-122.133111335180999,47.108802642248406],[-122.131806480958005,47.1057621699332],[-122.13311133400201,47.108802643087806],[-122.135382992667999,47.108208373677407],[-122.133111335180999,47.108802642248406]],[[-122.119948474847988,47.110948570790391],[-122.11925043551885,47.111602749562479],[-122.124592803227998,47.107833615493391],[-122.119948474847988,47.110948570790391]],[[-122.117827303695009,47.112936396834101],[-122.120016715230008,47.116195666474098],[-122.11810742265348,47.112673898110224],[-122.117827303695009,47.112936396834101]],[[-122.111705674831171,47.125837155241207],[-122.112185396285,47.125920327151398],[-122.112407552125049,47.125637808045035],[-122.111705674831171,47.125837155241207]],[[-122.104942562382007,47.124664356759709],[-122.108544753736027,47.125289072591386],[-122.101668583649442,47.123981960286422],[-122.104060622621986,47.125391916098586],[-122.104942562382007,47.124664356759709]],[[-122.096850010095011,47.115887259802498],[-122.101296811590004,47.123762813010899],[-122.101523210669356,47.123896268102065],[-122.096850010095011,47.115887259802498]],[[-122.089670413324001,47.109543996783401],[-122.088254438091013,47.108066855655593],[-122.091552696379992,47.117027118349803],[-122.089670413324001,47.109543996783401]],[[-122.083484214589021,47.105787134971301],[-122.082299471132103,47.105885486824832],[-122.083624093673009,47.106226055465591],[-122.083484214589021,47.105787134971301]],[[-122.077530549466999,47.10628125258031],[-122.074065255527728,47.108746704519682],[-122.079495637188785,47.10611819765473],[-122.077530549466999,47.10628125258031]],[[-122.068764308018828,47.112517518553005],[-122.069840179034003,47.112383581440106],[-122.070457782890898,47.111312955429227],[-122.068764308018828,47.112517518553005]],[[-122.061650156027653,47.113111922692681],[-122.061959050921999,47.113364466984592],[-122.062194567658722,47.113335162962571],[-122.061650156027653,47.113111922692681]],[[-122.055343112079001,47.10793394978959],[-122.055302086796914,47.107921198677381],[-122.055437862724503,47.108032234865675],[-122.055343112079001,47.10793394978959]],[[-122.057614988707002,47.09864006988451],[-122.050186512492004,47.104091380552298],[-122.050252153452647,47.104341115962669],[-122.057614988707002,47.09864006988451]],[[-122.057570316482952,47.094205162967995],[-122.05677080754198,47.094552225232398],[-122.057614988707002,47.09864006988451],[-122.057570316482952,47.094205162967995]],[[-122.057548636359016,47.092052768507401],[-122.05468549166271,47.090796858696372],[-122.05755763402324,47.092946058366401],[-122.057548636359016,47.092052768507401]],[[-122.047805413696011,47.087778400698397],[-122.047439286107704,47.08790692425471],[-122.049045819777163,47.088322652669831],[-122.047805413696011,47.087778400698397]],[[-122.021859274474863,47.079765807371174],[-122.021299787946973,47.082982754124735],[-122.02206442099164,47.079922266865751],[-122.021859274474863,47.079765807371174]],[[-122.03516682097198,47.055891744158195],[-122.025990160497997,47.068990937240805],[-122.02602884586878,47.069030671856119],[-122.03516682097198,47.055891744158195]],[[-122.034580792581011,47.046769875467199],[-122.034373519154116,47.046566079478467],[-122.03516682097198,47.055891744158195],[-122.034580792581011,47.046769875467199]],[[-122.025815727831855,47.043065355258221],[-122.025807127140993,47.043147970813393],[-122.031978290544004,47.044210896665795],[-122.025815727831855,47.043065355258221]],[[-122.024569193112001,47.037106551178702],[-122.023889664225138,47.036913856523711],[-122.024804965661318,47.038324299129549],[-122.024569193112001,47.037106551178702]],[[-122.010582281381645,47.064018943336393],[-122.010862255145994,47.062892823612003],[-122.010240915468444,47.0611601615118],[-122.010582281381645,47.064018943336393]],[[-122.013567330081656,47.08814036180695],[-122.013647534995002,47.088158833827393],[-122.013720342878656,47.088037151961686],[-122.013567330081656,47.08814036180695]],[[-122.008923547701684,47.086204303372256],[-122.010876775799005,47.0875206594988],[-122.013173671206872,47.08804969710252],[-122.008923547701684,47.086204303372256]],[[-121.99282956689602,47.074642745869994],[-121.992750868098838,47.074611905497143],[-122.003206000483004,47.083721309236502],[-121.99282956689602,47.074642745869994]],[[-121.955951477654466,47.044841794879289],[-121.959126321175006,47.044857940448992],[-121.960586341456761,47.04421851140718],[-121.955951477654466,47.044841794879289]],[[-121.989874118525989,47.049908529882302],[-121.995451325473994,47.053769664185097],[-121.989866936735211,47.049854960734599],[-121.989874118525989,47.049908529882302]],[[-121.988260561893995,47.034009630578204],[-121.994128165830801,47.038799524663993],[-121.994236249617003,47.038756839552711],[-121.988260561893995,47.034009630578204]],[[-122.010420308822006,47.021857787969402],[-122.007670319755917,47.021999015671142],[-122.010749168065047,47.022337302248701],[-122.010420308822006,47.021857787969402]],[[-122.013308207465769,47.026068350682195],[-122.013203927182559,47.025916322475219],[-122.01327333753602,47.026060013009392],[-122.013308207465769,47.026068350682195]],[[-122.008245279443997,47.06075914582749],[-122.008769766494837,47.059692183320927],[-122.006179198498486,47.060378960613669],[-122.008245279443997,47.06075914582749]],[[-122.021073071813021,47.083890127472202],[-122.021106475981782,47.083756437865482],[-122.015713273825995,47.084706182272392],[-122.021073071813021,47.083890127472202]],[[-122.163220077894451,47.130118994753168],[-122.161694167765617,47.123613281373771],[-122.161694166499004,47.123613282079802],[-122.162944222439009,47.129881943869393],[-122.163220077894451,47.130118994753168]],[[-122.16332928254657,47.122701814196049],[-122.163329282877996,47.122701814011293],[-122.160612546781636,47.117842023197781],[-122.160612546536001,47.117842023534102],[-122.16332928254657,47.122701814196049]],[[-122.162336598520994,47.1108405138284],[-122.162970925113996,47.114612824994602],[-122.161541852623785,47.116569628842555],[-122.16297092669501,47.114612824149098],[-122.162336598675111,47.110840513850597],[-122.162336598520994,47.1108405138284]],[[-122.166161751235123,47.108092592173634],[-122.166161752529746,47.108092594038986],[-122.166161752744003,47.108092593561395],[-122.166161751235123,47.108092592173634]],[[-122.163260087946995,47.102327566220694],[-122.160207277118005,47.099511582917096],[-122.15749584936701,47.099884411059193],[-122.157495846516213,47.099884407437472],[-122.157495849392021,47.099884411881597],[-122.160207277143016,47.099511583739407],[-122.1628862518522,47.103372638406533],[-122.163260087946995,47.102327566220694]],[[-122.160588853325919,47.052843767284834],[-122.160588853716007,47.052843766571598],[-122.158857713681357,47.052389595668778],[-122.158857713642007,47.052389596474193],[-122.160588853325919,47.052843767284834]],[[-122.162200649891446,47.058548437201061],[-122.162200650323996,47.058548436685491],[-122.158738555120692,47.056226605222079],[-122.158738554691013,47.056226606007598],[-122.162200649891446,47.058548437201061]],[[-122.159622365282999,47.062520930669294],[-122.163996805900993,47.0640971934858],[-122.159887605085288,47.062112292778927],[-122.159622365282999,47.062520930669294]],[[-122.177813831446997,47.074153344970398],[-122.176596964200982,47.067058365308796],[-122.164469351963987,47.067564573083793],[-122.176596964225993,47.0670583661311],[-122.177813831446997,47.074153344970398]],[[-122.180737869398996,47.075227838041592],[-122.180737870910122,47.075227842378801],[-122.180737869365004,47.075227836945103],[-122.177813831446997,47.074153344970398],[-122.180737869398996,47.075227838041592]],[[-122.075115869792995,47.136106814673994],[-122.074942543456402,47.135710071877305],[-122.071830216451019,47.135819260562293],[-122.063679783869006,47.129422442190901],[-122.071830214867987,47.135819261406503],[-122.075115869792995,47.136106814673994]],[[-122.066104166548811,47.124877832131766],[-122.06413055749502,47.126343950546598],[-122.063679783869006,47.129422442190901],[-122.066104166548811,47.124877832131766]],[[-122.066786898556018,47.123597869614997],[-122.062844694679541,47.121563832161073],[-122.062838930664,47.121601960653003],[-122.066608607126298,47.123932130703032],[-122.066786898556018,47.123597869614997]],[[-122.063325901740768,47.117739420247965],[-122.063333328473021,47.117686311081997],[-122.062551672843668,47.117177908744999],[-122.063325901740768,47.117739420247965]],[[-122.061098692838115,47.116232825662024],[-122.060923317495011,47.116118750209495],[-122.058723977944624,47.116918605586676],[-122.061098692838115,47.116232825662024]],[[-122.058723973296779,47.116918606928813],[-122.058723972046266,47.116918605397721],[-122.058723972310986,47.116918607213485],[-122.058723973296779,47.116918606928813]],[[-122.056548856377589,47.114255302145693],[-122.056058071424019,47.113654322189191],[-122.054832443023926,47.113557784576187],[-122.056548856377589,47.114255302145693]],[[-122.052416048213018,47.115576936639094],[-122.045216723132015,47.116594117191006],[-122.045216695865136,47.116594137168022],[-122.045216723154994,47.116594118013396],[-122.052416048243998,47.11557693773559],[-122.05365339186676,47.113464902963933],[-122.052857018172006,47.113402160328398],[-122.052416048213018,47.115576936639094]],[[-122.037701073442506,47.117770441461687],[-122.037701073337999,47.117770442214493],[-122.040930044047997,47.119602666977798],[-122.040988244224337,47.119561823334998],[-122.037701073442506,47.117770441461687]],[[-122.038073345095,47.115088157790098],[-122.036134502173979,47.113690079399895],[-122.035368443866446,47.113673471469738],[-122.038073345095,47.115088157790098]],[[-122.03052128963995,47.113568267538987],[-122.030520891699993,47.1136107404608],[-122.032586843364015,47.114424103534503],[-122.033844146585196,47.113640409863478],[-122.03052128963995,47.113568267538987]],[[-122.030544519477985,47.11108868162389],[-122.027952968218003,47.109375800400805],[-122.024493249455986,47.1090307992623],[-122.019703495749667,47.110834788037032],[-122.01970349557601,47.110834788933502],[-122.024493249478994,47.109030800084696],[-122.027952967036995,47.109375801239104],[-122.030544519447048,47.111088682410553],[-122.030544519477985,47.11108868162389]],[[-122.015591249052761,47.104559327862894],[-122.014847108027993,47.104861169001602],[-122.016891031018005,47.106713004248299],[-122.016948542064739,47.106724202803456],[-122.015591249052761,47.104559327862894]],[[-122.024644949443996,47.102507423756194],[-122.025316060555667,47.102090868802762],[-122.016642247020698,47.103255188166131],[-122.017470845508981,47.103714602997059],[-122.024644949443996,47.102507423756194]],[[-122.025665707976842,47.101873840410128],[-122.027523264631,47.10072079516339],[-122.02820081466102,47.097805359780693],[-122.025665707976842,47.101873840410128]],[[-122.018036938010397,47.096212121314345],[-122.017825747104752,47.096001889594518],[-122.017267085003027,47.096091402463522],[-122.018036938010397,47.096212121314345]],[[-121.998055421432994,47.090745918707192],[-122.002717902758008,47.090723651094905],[-122.004201889325017,47.093041145965707],[-122.007611990550004,47.093288693919703],[-122.004201890529018,47.093041145950004],[-122.002717902728008,47.090723649998388],[-121.998055421432994,47.090745918707192]],[[-121.995296430062993,47.087978439853693],[-121.995167531198547,47.087989398922247],[-121.998055421432994,47.090745918707192],[-121.995296430062993,47.087978439853693]],[[-121.956341710182983,47.08422000154907],[-121.9554792418148,47.083201981161139],[-121.955818338092001,47.084098005879],[-121.956341710182983,47.08422000154907]],[[-121.950716313440438,47.077579216764796],[-121.946819719047781,47.072978163118179],[-121.947177996586987,47.074784837008593],[-121.950716313440438,47.077579216764796]],[[-122.103921634751842,47.125506572180043],[-122.101380887737008,47.126389338362692],[-122.101359574411575,47.127619987921207],[-122.103921634751842,47.125506572180043]],[[-122.093751055187013,47.127295523399297],[-122.093751055217169,47.127295524222355],[-122.100734129936001,47.128135875772294],[-122.100893790708824,47.128004183429859],[-122.093751055187013,47.127295523399297]],[[-122.084930059695012,47.128197497671309],[-122.082452981703511,47.129864925148105],[-122.084930059728009,47.128197498767797],[-122.086124732256991,47.13107245594351],[-122.084930059695012,47.128197497671309]],[[-122.080693464478799,47.131049234103557],[-122.075240882477004,47.129562632289385],[-122.080693464114006,47.131049234349099],[-122.080693464478799,47.131049234103557]],[[-122.01694881294641,47.096142396950071],[-122.016671399418996,47.096186844159504],[-122.017721492467004,47.097810626751702],[-122.01694881294641,47.096142396950071]],[[-121.854609648430127,47.216717620698596],[-121.851443256558326,47.218900273079008],[-121.851647790439998,47.219032578419991],[-121.853264289009985,47.218383762860284],[-121.854609648430127,47.216717620698596]],[[-121.855367859584021,47.207639029524401],[-121.856835569592064,47.213989817982061],[-121.857595391304486,47.213640680395059],[-121.856906255757011,47.213886013460701],[-121.855367859584021,47.207639029524401]],[[-121.887371598768468,47.17818670668288],[-121.887628677162368,47.178636752942793],[-121.88898900154102,47.177613829673092],[-121.888873997930176,47.177291627459446],[-121.887371598768468,47.17818670668288]],[[-121.92916888869,47.147191919020699],[-121.927505538561803,47.144752787690848],[-121.927403277099017,47.144814724502204],[-121.928948169983542,47.147317712553779],[-121.92916888869,47.147191919020699]],[[-121.928382076578842,47.147640339722436],[-121.921324001944811,47.149680708736597],[-121.927475024948009,47.1481572712215],[-121.928382076578842,47.147640339722436]],[[-121.911227423370946,47.150328856174895],[-121.911112592172998,47.150329240902991],[-121.911096893288232,47.150238075286673],[-121.910203555805666,47.149616765892496],[-121.910884620021008,47.150466601332596],[-121.908484981942649,47.150874901501211],[-121.91825560404601,47.150440508862509],[-121.918810162126022,47.15030319629561],[-121.911257845098703,47.150328754231275],[-121.911262880791014,47.150353515975496],[-121.911227423370946,47.150328856174895]],[[-121.909282855838498,47.148976403765374],[-121.908912449094018,47.148718773324106],[-121.906908844788418,47.148740671501805],[-121.909282855838498,47.148976403765374]],[[-121.894404113440274,47.147498143393847],[-121.893490456394034,47.147303081631641],[-121.893756451998001,47.14743375004501],[-121.894404113440274,47.147498143393847]],[[-121.892143448461752,47.146641354505078],[-121.891040982847997,47.144421033431392],[-121.890491671511995,47.145829863593008],[-121.892143448461752,47.146641354505078]],[[-121.880880892379778,47.144027609388672],[-121.878111843085946,47.143310094590582],[-121.878620934523013,47.143939974943393],[-121.880880892379778,47.144027609388672]],[[-121.871967744035999,47.13570688347059],[-121.875911056435172,47.140586945616072],[-121.870904972972994,47.132754023938801],[-121.872001397907596,47.137156948670693],[-121.871967744035999,47.13570688347059]],[[-121.872174911093808,47.144632453986247],[-121.871932921357725,47.145286312480373],[-121.872189831977991,47.145275233773098],[-121.872174911093808,47.144632453986247]],[[-121.862496975490018,47.1518791189525],[-121.861111952688006,47.14705391992409],[-121.861672567736875,47.146695706441221],[-121.861656501747632,47.146575742826059],[-121.860389673401016,47.146646216154352],[-121.862496975490018,47.1518791189525]],[[-121.851460885136632,47.147142223895116],[-121.848132330677004,47.145747554703142],[-121.850667458765002,47.147213633982901],[-121.851460885136632,47.147142223895116]],[[-121.843348001526977,47.143742617740365],[-121.841800885937019,47.1430942035947],[-121.840008233504406,47.143306417037422],[-121.843348001526977,47.143742617740365]],[[-121.835516313514987,47.146365034765502],[-121.835334897041577,47.146325490149451],[-121.835155797770014,47.146485993341699],[-121.834834930734914,47.146216507215499],[-121.832272392964995,47.145657882674001],[-121.835109325059989,47.14654837858739],[-121.83140555263401,47.151275702850697],[-121.835249122397997,47.146471335189403],[-121.835465978477814,47.146707668460792],[-121.838967512115914,47.143429603517859],[-121.838504983524004,47.143484348152491],[-121.83539253842784,47.146273833464498],[-121.835516313514987,47.146365034765502]],[[-121.827604326960994,47.149322678469801],[-121.818544663794995,47.147258382996206],[-121.818490216976102,47.147288762604781],[-121.827604326960994,47.149322678469801]],[[-121.807883221684236,47.150479268055541],[-121.807660159071872,47.150502320607607],[-121.807664314688992,47.150608580391598],[-121.807883221684236,47.150479268055541]],[[-121.798012494340995,47.147563554239596],[-121.793527608312999,47.143141257876501],[-121.793454033651926,47.14316779892242],[-121.798012494340995,47.147563554239596]],[[-121.775127537566007,47.142605797031997],[-121.771660489463002,47.140670146542391],[-121.768114463822045,47.139582370090089],[-121.775127537566007,47.142605797031997]],[[-121.762339919786001,47.140771426575093],[-121.768013175100535,47.139551296573735],[-121.767901610276994,47.13951707039331],[-121.759558728111699,47.140432858597691],[-121.762339919786001,47.140771426575093]],[[-121.757534161526564,47.140186353183189],[-121.752254125037012,47.137354739487691],[-121.755067382310983,47.139885953887799],[-121.757534161526564,47.140186353183189]],[[-121.753522799341212,47.135137738951528],[-121.753575389511994,47.135045833570494],[-121.753353800488625,47.134639386998153],[-121.753522799341212,47.135137738951528]],[[-121.745849057867019,47.127580091510509],[-121.751006474017672,47.130333435720004],[-121.750994327368005,47.130311151921696],[-121.752351676073829,47.130230681014758],[-121.745849057867019,47.127580091510509]],[[-121.734520912282747,47.126205241866558],[-121.735148342306019,47.126597422393289],[-121.745849057867019,47.127580091510509],[-121.734520912282747,47.126205241866558]],[[-121.733893394655723,47.125812997431339],[-121.735736229993009,47.121528140031003],[-121.73376974572524,47.125735706722523],[-121.733893394655723,47.125812997431339]],[[-121.709886629806988,47.140593309936499],[-121.706944675746996,47.141656682404097],[-121.706971525610186,47.14169440902127],[-121.709886629806988,47.140593309936499]],[[-121.708442277774012,47.149609139576],[-121.714550592922805,47.150538474273901],[-121.713978491288998,47.14963670291781],[-121.708442277774012,47.149609139576]],[[-121.714923616969983,47.151126433194598],[-121.714586552282285,47.150595153873191],[-121.698114903871186,47.150401595955039],[-121.716536666837086,47.151478580468307],[-121.714923616969983,47.151126433194598]],[[-121.697368190644724,47.150357877811409],[-121.686272585047007,47.149360086460909],[-121.685121259664129,47.149640147279328],[-121.697368190644724,47.150357877811409]],[[-121.677433936561997,47.15227988297881],[-121.658226683387994,47.143966467541105],[-121.677403042167967,47.152450134755632],[-121.677627651722005,47.151708891455797],[-121.679708832651229,47.150956528860519],[-121.677724622030993,47.151439037158987],[-121.669794069847001,47.143808985447293],[-121.677433936561997,47.15227988297881]],[[-121.692846218431995,47.110078101759399],[-121.68359052359402,47.111955954585909],[-121.688141713482523,47.1115732620177],[-121.687757851361994,47.111380262291],[-121.692846218431995,47.110078101759399]],[[-121.694715940771999,47.10771383416381],[-121.692447860065002,47.109383041983897],[-121.692238941720262,47.10940256466867],[-121.692846218431995,47.110078101759399],[-121.694715940771999,47.10771383416381]],[[-121.700034395993427,47.091147362272352],[-121.701075400439379,47.091548528344667],[-121.701135844367016,47.09137886006129],[-121.708856262977662,47.090742470418277],[-121.700034395993427,47.091147362272352]],[[-121.712550078093017,47.074299486712697],[-121.710635667017996,47.077573762396206],[-121.696618776435983,47.076357513462092],[-121.710734019480981,47.077618792308591],[-121.710977249169289,47.078509425070145],[-121.712550078093017,47.074299486712697]],[[-121.708431214377086,47.064210289382245],[-121.708018281374251,47.062753751888721],[-121.707964520746017,47.063066874688509],[-121.708431214377086,47.064210289382245]],[[-121.709214273333004,47.055786811685408],[-121.704225586845013,47.049342396784205],[-121.704054432444991,47.049373018275666],[-121.709214273333004,47.055786811685408]],[[-121.694918053977318,47.04921920320141],[-121.695643029799996,47.050644802437397],[-121.696348902627449,47.050487102255332],[-121.696003568717458,47.049255281623793],[-121.695367398984004,47.049592258803209],[-121.694918053977318,47.04921920320141]],[[-121.693514674675583,47.046459360103853],[-121.698656670469006,47.035684940065693],[-121.693048690675013,47.045542904527608],[-121.693514674675583,47.046459360103853]],[[-121.701750803120476,47.01502346970436],[-121.699555574130002,47.022268842506193],[-121.698656670469006,47.035684940065693],[-121.701750803120476,47.01502346970436]],[[-121.691328903342821,47.045191087857205],[-121.691479663904005,47.045676420360991],[-121.689266500019002,47.046417394515501],[-121.693048690675013,47.045542904527608],[-121.691328903342821,47.045191087857205]],[[-121.686735428708019,47.03963930801541],[-121.689709492323999,47.039977285269906],[-121.686601292714883,47.039542416275694],[-121.686547708540942,47.039877826125277],[-121.686735428708019,47.03963930801541]],[[-121.686070853792756,47.03454550633095],[-121.68604744870251,47.034014555975119],[-121.685434934813003,47.034178401341393],[-121.686070853792756,47.03454550633095]],[[-121.675299315911005,47.025893437470494],[-121.669847796754439,47.018123804408134],[-121.66983360226601,47.018157304180001],[-121.675299315911005,47.025893437470494]],[[-121.670820071140994,46.996805853707691],[-121.674312980983999,47.007583489394904],[-121.671219834556481,46.99610875974976],[-121.663132541680994,46.998730092785991],[-121.670820071140994,46.996805853707691]],[[-121.667176303378582,46.986657228675917],[-121.670237942367962,46.987264614336283],[-121.670235227482408,46.986751745993196],[-121.670191391304002,46.9869740928102],[-121.667176303378582,46.986657228675917]],[[-121.672031274960986,46.977640098484898],[-121.680641137680993,46.973730434088104],[-121.681995654489512,46.972120421550038],[-121.672031274960986,46.977640098484898]],[[-121.682278327290106,46.971784415117831],[-121.682656054568,46.971335411887488],[-121.675696460446019,46.968167649824004],[-121.682278327290106,46.971784415117831]],[[-121.676115769921367,46.964453101671801],[-121.676047377979003,46.96459396348201],[-121.675696460446019,46.968167649824004],[-121.676115769921367,46.964453101671801]],[[-121.688192162153697,46.945876838734222],[-121.688192134302426,46.945876918579629],[-121.701050823788009,46.948700901290692],[-121.701007336216151,46.948597485854926],[-121.688192162153697,46.945876838734222]],[[-121.692131228263335,46.936616006692603],[-121.696178922959021,46.934147175176506],[-121.692092459826014,46.936526835506911],[-121.692131228263335,46.936616006692603]],[[-121.698563582355746,46.926708590776641],[-121.698329071900531,46.927440207820169],[-121.702637956874995,46.92714714726511],[-121.698611891808994,46.92696710682619],[-121.698563582355746,46.926708590776641]],[[-121.697940619293092,46.923374745660297],[-121.696419071793997,46.915230380522502],[-121.696634295077018,46.922332527681199],[-121.697940619293092,46.923374745660297]],[[-121.693522781680002,46.904900492147597],[-121.689755617462993,46.906247271886798],[-121.687955085706932,46.908667521079998],[-121.689130723207995,46.907571014141602],[-121.691577978418763,46.909230299077329],[-121.689482292906007,46.906632419579907],[-121.698841131664594,46.904659636315074],[-121.693522781680002,46.904900492147597]],[[-121.716208005028008,46.893348488990114],[-121.729038628861005,46.879076727819815],[-121.729064455757481,46.879005753629663],[-121.716208005028008,46.893348488990114]],[[-121.756590697443997,46.853770207432291],[-121.746019533809005,46.85739279337831],[-121.759401229347645,46.853569537841651],[-121.756305811611966,46.853508795241027],[-121.756590697443997,46.853770207432291]],[[-121.746377227672411,46.850919480189397],[-121.753748274598607,46.851923998422158],[-121.753482449694062,46.851738289497675],[-121.748190474422984,46.850379705037788],[-121.746377227672411,46.850919480189397]],[[-121.687322128777737,46.848087869464749],[-121.686837047752718,46.847329818383855],[-121.687021704165986,46.848026923706591],[-121.687322128777737,46.848087869464749]],[[-121.677358817636005,46.849026522672609],[-121.684855922405006,46.84925836070849],[-121.687021704165986,46.848026923706591],[-121.677358817636005,46.849026522672609]],[[-121.678741926244214,46.834675918144804],[-121.678574464909005,46.834414082906491],[-121.678549510290964,46.834404789529273],[-121.678741926244214,46.834675918144804]],[[-121.676243732763993,46.830573110313196],[-121.673188614601003,46.829259149066999],[-121.673061316700071,46.829285801344398],[-121.676243732763993,46.830573110313196]],[[-121.672736443307798,46.829353819106821],[-121.666382099491017,46.830683987879773],[-121.666975745130998,46.831183924532084],[-121.672736443307798,46.829353819106821]],[[-121.658616668139999,46.824778252702103],[-121.655898431855178,46.824855005939526],[-121.655940218233013,46.824904066559597],[-121.660579591781016,46.825796780485796],[-121.663645674824394,46.828379358738211],[-121.654596698628723,46.819635220074638],[-121.65820005110001,46.823597480510401],[-121.658616668139999,46.824778252702103]],[[-121.652867273227358,46.817733292556198],[-121.65340013005968,46.816219197258512],[-121.652382503783997,46.817200141152298],[-121.652867273227358,46.817733292556198]],[[-121.655609238662393,46.802895741603344],[-121.655148941849575,46.811249368193174],[-121.656420327963005,46.807635689130493],[-121.655863841227017,46.802819228808502],[-121.655609238662393,46.802895741603344]],[[-121.65202955944018,46.803971418105135],[-121.648946582552,46.804897712933212],[-121.651952894209003,46.804861022453693],[-121.65202955944018,46.803971418105135]],[[-121.646733358486017,46.758998543691],[-121.655362265324484,46.761552164692723],[-121.655370104028009,46.761535518015897],[-121.646733358486017,46.758998543691]],[[-121.653390912742992,46.765738278526193],[-121.654891793106003,46.769791013593604],[-121.655568939608031,46.769923171901809],[-121.653390912742992,46.765738278526193]],[[-121.658988316119007,46.770590458874707],[-121.662676701126017,46.773415305601993],[-121.662955430168111,46.773382752842252],[-121.658988316119007,46.770590458874707]],[[-121.667519564984545,46.788847535878595],[-121.674338960845006,46.79547005647791],[-121.667806768472985,46.788866305190901],[-121.667519564984545,46.788847535878595]],[[-121.693191767117995,46.808193634402606],[-121.700875664023314,46.810103215130297],[-121.700778691573987,46.809998150122404],[-121.693191767117995,46.808193634402606]],[[-121.704410955062087,46.813619855663347],[-121.704878240721968,46.814096690119534],[-121.709625021980003,46.811514217577098],[-121.704410955062087,46.813619855663347]],[[-121.712388154189313,46.821758660288708],[-121.712462511451008,46.82183450986799],[-121.712484579623407,46.82183665192634],[-121.712388154189313,46.821758660288708]],[[-121.71760811947,46.822333851342194],[-121.719442640947989,46.824812428771487],[-121.720929384447757,46.82530496394525],[-121.71760811947,46.822333851342194]],[[-121.727624258715181,46.825728914282422],[-121.727628486718018,46.825647689519293],[-121.725405647319647,46.822957594543873],[-121.727624258715181,46.825728914282422]],[[-121.721738185558962,46.81837577031451],[-121.721849878699473,46.816518110029307],[-121.721641918530011,46.818255490287605],[-121.721738185558962,46.81837577031451]],[[-121.722549331598159,46.810673707676209],[-121.733676065959003,46.8042723659537],[-121.722558460106271,46.810597423635755],[-121.722549331598159,46.810673707676209]],[[-121.722438558490097,46.810315389360142],[-121.722457013761428,46.810022448237028],[-121.720399699073994,46.80844652890449],[-121.722438558490097,46.810315389360142]],[[-121.720629768359018,46.805590643308996],[-121.710452680799094,46.798594178231667],[-121.71016224725102,46.798817513265107],[-121.720629768359018,46.805590643308996]],[[-121.708305063835013,46.786906090917391],[-121.717255215012003,46.790766420282793],[-121.715971648529006,46.794349752802795],[-121.719548119663827,46.784491552403423],[-121.717191675229998,46.790710244359104],[-121.708305063835013,46.786906090917391]],[[-121.959398577601007,47.113026322166299],[-121.959540631288561,47.112947648487264],[-121.955196583128981,47.110279177932597],[-121.959398577601007,47.113026322166299]],[[-121.903204627056994,47.131956530342379],[-121.903204627094013,47.131956530263594],[-121.901255976344672,47.13207301909376],[-121.901255976415982,47.132073019165993],[-121.903204627056994,47.131956530342379]],[[-121.896264321419437,47.127016822829134],[-121.896264321166015,47.127016822572394],[-121.892333469648989,47.127819179269515],[-121.892333469839997,47.127819179539195],[-121.896264321419437,47.127016822829134]],[[-121.893728657649007,47.117224696303595],[-121.895083134836284,47.11668245549054],[-121.893129822448017,47.117124519782507],[-121.89253401841421,47.116774939887343],[-121.889838901036939,47.122313397221525],[-121.892491855101014,47.116990044603803],[-121.896146951256,47.119749580931995],[-121.897109986068045,47.119760080922454],[-121.893728657649007,47.117224696303595]],[[-122.030870320355007,47.175122169327992],[-122.022266508201994,47.173992619143498],[-122.019302845289843,47.174607023610243],[-122.019555460305,47.174586008274296],[-122.019552658343599,47.17459589614144],[-122.030870320355007,47.175122169327992]],[[-122.046429902821146,47.152112790768257],[-122.044721081533226,47.152514498681008],[-122.045037433727003,47.152551425476894],[-122.046429902821146,47.152112790768257]],[[-122.036747854165526,47.154203751334052],[-122.031592173869981,47.154242657988988],[-122.035836993453998,47.154684272424099],[-122.036747854165526,47.154203751334052]],[[-122.023018278673021,47.155103567485106],[-122.020773902855808,47.156485170568608],[-122.020888901177997,47.156486393355692],[-122.023018278673021,47.155103567485106]],[[-122.020655776506302,47.156483914400688],[-121.993810422434677,47.155570676329894],[-121.994267973011006,47.155962735444007],[-122.000187808586006,47.156264416058391],[-121.999478418091996,47.159893487457389],[-122.000187809791001,47.15626441604271],[-122.020655776506302,47.156483914400688]],[[-122.003207131875016,47.170044727421079],[-122.00314676887669,47.170063485602178],[-122.005271185555216,47.17058664478612],[-122.005018975108001,47.170316854061113],[-122.023727949170009,47.172197437790999],[-122.003207131843993,47.170044726324598],[-121.999478418091996,47.159893487457389],[-122.003207131875016,47.170044727421079]],[[-121.994564554722828,47.172390751173836],[-121.992019741415348,47.165385719648881],[-121.99394484801698,47.172565857805388],[-121.994564554722828,47.172390751173836]],[[-121.991249783538649,47.163265912402466],[-121.991179678373996,47.163072894101909],[-121.984883257177955,47.16395718921008],[-121.991249783538649,47.163265912402466]],[[-121.980376334232204,47.164446325267861],[-121.973154239905298,47.160691860824691],[-121.980265401418009,47.164458362445096],[-121.980376334232204,47.164446325267861]],[[-121.963651828150006,47.158981264467698],[-121.970636152447995,47.15683781085469],[-121.973154135077749,47.160691787832491],[-121.970731523385297,47.156604243268958],[-121.963651828150006,47.158981264467698]],[[-121.970722688146722,47.156589334810313],[-121.970695242959991,47.156543024127188],[-121.964643369130329,47.155982439273707],[-121.970722688146722,47.156589334810313]],[[-121.958687221214063,47.157233423587471],[-121.95868722178102,47.157233423785797],[-121.964643351063302,47.155982437599661],[-121.964643350277015,47.155982437526802],[-121.958687221214063,47.157233423587471]],[[-121.9586872111975,47.157233420083472],[-121.953781861618708,47.155198727147344],[-121.954201492806988,47.155664092414497],[-121.9586872111975,47.157233420083472]],[[-121.949949919522552,47.150948703013718],[-121.950613856057998,47.145152549338697],[-121.949562428556945,47.144379579316009],[-121.949949919522552,47.150948703013718]],[[-121.93366297513802,47.138304016885904],[-121.933170619221258,47.138591682931931],[-121.943632579204262,47.140019579259828],[-121.943557567967005,47.139964419755891],[-121.93366297513802,47.138304016885904]],[[-121.932958724400734,47.138715483914702],[-121.931873549746001,47.139349489246896],[-121.933291151217702,47.140546705342253],[-121.932958724400734,47.138715483914702]],[[-121.954781496563001,47.140637272908592],[-121.956355122714996,47.143762512323697],[-121.956334553850112,47.143839780265097],[-121.956451384587751,47.143658738661863],[-121.956324799209014,47.143699212291693],[-121.954781498169993,47.140637272888291],[-121.949994861663001,47.140391056295201],[-121.946124675988997,47.138236770155999],[-121.94602192269501,47.134766795101399],[-121.946021921491663,47.13476679520565],[-121.946124674782979,47.138236770171098],[-121.949994860458006,47.140391056310406],[-121.954781496563001,47.140637272908592]],[[-121.942410459729643,47.135079616328177],[-121.935574796051014,47.131609590726889],[-121.935574794851632,47.131609590744652],[-121.942410458674999,47.135079616419503],[-121.942410459729643,47.135079616328177]],[[-121.904983163308003,47.1256622276954],[-121.925425732598001,47.131759519584399],[-121.925425733793588,47.131759519566792],[-121.904983164914015,47.125662227675797],[-121.904983156577629,47.125662221427369],[-121.904983163308003,47.1256622276954]],[[-121.993789463626996,47.147543835392497],[-121.994037832352177,47.140580062352633],[-121.992752445619686,47.147763968161343],[-121.993789463626996,47.147543835392497]],[[-121.98490879936702,47.149228644000402],[-121.985014092378847,47.149406270183832],[-121.988738626886956,47.148615894602059],[-121.98543027718101,47.148913701501698],[-121.97716552176,47.153092423552899],[-121.98490879936702,47.149228644000402]],[[-121.955494257022849,47.146996194407627],[-121.955251420400018,47.147908290328303],[-121.960449979603993,47.152269890577593],[-121.963556198397001,47.152627108224991],[-121.963556198735418,47.152627108110167],[-121.960449979575003,47.152269889481097],[-121.955494257022849,47.146996194407627]],[[-121.960175238337996,47.143205099462442],[-121.959254150023995,47.142762547801091],[-121.957039628157887,47.143470654625922],[-121.960175238337996,47.143205099462442]],[[-121.979639216396791,47.125927325546243],[-121.979376564177727,47.126225778935073],[-121.979670915407013,47.1260399282016],[-121.979639216396791,47.125927325546243]],[[-121.969341411273817,47.132560645433138],[-121.967951882582994,47.133263628232001],[-121.96762626853463,47.133643118488287],[-121.969341411273817,47.132560645433138]],[[-121.965959439647008,47.135585640869387],[-121.967077473008416,47.139976631153388],[-121.967139440832014,47.13995451125939],[-121.965959439647008,47.135585640869387]],[[-121.966069771440104,47.140336330694844],[-121.963249256204989,47.141155947186697],[-121.963353536044977,47.141305823406412],[-121.966069771440104,47.140336330694844]],[[-121.963917235862667,47.142736807242855],[-121.963340567787554,47.14293693748359],[-121.964029143086009,47.142878590453705],[-121.963917235862667,47.142736807242855]],[[-121.988562393399988,47.155391407959002],[-121.98856239487661,47.155391407722171],[-121.988562329196839,47.155391299676587],[-121.988562393399988,47.155391407959002]],[[-122.218861788734898,47.144714953983886],[-122.218871276607004,47.144659724179604],[-122.20127388372201,47.140178066578585],[-122.218861788734898,47.144714953983886]],[[-122.196118195114991,47.141591732678592],[-122.194541588429885,47.143571869150179],[-122.194541589091017,47.143571869816796],[-122.196118196721983,47.141591732655002],[-122.20127388372201,47.140178066578585],[-122.196118195114991,47.141591732678592]],[[-122.189148059990089,47.14125027122779],[-122.189148058864987,47.141250271181093],[-122.189148051971046,47.141250277692251],[-122.189148059990089,47.14125027122779]],[[-122.178388548451053,47.149921964256414],[-122.173649584503437,47.151260436459928],[-122.176558121729002,47.151396822500701],[-122.178388548451053,47.149921964256414]],[[-122.167259907718048,47.150960552486318],[-122.167018871785871,47.150933904976661],[-122.167040619600002,47.150950254348402],[-122.167259907718048,47.150960552486318]],[[-122.166649399497331,47.150656144340545],[-122.164370176838005,47.148182962022901],[-122.162775978246955,47.147743951543767],[-122.166649399497331,47.150656144340545]],[[-122.123898062818,47.159302227115603],[-122.125282466345993,47.1620251626317],[-122.124620863473709,47.157456763976263],[-122.123898062818,47.159302227115603]],[[-122.117566388355812,47.16051046422119],[-122.117566466849993,47.160538191564001],[-122.125282466345993,47.1620251626317],[-122.117566388355812,47.16051046422119]],[[-122.157172141518018,47.154829740014009],[-122.16070622828525,47.158460538700837],[-122.160704914937,47.158428865933196],[-122.157172141518018,47.154829740014009]],[[-122.160598147062018,47.1586169594094],[-122.160819162411002,47.161183944903698],[-122.160706916663855,47.15847713965811],[-122.150096628108003,47.160727536314788],[-122.160598147062018,47.1586169594094]],[[-122.14652413862099,47.159224669652794],[-122.146625758861816,47.158335731469649],[-122.146188625140383,47.159167886160901],[-122.151618679984011,47.162919479551185],[-122.146504575796001,47.159216538543994],[-122.150096628108003,47.160727536314788],[-122.14652413862099,47.159224669652794]],[[-122.150994621384996,47.165104340101905],[-122.152470437530923,47.166743938184695],[-122.151618679984011,47.162919479551185],[-122.150994621384996,47.165104340101905]],[[-122.144184305414001,47.162983072141898],[-122.139099047749809,47.162369780764024],[-122.139135349484008,47.162403187563001],[-122.144184305414001,47.162983072141898]],[[-122.139068418362569,47.162341593921006],[-122.140727780279462,47.161202123317771],[-122.137917577454814,47.161282499531794],[-122.139068418362569,47.162341593921006]],[[-122.137115292217203,47.161305433449165],[-122.136360935491993,47.161326992148808],[-122.135989749001112,47.163551827053837],[-122.137115292217203,47.161305433449165]],[[-122.135639789028559,47.164250246247022],[-122.134570776651017,47.162755925616501],[-122.135514303680992,47.164500674006604],[-122.135639789028559,47.164250246247022]],[[-122.130555443229014,47.161951940688709],[-122.129494372301451,47.155512227920369],[-122.129326005556521,47.155516938264839],[-122.130555443229014,47.161951940688709]],[[-122.127201002255759,47.155576367473607],[-122.125336888109004,47.155628467907199],[-122.125206795609273,47.155960655752828],[-122.127201002255759,47.155576367473607]],[[-122.135882918128829,47.154359755129541],[-122.13191114034305,47.152448263254755],[-122.135036057793684,47.155040248222946],[-122.135882918128829,47.154359755129541]],[[-122.133518451326992,47.156259658406803],[-122.13462754487864,47.155368499498486],[-122.133167841425319,47.155409394572906],[-122.133518451326992,47.156259658406803]],[[-122.143159462775017,47.159532173627184],[-122.136469177118016,47.154828060760195],[-122.139367609966015,47.156036602146997],[-122.136263622934294,47.154542961999482],[-122.138145587799997,47.157287390171597],[-122.143159462775017,47.159532173627184]],[[-122.131258328092997,47.151906741064337],[-122.131376757658998,47.149520082241899],[-122.13066390550199,47.15141364162929],[-122.131258328092997,47.151906741064337]],[[-122.184852076075714,47.193260443443847],[-122.185140400058998,47.19371860885979],[-122.185298757001746,47.193688645130379],[-122.184852076075714,47.193260443443847]],[[-122.183450629179021,47.191916918757805],[-122.181882090026988,47.193142606228903],[-122.183745474620565,47.19219958518071],[-122.183450629179021,47.191916918757805]],[[-122.171526004069463,47.18266509031028],[-122.171463259554812,47.182684974116484],[-122.177503259537005,47.19190274765301],[-122.171526004069463,47.18266509031028]],[[-122.16081502930902,47.182601371946795],[-122.160819664576948,47.182662634622538],[-122.166087099160009,47.182506538464402],[-122.16081502930902,47.182601371946795]],[[-122.160963643797771,47.184565492110941],[-122.161124245681464,47.18456262271912],[-122.160872374592572,47.183359274934801],[-122.160963643797771,47.184565492110941]],[[-122.157192368609017,47.184632807556696],[-122.157352119921995,47.187552683401101],[-122.157192368628955,47.184632807556362],[-122.157192368609017,47.184632807556696]],[[-122.148434163865659,47.194120722823605],[-122.148619147205352,47.193720704377704],[-122.146226045190005,47.1881479976674],[-122.148434163865659,47.194120722823605]],[[-122.149033692254875,47.195167976102589],[-122.149196231757998,47.19506435482009],[-122.148717436790662,47.19394956112572],[-122.149033692254875,47.195167976102589]],[[-122.14059429329258,47.19872273338121],[-122.139969115860495,47.19647902825654],[-122.139750366027997,47.196447252419901],[-122.139351454720995,47.198185736090501],[-122.14059429329258,47.19872273338121]],[[-122.140241324958282,47.200555262373186],[-122.141049907628997,47.200357773135593],[-122.140869986218107,47.199712110380695],[-122.140241324958282,47.200555262373186]],[[-122.124332259113999,47.197448290426188],[-122.129344530983005,47.199950753081893],[-122.129743245188237,47.199890540287214],[-122.124332259113999,47.197448290426188]],[[-122.180424029918001,47.186840010871997],[-122.18086964272139,47.18665257433576],[-122.180360639743341,47.186746371582906],[-122.180424029918001,47.186840010871997]],[[-122.178128122278551,47.183448289692343],[-122.179717034051279,47.185795623627115],[-122.178722487657012,47.183779884487109],[-122.178128122278551,47.183448289692343]],[[-122.172874288421625,47.182237805554152],[-122.176709307277463,47.182656707655276],[-122.174841240842994,47.181614417753011],[-122.172874288421625,47.182237805554152]],[[-122.148016716556981,47.195023410861793],[-122.148167125176158,47.194698171049495],[-122.146411504200216,47.195021656336785],[-122.148016716556981,47.195023410861793]],[[-122.130583512420998,47.192294944007905],[-122.14121190916201,47.196343210821802],[-122.141482549544833,47.195929684962756],[-122.140694749806002,47.196074793488997],[-122.130630057034026,47.192161483338936],[-122.130583512420998,47.192294944007905]],[[-122.158332921145742,47.168837756194769],[-122.153079884841944,47.167420985435058],[-122.153945183912995,47.168382228584903],[-122.158332921145742,47.168837756194769]],[[-122.158348119538999,47.163106350788198],[-122.158362853005045,47.168840863067615],[-122.158400486340014,47.168844769328103],[-122.158348119538999,47.163106350788198]],[[-121.910314466816004,47.175762223101202],[-121.910316967832003,47.180822110979506],[-121.910432046278899,47.175755164544199],[-121.910314466816004,47.175762223101202]],[[-121.861194738128646,47.211986650947004],[-121.861812469127997,47.211702759412987],[-121.861417083264996,47.208067999895199],[-121.861194738128646,47.211986650947004]],[[-122.178914839577999,47.198203261485894],[-122.180443218989851,47.198097556073805],[-122.17475771641233,47.195821661253639],[-122.178914839577999,47.198203261485894]],[[-122.168121214080017,47.19150290667811],[-122.168121213917431,47.191502906616059],[-122.167585125908005,47.194465187908605],[-122.169813830431991,47.196100403468591],[-122.169813831573961,47.19610040340423],[-122.167585127113995,47.194465187891197],[-122.168121214080017,47.19150290667811]],[[-122.162217833528999,47.189380476160601],[-122.168121177307512,47.191502892645531],[-122.162203084541247,47.189244269263973],[-122.162217833528999,47.189380476160601]],[[-122.141966466566004,47.215392510137896],[-122.139563100094989,47.211050345050296],[-122.141966466599996,47.215392511234406],[-122.148750483063026,47.220871034550321],[-122.148750483109012,47.220871033785308],[-122.141966466566004,47.215392510137896]],[[-122.14772778422298,47.237884403376498],[-122.151725762298994,47.241896531405693],[-122.152023390097014,47.24183347444152],[-122.14772778422298,47.237884403376498]],[[-122.156657949245172,47.240851453306874],[-122.164215720143076,47.239249548429562],[-122.163763410946018,47.2388916365773],[-122.156657949245172,47.240851453306874]],[[-122.166308774098979,47.240905694377801],[-122.170979183740172,47.24124907209994],[-122.170704463471992,47.240858814436507],[-122.166308774098979,47.240905694377801]],[[-122.18455887167606,47.250518403099264],[-122.184558872058005,47.25051840330849],[-122.189197101993003,47.24924522346069],[-122.18455887167606,47.250518403099264]],[[-122.198316934787599,47.255825424630522],[-122.199661622839997,47.255909454163792],[-122.207083867467006,47.252414463507101],[-122.198316934787599,47.255825424630522]],[[-122.208177909436913,47.242962205207391],[-122.208396955699996,47.242590836455093],[-122.208083240116849,47.242545950767749],[-122.208177909436913,47.242962205207391]],[[-122.207219651070915,47.242422385657569],[-122.204057206441348,47.241969832481217],[-122.203411428454004,47.242756559417508],[-122.207219651070915,47.242422385657569]],[[-122.205464237386309,47.24025560533137],[-122.207496034165018,47.238844527261591],[-122.207397097229162,47.237900534201678],[-122.205464237386309,47.24025560533137]],[[-122.171265082544934,47.20411262351832],[-122.170954296725,47.204036328106092],[-122.178618138904994,47.210932470669491],[-122.171265082544934,47.20411262351832]],[[-121.861964553172413,46.912405692680821],[-121.867306442065001,46.914515257283909],[-121.870635550556756,46.914482540872086],[-121.861964553172413,46.912405692680821]],[[-121.801786396543946,46.899398732221329],[-121.801051499608008,46.894669900069303],[-121.800953249532995,46.908725283175905],[-121.80168988802501,46.899353823796098],[-121.801786396543946,46.899398732221329]],[[-121.79469773,46.88822296614719],[-121.793285806305875,46.887024563305744],[-121.801051499608008,46.894669900069303],[-121.79469773,46.88822296614719]],[[-121.787606174793012,46.882203134492691],[-121.782592638908,46.880196125026004],[-121.790460960832135,46.884626699388164],[-121.787606174793012,46.882203134492691]],[[-121.781396554317993,46.869153075770107],[-121.780316398773934,46.867762397889067],[-121.782592638908,46.880196125026004],[-121.781396554317993,46.869153075770107]],[[-121.777351601822716,46.863944865946678],[-121.776719044034536,46.863859620722288],[-121.777772283133928,46.864486580873482],[-121.777351601822716,46.863944865946678]],[[-121.762127961323003,46.861696807786188],[-121.76263338069549,46.86172100328676],[-121.762500016699988,46.861692454309107],[-121.762354435805918,46.86120643895373],[-121.761809773269718,46.861800037665418],[-121.762127961323003,46.861696807786188]],[[-121.753014591059994,46.863741943449504],[-121.749942938263004,46.865649079071197],[-121.757269853938141,46.863272785097813],[-121.753014591059994,46.863741943449504]],[[-121.735427185489996,46.895578011906707],[-121.73521240529081,46.898186811408593],[-121.736859654326693,46.893752879775036],[-121.735427185489996,46.895578011906707]],[[-121.735183604520259,46.898536614402495],[-121.735173008361997,46.898665309936902],[-121.737851496671411,46.901619091562189],[-121.73793584742802,46.900657651429597],[-121.735183604520259,46.898536614402495]],[[-121.732434043665464,46.923737895767353],[-121.732688224036011,46.923574929360498],[-121.734153796525007,46.917323012689096],[-121.732434043665464,46.923737895767353]],[[-121.721741094815997,46.928694708685107],[-121.726321404179004,46.927656509076492],[-121.732006344747319,46.924012109130636],[-121.721741094815997,46.928694708685107]],[[-121.884170324034201,46.803031013194612],[-121.874136679533009,46.808179503760492],[-121.890007170843191,46.801189259039077],[-121.883887204805006,46.803262063328894],[-121.884170324034201,46.803031013194612]],[[-121.827706731611002,46.8296555803445],[-121.82316212559968,46.83586534070146],[-121.823382924730012,46.835737587360299],[-121.827706731611002,46.8296555803445]],[[-121.791243676376993,46.848175108001399],[-121.786342784279995,46.852676569887095],[-121.786359825993372,46.852726489508157],[-121.791243676376993,46.848175108001399]],[[-121.786397128084815,46.852835756734954],[-121.786865650907771,46.854208140356654],[-121.787866134585627,46.853588085475948],[-121.786397128084815,46.852835756734954]],[[-121.776069825463011,46.856005357500194],[-121.767023176661993,46.860357262287692],[-121.766586543334071,46.861030312402221],[-121.776069825463011,46.856005357500194]],[[-121.761867701192571,46.85958143394312],[-121.759238146395006,46.850800760791401],[-121.759931246695189,46.853519039097471],[-121.761867701192571,46.85958143394312]],[[-121.768376061774006,46.845704198212893],[-121.764681057877993,46.845912068495991],[-121.761259385623021,46.840681985310397],[-121.76487690323502,46.846249249940897],[-121.766525285756003,46.845991502644196],[-121.759238146395006,46.850800760791401],[-121.768376061774006,46.845704198212893]],[[-121.762878634156792,46.831498280316168],[-121.763564012429228,46.830639153959041],[-121.762322252680363,46.830835416553775],[-121.762878634156792,46.831498280316168]],[[-121.893307772341018,46.740976715852],[-121.901026053953998,46.739264560366401],[-121.901268639172969,46.738757573099299],[-121.893307772341018,46.740976715852]],[[-121.885621793483239,46.74718009900009],[-121.886351190992997,46.747150106286199],[-121.893307772341018,46.740976715852],[-121.885621793483239,46.74718009900009]],[[-121.878869607386008,46.745122959363705],[-121.878768606569508,46.745144027563597],[-121.878903997228733,46.745147873244022],[-121.878869607386008,46.745122959363705]],[[-121.870795154551615,46.744450224150263],[-121.873225757714621,46.746386637319006],[-121.873735929556943,46.746149779747903],[-121.870795154551615,46.744450224150263]],[[-121.866081999049399,46.739994668249501],[-121.865710944659,46.7403991234888],[-121.866411799426828,46.740957614071618],[-121.866081999049399,46.739994668249501]],[[-121.833727950934005,46.732285202061192],[-121.833717110185376,46.732359606343771],[-121.836264568106998,46.731466253013004],[-121.833727950934005,46.732285202061192]],[[-121.778777898618557,46.816522368903968],[-121.779159550857983,46.816226187667802],[-121.774837145931002,46.810222876191887],[-121.778777898618557,46.816522368903968]],[[-121.882171436716931,46.780356222844802],[-121.881889716260019,46.781073636959604],[-121.884351790052989,46.78743608361799],[-121.882171436716931,46.780356222844802]],[[-121.890522488732429,46.771387822653516],[-121.889785057352995,46.771265290733091],[-121.88956677668142,46.77144593029891],[-121.890522488732429,46.771387822653516]],[[-121.886485762494999,46.801141310387692],[-121.879754726385002,46.796029711683502],[-121.886129727671644,46.80143189351449],[-121.886485762494999,46.801141310387692]],[[-121.803344090645979,46.791687125577695],[-121.797648585703996,46.793478168312198],[-121.797518572053988,46.793647561100833],[-121.803344090645979,46.791687125577695]],[[-121.793286498104649,46.79844313136995],[-121.792876037097997,46.798948660831506],[-121.794021481911997,46.805789642831002],[-121.793286498104649,46.79844313136995]],[[-121.788873030272271,46.819989955318121],[-121.788211093186518,46.821860007988299],[-121.788826275857005,46.820917275414203],[-121.788873030272271,46.819989955318121]],[[-121.783871216420124,46.828509571321938],[-121.780981638984017,46.830927565150198],[-121.781144185941997,46.832686987542608],[-121.783871216420124,46.828509571321938]],[[-121.781259025449373,46.833929958154002],[-121.781277107864511,46.834125669300846],[-121.781398099895227,46.83404169322435],[-121.781259025449373,46.833929958154002]],[[-121.801215113164801,46.820282116722694],[-121.799523493471,46.820595926803904],[-121.796528105175994,46.817281272776697],[-121.799560504026999,46.820679848546],[-121.794714864305959,46.824796610651781],[-121.801215113164801,46.820282116722694]],[[-121.799025526849974,46.789212420334941],[-121.798685996358017,46.789483997060103],[-121.798955226169014,46.791460308088105],[-121.799025526849974,46.789212420334941]],[[-121.837370158861006,46.76267583900011],[-121.832125041273997,46.764794320929902],[-121.82966253881068,46.766913410028366],[-121.837370158861006,46.76267583900011]],[[-121.841159914095954,46.75403292503448],[-121.841111264698,46.753876632971895],[-121.837370158861006,46.76267583900011],[-121.841159914095954,46.75403292503448]],[[-121.849747339394014,46.774898536587806],[-121.850134527395326,46.774981263847131],[-121.848849781808994,46.763727534721895],[-121.849747339394014,46.774898536587806]],[[-121.856633106025996,46.77330804444869],[-121.853891728416983,46.775783952968503],[-121.853444088589214,46.776456263342482],[-121.858405779571825,46.773057469637138],[-121.856633106025996,46.77330804444869]],[[-121.850985548075982,46.780148409885292],[-121.851663185604991,46.783753149852501],[-121.852612430033844,46.77770528149496],[-121.850985548075982,46.780148409885292]],[[-121.818391165393777,46.781513721809503],[-121.818385677663287,46.781498979170706],[-121.816087704667993,46.779236776690993],[-121.81593182594807,46.779270251695394],[-121.818391165393777,46.781513721809503]],[[-121.812035540046011,46.806893975256202],[-121.818254039438997,46.803137610437801],[-121.811761548772012,46.8066504800274],[-121.810374790752007,46.804136281122709],[-121.81259987558002,46.810538144113103],[-121.812035540046011,46.806893975256202]],[[-121.804921008831997,46.817707821877832],[-121.80865591109702,46.815113003034902],[-121.81259987558002,46.810538144113103],[-121.804921008831997,46.817707821877832]],[[-121.851900859972986,46.789905552812492],[-121.851831725100425,46.789817981405257],[-121.843546720663014,46.790558567917103],[-121.851900859972986,46.789905552812492]],[[-121.826505161021004,46.798664027309989],[-121.82950516667502,46.796361903602993],[-121.840018818141999,46.79311439922531],[-121.829200087596007,46.796435166335392],[-121.829128020222214,46.796127400704286],[-121.826505161021004,46.798664027309989]],[[-121.865662149747337,46.749897680175238],[-121.868909627369362,46.748390312321646],[-121.866601053143981,46.749077851452903],[-121.865662149747337,46.749897680175238]],[[-121.861508787112001,46.770931556760694],[-121.861459676094043,46.770866740571613],[-121.861395110956622,46.771009442337814],[-121.861508787112001,46.770931556760694]],[[-121.736416842802555,46.785710377718516],[-121.736797327772791,46.786335166481948],[-121.736799848500993,46.785725485457],[-121.736416842802555,46.785710377718516]],[[-121.736639355568002,46.791151122659095],[-121.736752120220984,46.797261189324601],[-121.736780776690594,46.790337127881045],[-121.736519216897761,46.791035726749797],[-121.736639355568002,46.791151122659095]],[[-121.723035613456986,46.800836425129901],[-121.720989016116008,46.80503966545281],[-121.722464541051181,46.809902966250995],[-121.723035613456986,46.800836425129901]],[[-121.910425630355334,46.842049741609351],[-121.91150487893394,46.842498665464554],[-121.911465189086996,46.842455224710498],[-121.915091352641994,46.841425803796398],[-121.910425630355334,46.842049741609351]],[[-121.915484889252255,46.838854736085167],[-121.914469416727997,46.839102783695701],[-121.915091352641994,46.841425803796398],[-121.915484889252255,46.838854736085167]],[[-121.918791678768002,46.83088311883089],[-121.918528200646136,46.830905589494002],[-121.918822583229812,46.83097240046434],[-121.918791678768002,46.83088311883089]],[[-121.895055510746005,46.82683169986359],[-121.897585984702019,46.829813870354009],[-121.898025914286421,46.829999282021866],[-121.895055510746005,46.82683169986359]],[[-121.901015626109,46.824792864188105],[-121.900993763408195,46.824218147370047],[-121.895055510746005,46.82683169986359],[-121.901015626109,46.824792864188105]],[[-121.900887648899001,46.8214285232851],[-121.896942694205009,46.817567569632303],[-121.900966298440608,46.823496147348685],[-121.900887648899001,46.8214285232851]],[[-121.889765857740016,46.816712511190303],[-121.888182481057612,46.817191548119901],[-121.896942694205009,46.817567569632303],[-121.889765857740016,46.816712511190303]],[[-121.858171677575953,46.827788177033909],[-121.859231862083988,46.827183552947304],[-121.860366908154006,46.824114289863999],[-121.858171677575953,46.827788177033909]],[[-121.850656431681017,46.830180099823899],[-121.854473025528009,46.829897336346306],[-121.857169787065388,46.828359534296347],[-121.850656431681017,46.830180099823899]],[[-121.790866734754999,46.851747312929994],[-121.790812840113759,46.851789491656824],[-121.798587313252014,46.850344079006703],[-121.790866734754999,46.851747312929994]],[[-121.919398167855391,46.848841689668163],[-121.919202026558011,46.84944101031769],[-121.9316102,46.856573265249096],[-121.919398167855391,46.848841689668163]],[[-121.914692860186435,46.845861770437438],[-121.914777128736006,46.845955878532102],[-121.914954748597708,46.846027640715185],[-121.914692860186435,46.845861770437438]],[[-121.885248391581996,46.874557530197393],[-121.889281827813505,46.875659793229055],[-121.881425213426908,46.872221671576739],[-121.885248391581996,46.874557530197393]],[[-121.864095087127765,46.860921923783337],[-121.862769943849003,46.863023702936303],[-121.865123138583002,46.8615331340309],[-121.864095087127765,46.860921923783337]],[[-121.862703585215328,46.860873221027781],[-121.863930756284702,46.860824221585446],[-121.863495958431997,46.860565711553093],[-121.862703585215328,46.860873221027781]],[[-121.813799611185658,46.851913505661443],[-121.825908269516006,46.857260761816192],[-121.814063391189009,46.851848892463906],[-121.813799611185658,46.851913505661443]],[[-121.786539139921999,46.858404876410496],[-121.786681105952255,46.858277902593699],[-121.78465657301102,46.857499461204398],[-121.786539139921999,46.858404876410496]],[[-121.783628070148083,46.864218652453125],[-121.786054553035001,46.859814196659102],[-121.783493758302171,46.864210372033071],[-121.783628070148083,46.864218652453125]],[[-121.901785842948016,46.838455304664208],[-121.890116385954002,46.835869743596596],[-121.880954459389372,46.834873334000946],[-121.901785842948016,46.838455304664208]],[[-121.879953436778649,46.834764420720909],[-121.879416771626012,46.834706026689297],[-121.876361219505995,46.836602762595305],[-121.879953436778649,46.834764420720909]],[[-121.874838249500002,46.833461545953497],[-121.874692796418245,46.833511660692743],[-121.876361219505995,46.836602762595305],[-121.874838249500002,46.833461545953497]],[[-121.816776708497002,47.016905313006099],[-121.823510756790199,47.013495131370547],[-121.821317941291994,47.013900108135893],[-121.816776708497002,47.016905313006099]],[[-121.814180771116412,47.02358987525129],[-121.815054768281016,47.023634175309191],[-121.815660813536141,47.026015237995168],[-121.816056888451143,47.022782153903115],[-121.814180771116412,47.02358987525129]],[[-121.811203508475003,47.0234389169689],[-121.812741977685107,47.023516932840032],[-121.809930743843537,47.022296304063808],[-121.811203508475003,47.0234389169689]],[[-121.799616742901378,47.014438895644595],[-121.800786920693412,47.014718585702376],[-121.80038198881401,47.014354776596903],[-121.799616742901378,47.014438895644595]],[[-121.790895821033999,47.015372831832998],[-121.790977602051555,47.015353897511197],[-121.784763128437021,47.012385570721598],[-121.790895821033999,47.015372831832998]],[[-121.769738671119015,47.016580032372616],[-121.77208920470693,47.012820988513909],[-121.771245802625003,47.012849913860805],[-121.769738671119015,47.016580032372616]],[[-121.757758048256292,46.998649623512712],[-121.763491503411018,47.008711291003308],[-121.757815714879001,46.998673861711403],[-121.757758048256292,46.998649623512712]],[[-121.753639151130315,46.996918254312718],[-121.754420311876999,46.997704104750994],[-121.75433764839832,46.997764846297542],[-121.757609373812144,46.998587133045234],[-121.753639151130315,46.996918254312718]],[[-121.722304219421005,47.014293242089387],[-121.727677792408997,47.012387821639393],[-121.72226109423589,47.014273115019193],[-121.722304219421005,47.014293242089387]],[[-121.708046757834879,47.007637403496545],[-121.715301970895979,47.011024795099303],[-121.710574164614997,47.008203685196108],[-121.708046757834879,47.007637403496545]],[[-121.704062671770473,47.007390874372561],[-121.704816747957068,47.006913600764086],[-121.704245951288001,47.006785681269307],[-121.704062671770473,47.007390874372561]],[[-121.776064658903138,46.94452879960744],[-121.777354924535999,46.944120057395196],[-121.777895031997403,46.944453380000688],[-121.778207862238261,46.943723541206154],[-121.776064658903138,46.94452879960744]],[[-121.771788233951995,46.951127507718695],[-121.773987216291715,46.952203777283849],[-121.769059999445744,46.946902500863672],[-121.768890378855488,46.946938171806394],[-121.771788233951995,46.951127507718695]],[[-121.764850841049906,46.947787591558438],[-121.753071981340895,46.950263436890957],[-121.753422674803005,46.950528822545003],[-121.751760362914013,46.952345864231908],[-121.753742805157998,46.950264982320093],[-121.759334012467008,46.949656660868598],[-121.764850841049906,46.947787591558438]],[[-121.746899463689999,46.945518202417304],[-121.746989338906616,46.945233967373227],[-121.746427339636014,46.945430083847079],[-121.746669281427984,46.945417577488293],[-121.748419722885771,46.946742514183875],[-121.746899463689999,46.945518202417304]],[[-121.750059011116008,46.935524050612202],[-121.752990419606988,46.934144314522705],[-121.758192300898017,46.936252739742606],[-121.760358469438572,46.93631312279765],[-121.753084195471999,46.934123814397601],[-121.753070569583826,46.933783849885828],[-121.750059011116008,46.935524050612202]],[[-121.876195653545182,46.957699223226989],[-121.872881119730621,46.955934223948013],[-121.875517030599013,46.957675270630091],[-121.876195653545182,46.957699223226989]],[[-121.868322791452002,46.950830289521797],[-121.869679812258326,46.955571730137059],[-121.870706626107477,46.954776184845699],[-121.869449987772995,46.954106913437116],[-121.868322791452002,46.950830289521797]],[[-121.862112006855,46.945551071579395],[-121.863468856572098,46.943412261725179],[-121.861485506934997,46.945496339079007],[-121.860347544235879,46.945427961527706],[-121.861679701720007,46.9455487233177],[-121.868322791452002,46.950830289521797],[-121.862112006855,46.945551071579395]],[[-121.853571449526314,46.945020564052477],[-121.853278901250988,46.945002966082598],[-121.849230035513699,46.948102819835249],[-121.853571449526314,46.945020564052477]],[[-121.847466583839974,46.958424534246348],[-121.847589288777996,46.958347212598092],[-121.848392086941971,46.948744298608688],[-121.848346206903983,46.948779420745801],[-121.847466583839974,46.958424534246348]],[[-121.837665722735011,46.95109264801949],[-121.840496185294,46.96281629341189],[-121.846367831825106,46.959116889086303],[-121.840613434515987,46.962194703355905],[-121.837665722735011,46.95109264801949]],[[-121.831323176040001,46.944233857979498],[-121.831421923732009,46.9441818197214],[-121.824568079196595,46.946151773931959],[-121.831323176040001,46.944233857979498]],[[-121.818126415238339,46.948002749002846],[-121.818043301960998,46.948026627902998],[-121.812361058359798,46.953931010651402],[-121.815803589225979,46.955519995757733],[-121.813470108662997,46.953707272747593],[-121.814095279504997,46.952208031132194],[-121.818126415238339,46.948002749002846]],[[-121.802395345171647,46.950243348271783],[-121.802103954374999,46.950116658041097],[-121.802034358764772,46.950148481222385],[-121.802395345171647,46.950243348271783]],[[-121.798339816871859,46.951198851174894],[-121.797176951086215,46.94979478656024],[-121.797871796165182,46.951354940443935],[-121.798339816871859,46.951198851174894]],[[-121.797716372694026,46.951406774992229],[-121.792539690121004,46.9485297334138],[-121.797307123284,46.951543260332798],[-121.797716372694026,46.951406774992229]],[[-121.783531340625657,46.947884547994299],[-121.782944477048446,46.947569279285659],[-121.783445461341003,46.947878393767702],[-121.783531340625657,46.947884547994299]],[[-121.785189665803003,46.941141084733395],[-121.785152355089537,46.941113865781332],[-121.78455345980808,46.941338951825941],[-121.785189665803003,46.941141084733395]],[[-121.854510460926974,46.922758626814279],[-121.855089645739994,46.9229036366523],[-121.864063204038018,46.920478250270293],[-121.854510460926974,46.922758626814279]],[[-121.84863742444702,46.921123488031199],[-121.848465889178783,46.921245033422572],[-121.854127528443982,46.922662750414709],[-121.84863742444702,46.921123488031199]],[[-121.83495531372175,46.92824311228636],[-121.838606785999019,46.927625606071601],[-121.840216164601912,46.926542684859093],[-121.83495531372175,46.92824311228636]],[[-121.843059321937588,46.932519258918795],[-121.843045834188999,46.932303745251502],[-121.838606785999019,46.927625606071601],[-121.843059321937588,46.932519258918795]],[[-121.834237944044673,46.928113132099057],[-121.834384683906009,46.92833960054341],[-121.834679084922058,46.928289820437399],[-121.834237944044673,46.928113132099057]],[[-121.813432530734005,46.916814048453006],[-121.813852872461993,46.919210301265593],[-121.813951700534247,46.919217763658416],[-121.813432530734005,46.916814048453006]],[[-121.806262890488711,46.913047162029613],[-121.806396696468994,46.912193976909805],[-121.807327369960049,46.913588831503908],[-121.807320413306996,46.913575978664809],[-121.805515871858006,46.910254059424297],[-121.806262890488711,46.913047162029613]],[[-121.809237563315989,46.927127143321499],[-121.809522692401998,46.917644499778383],[-121.809352540250657,46.917330181441038],[-121.809237563315989,46.927127143321499]],[[-121.807520274626981,46.935858721697052],[-121.807725371814996,46.9390001647443],[-121.811048486792998,46.942876434334899],[-121.807520274626981,46.935858721697052]],[[-121.801994951469979,46.917494831135798],[-121.800321042822006,46.922065100006407],[-121.799224605289012,46.933833820385196],[-121.800361149787747,46.927872985094453],[-121.799990356354982,46.927286528729397],[-121.801994951469979,46.917494831135798]],[[-121.80593950521498,46.915109038814506],[-121.806112786327674,46.914004234406953],[-121.801994951469979,46.917494831135798],[-121.80593950521498,46.915109038814506]],[[-121.800763109942821,46.937717198684652],[-121.800795584734999,46.937654562380693],[-121.800789821397558,46.937640546515809],[-121.800763109942821,46.937717198684652]],[[-121.79541649843398,46.945841579069786],[-121.795940213195749,46.947017676089899],[-121.797132792659383,46.944718231540037],[-121.79541649843398,46.945841579069786]],[[-121.836181595059998,46.922109145584798],[-121.845447577868995,46.914856127661885],[-121.835192649620637,46.922156371156944],[-121.836181595059998,46.922109145584798]],[[-121.829521734070994,46.922427010298598],[-121.834100218538012,46.92220852848935],[-121.820917229704946,46.920281437789207],[-121.829521734070994,46.922427010298598]],[[-121.885837672160775,46.934885362563207],[-121.886622809228001,46.935248008514996],[-121.895163059544018,46.933756435991704],[-121.885837672160775,46.934885362563207]],[[-121.844005110922183,46.937549168814279],[-121.843363553854999,46.937380028715097],[-121.843075459967466,46.932777118099956],[-121.842511083249036,46.938336836725824],[-121.844005110922183,46.937549168814279]],[[-121.835703371325195,46.941925393149468],[-121.838330115364869,46.940540860592535],[-121.83594677602099,46.941300577830901],[-121.835703371325195,46.941925393149468]],[[-121.869321501960883,46.934184523621049],[-121.869451858394015,46.933978953176805],[-121.869380375213012,46.934009008220976],[-121.869321501960883,46.934184523621049]],[[-121.779632772861987,46.958276393451406],[-121.775432273418204,46.953758302135853],[-121.776295826446997,46.958631684640103],[-121.776324353236021,46.955253700103185],[-121.779632772861987,46.958276393451406]],[[-121.792020623246714,46.96061639072461],[-121.792589806796002,46.960458010627583],[-121.779632772861987,46.958276393451406],[-121.792020623246714,46.96061639072461]],[[-121.782012599460003,46.970190104381096],[-121.775176437628005,46.967152162947293],[-121.771179593592407,46.964313916673547],[-121.774432165218016,46.9670685842068],[-121.782012599460003,46.970190104381096]],[[-121.768405028505995,46.962343380328896],[-121.757189558774996,46.9634825637864],[-121.768813199342361,46.962633282390087],[-121.768405028505995,46.962343380328896]],[[-121.74902704602998,46.959366805036609],[-121.748643417935995,46.969951008829483],[-121.750132887712979,46.961061352227901],[-121.74902704602998,46.959366805036609]],[[-121.742017350141282,46.986935842132382],[-121.749313147320478,46.986725718769186],[-121.748813278208047,46.986192651144542],[-121.742017350141282,46.986935842132382]],[[-121.75271922959702,46.995992773956502],[-121.753022486763157,46.996297867931084],[-121.753431038103002,46.991116614769702],[-121.75271922959702,46.995992773956502]],[[-121.761583490342005,46.953077145450706],[-121.76859033727284,46.953886614971545],[-121.768553379739998,46.953845052658501],[-121.761583490342005,46.953077145450706]],[[-121.718348997169002,46.977150151187004],[-121.717911890330981,46.97035914965015],[-121.717841590104996,46.970402958335399],[-121.718348997169002,46.977150151187004]],[[-121.728325133464722,46.980855393986836],[-121.728172005268988,46.980701633649197],[-121.718348997169002,46.977150151187004],[-121.728325133464722,46.980855393986836]],[[-121.734593946791165,46.987149161435354],[-121.729218964411075,46.981752893338303],[-121.733729382991982,46.987173974161088],[-121.734593946791165,46.987149161435354]],[[-121.822695464262992,46.96506484963021],[-121.82264133978272,46.964593306921245],[-121.820047883513936,46.96748539486169],[-121.822695464262992,46.96506484963021]],[[-121.822167251820005,46.960462635701198],[-121.820155729792575,46.958900427642369],[-121.822574584361135,46.964011710518776],[-121.822167251820005,46.960462635701198]],[[-121.861602512738997,46.960563901870906],[-121.853724765004998,46.967928967918908],[-121.866658559523458,46.957912315688539],[-121.861602512738997,46.960563901870906]],[[-121.834613928349995,46.974830046954992],[-121.833140980553949,46.976143975702406],[-121.853724765004998,46.967928967918908],[-121.834613928349995,46.974830046954992]],[[-121.835212155747058,46.979099390819101],[-121.833019461730643,46.976252371613285],[-121.832960269694979,46.976305171246594],[-121.833870856583715,46.978769824025683],[-121.835212155747058,46.979099390819101]],[[-121.819487545279799,46.968110205531147],[-121.819460771541983,46.96814005941129],[-121.824648567565006,46.970895421395099],[-121.819487545279799,46.968110205531147]],[[-121.881374950251001,46.968341899689491],[-121.881334214066356,46.968072472543042],[-121.880861700970613,46.968450286599221],[-121.881374950251001,46.968341899689491]],[[-121.872080746432147,46.970304204133839],[-121.873783663288492,46.969944731271006],[-121.872121512953001,46.970204607624396],[-121.872080746432147,46.970304204133839]],[[-121.836469166896009,46.994275969429886],[-121.836579778947936,46.994243032658339],[-121.826119781800998,46.991999390859682],[-121.836469166896009,46.994275969429886]],[[-121.900334553126015,47.093275505289391],[-121.889271138598673,47.095393087266537],[-121.889354417182986,47.095419757197888],[-121.900334553126015,47.093275505289391]],[[-121.865113991773981,47.09036369874331],[-121.860230557999003,47.089529738724501],[-121.862662921756694,47.091574450740502],[-121.862740675954001,47.090801218489695],[-121.865369151546616,47.091340682866822],[-121.865113991773981,47.09036369874331]],[[-121.851472214666018,47.080366047063514],[-121.847363082046996,47.070073480578102],[-121.846044438101572,47.068930219538856],[-121.851472214666018,47.080366047063514]],[[-121.841844505237191,47.060434434628277],[-121.842167655037017,47.060759090570599],[-121.843314262259,47.063176073758157],[-121.842844549896,47.060960009122994],[-121.841844505237191,47.060434434628277]],[[-121.840222374253599,47.064427117397919],[-121.838812372694619,47.064700645017005],[-121.839985478694004,47.064873770841196],[-121.840222374253599,47.064427117397919]],[[-121.837054848661921,47.065041560529771],[-121.836015884757998,47.065243078637309],[-121.834078481476993,47.068541395376705],[-121.837054848661921,47.065041560529771]],[[-121.825605689783998,47.066068788691894],[-121.831102308678012,47.068160753154686],[-121.83099563267929,47.072560649558483],[-121.831694446824002,47.068609875227295],[-121.834078481476993,47.068541395376705],[-121.825605689783998,47.066068788691894]],[[-121.805904312710226,47.079286270334336],[-121.805627451047982,47.079507367293203],[-121.800911899083999,47.091076084458606],[-121.805904312710226,47.079286270334336]],[[-121.787848385114003,47.099161959030297],[-121.785751889900084,47.101528359152439],[-121.800911899083999,47.091076084458606],[-121.787848385114003,47.099161959030297]],[[-121.78187018392498,47.105909133979601],[-121.787882961106789,47.106219976189095],[-121.785091884254996,47.1052270505783],[-121.78187018392498,47.105909133979601]],[[-121.800949938563988,47.106894399077902],[-121.802448211970528,47.105593673118307],[-121.803241484695008,47.103629495507597],[-121.800949938563988,47.106894399077902]],[[-121.801031099363371,47.109313975323367],[-121.801023352243007,47.1093266076237],[-121.801041402340886,47.109335372270962],[-121.801031099363371,47.109313975323367]],[[-121.803961685586444,47.112640343112488],[-121.803923110661017,47.112659635562594],[-121.80393402466936,47.112783681109015],[-121.803961685586444,47.112640343112488]],[[-121.804318929513016,47.124760428012998],[-121.801692125120994,47.126077880253192],[-121.801783639990276,47.126251566552796],[-121.804318929513016,47.124760428012998]],[[-121.801847499106586,47.126372764227149],[-121.802167561443014,47.1269801991183],[-121.815280357228019,47.125149343507502],[-121.801847499106586,47.126372764227149]],[[-121.830407086276608,47.118579072613514],[-121.83119001106401,47.118421314087094],[-121.832311367030314,47.117417899316358],[-121.830407086276608,47.118579072613514]],[[-121.832930983846282,47.116863430938906],[-121.833284168144004,47.116547374788183],[-121.831060869574003,47.114570594186283],[-121.832930983846282,47.116863430938906]],[[-121.840857217948994,47.112935888883008],[-121.834364384525998,47.107476309097699],[-121.835593392114816,47.109150129846086],[-121.835604130269004,47.109063917499995],[-121.840857217948994,47.112935888883008]],[[-121.848940527509001,47.122470336999889],[-121.848978671896006,47.122517440185902],[-121.849270503120636,47.122514642005541],[-121.848940527509001,47.122470336999889]],[[-121.848165002894049,47.123959393491397],[-121.844078338718006,47.123092095960288],[-121.848110286058997,47.124056357518391],[-121.848165002894049,47.123959393491397]],[[-121.780842230983353,47.126008058945835],[-121.768327865065004,47.124614074547203],[-121.768319176987077,47.124659569738604],[-121.778571417357,47.126663622095293],[-121.780842230983353,47.126008058945835]],[[-121.78929962961648,47.126327264895941],[-121.790033149934004,47.126392139722007],[-121.787108089355996,47.122672744355505],[-121.78929962961648,47.126327264895941]],[[-121.775094821469011,47.117080087968695],[-121.780902481024995,47.113216626763901],[-121.774592860205004,47.117108368018002],[-121.772032354222446,47.116984139137728],[-121.779583803669013,47.119034560149402],[-121.775094821469011,47.117080087968695]],[[-121.783444651366167,47.11107288147857],[-121.783628777141004,47.111042810587392],[-121.777419736926987,47.108104429269602],[-121.783444651366167,47.11107288147857]],[[-121.762497771156987,47.106649714515285],[-121.746558805625,47.101699550096697],[-121.74654778537591,47.101707049242989],[-121.762497771156987,47.106649714515285]],[[-121.743438585347647,47.101933330140561],[-121.746707358652003,47.097340896836592],[-121.741848984530407,47.102140205818287],[-121.743438585347647,47.101933330140561]],[[-121.722658491752014,47.103260942206091],[-121.730147560911988,47.103694356239707],[-121.730118804137476,47.103773317089669],[-121.730288771527995,47.103643974535395],[-121.735576186173333,47.102956335995408],[-121.722658491752014,47.103260942206091]],[[-121.721294482908007,47.104318172014999],[-121.715155072345013,47.0981474909224],[-121.717729777053009,47.101964950848597],[-121.721294482908007,47.104318172014999]],[[-121.713487810526004,47.090360437085415],[-121.713481676181047,47.090049386849358],[-121.713392064545687,47.090368336650471],[-121.713487810526004,47.090360437085415]],[[-121.713431275517493,47.087493687991909],[-121.713376944553019,47.08473856261049],[-121.711890468240952,47.081853093835861],[-121.713431275517493,47.087493687991909]],[[-121.814950653309126,47.031811077804186],[-121.814326475322005,47.033373600359106],[-121.814728209505148,47.033626230665391],[-121.814950653309126,47.031811077804186]],[[-121.901331805417001,47.073112023079304],[-121.898191798149,47.073448403553101],[-121.904518175847684,47.074325500240256],[-121.901331805417001,47.073112023079304]],[[-121.842505821326,47.03428880794651],[-121.856385392308979,47.037539152565294],[-121.856744627457871,47.03709243963403],[-121.856220752083999,47.037476270582793],[-121.842505821326,47.03428880794651]],[[-121.842183971738578,47.034004492297228],[-121.84237302643858,47.034399863470689],[-121.842505821326,47.03428880794651],[-121.842183971738578,47.034004492297228]],[[-121.832106615713002,47.042859141287998],[-121.830510459954979,47.049044515128692],[-121.832111001871013,47.042980045476909],[-121.841154217968949,47.035419116181494],[-121.831630323741848,47.042516587083348],[-121.832106615713002,47.042859141287998]],[[-121.82450253802898,47.037073718761206],[-121.824031944792537,47.037050896733753],[-121.826529674538421,47.038847749500839],[-121.82450253802898,47.037073718761206]],[[-121.878444138724021,47.0259318247425],[-121.882407016433007,47.023276094954298],[-121.877626895556446,47.025883576809001],[-121.878444138724021,47.0259318247425]],[[-121.840061649986978,47.029565653293737],[-121.840184515918992,47.028477763133381],[-121.839761499009001,47.028937825514099],[-121.840061649986978,47.029565653293737]],[[-121.770083822464471,47.024009860239254],[-121.770967033205508,47.023336849210928],[-121.770760917553773,47.022792514862587],[-121.770083822464471,47.024009860239254]],[[-121.761693585934012,47.025417914379908],[-121.767815277566015,47.025738392681895],[-121.768713561674261,47.025053958269829],[-121.761693585934012,47.025417914379908]],[[-121.709046145302395,47.041698085882267],[-121.710249504192021,47.04106190244439],[-121.71173239167301,47.046731767732005],[-121.712222556366328,47.046568421585611],[-121.710791199312396,47.039040719985678],[-121.709046145302395,47.041698085882267]],[[-121.714929217875991,47.032738164385506],[-121.71442332085789,47.033508778305652],[-121.71496548192016,47.032716820931441],[-121.714929217875991,47.032738164385506]],[[-121.772313797668019,47.026893267375783],[-121.772056838921571,47.02621474996166],[-121.772291076390118,47.026956336356164],[-121.772313797668019,47.026893267375783]],[[-121.768939671540011,47.03625732440949],[-121.770737179509936,47.031269217259812],[-121.768907283573228,47.036280560553749],[-121.768939671540011,47.03625732440949]],[[-121.750786392595018,47.050353222976796],[-121.752327488516997,47.053678170865076],[-121.743396477972993,47.05803811743521],[-121.753134771847016,47.053995002669488],[-121.750786392595018,47.050353222976796]],[[-121.719487632433086,47.063771297170057],[-121.720769042415697,47.062631347262339],[-121.720691108444015,47.062613404145495],[-121.719487632433086,47.063771297170057]],[[-121.78501002992499,47.070353791492501],[-121.785215618741404,47.070374213779353],[-121.790381866390007,47.064654571639601],[-121.78501002992499,47.070353791492501]],[[-121.793333882899006,47.057097650805495],[-121.793017129168277,47.057908623620918],[-121.793870068440569,47.056877140391272],[-121.793333882899006,47.057097650805495]],[[-121.757168085985995,47.065323383526703],[-121.757214069629356,47.065358370255311],[-121.756928851690006,47.059877586728206],[-121.757168085985995,47.065323383526703]],[[-121.732454153418018,47.11429957938271],[-121.732524299467457,47.114289053939707],[-121.728646771157869,47.110296687456035],[-121.732838584858087,47.115146368759653],[-121.732454153418018,47.11429957938271]],[[-121.728101348466311,47.109312260739941],[-121.728010804329998,47.109560821808692],[-121.728071348075133,47.109630876890684],[-121.728101348466311,47.109312260739941]],[[-121.685389849534019,47.120538003978794],[-121.693241760076802,47.127101834673205],[-121.693352003331981,47.127035158429202],[-121.685389849534019,47.120538003978794]],[[-121.871617703201011,47.099550583379603],[-121.871539959672177,47.099558754097437],[-121.878220437894996,47.102136546945097],[-121.871617703201011,47.099550583379603]],[[-121.862156728479007,47.096607725032406],[-121.862209576553866,47.096082285059452],[-121.86111534755598,47.099075079287203],[-121.861888988025584,47.103899631817562],[-121.862287508117006,47.097081709019797],[-121.862868966714117,47.097536484227533],[-121.862156728479007,47.096607725032406]],[[-121.861915217952998,47.104063191519494],[-121.865301814609012,47.107192025991303],[-121.861908600273935,47.104021926317543],[-121.861915217952998,47.104063191519494]],[[-121.866206491810985,47.127424855083596],[-121.866746286519515,47.128037171072947],[-121.866764184507602,47.126432206651373],[-121.866206491810985,47.127424855083596]],[[-121.861153770727995,47.142821629310895],[-121.860463041177823,47.142371857314252],[-121.861494443634925,47.145365637902067],[-121.861153770727995,47.142821629310895]],[[-121.856528543756014,47.12875229021769],[-121.856422797053767,47.127335946108865],[-121.855940009351315,47.129362468256986],[-121.856528543756014,47.12875229021769]],[[-121.825263099612982,47.097013529236897],[-121.823482256154421,47.095923435173759],[-121.826745640156005,47.100347669855999],[-121.825263099612982,47.097013529236897]],[[-121.821202664344995,47.094912911761199],[-121.822260145439188,47.095175312350705],[-121.82126439478705,47.094565732269203],[-121.821154127039719,47.094931382385589],[-121.821202664344995,47.094912911761199]],[[-121.830940742411002,47.072870947556893],[-121.830952404466046,47.072805021577523],[-121.826589059192997,47.076902725537394],[-121.830940742411002,47.072870947556893]],[[-121.687734705999361,47.170880736572592],[-121.687729298902994,47.170866849139408],[-121.687802726655889,47.170752950562957],[-121.677336422926004,47.166280058475294],[-121.687734705999361,47.170880736572592]],[[-121.666617631118044,47.157987686245413],[-121.668122473585598,47.15636025216822],[-121.664078984786073,47.159106044475259],[-121.666641584090996,47.157891763188687],[-121.666617631118044,47.157987686245413]],[[-121.668293919203009,47.156243819896368],[-121.676862719301013,47.154233186894295],[-121.677128320011292,47.153356726943784],[-121.668460427152013,47.156130740155383],[-121.668293919203009,47.156243819896368]],[[-121.816636949382001,47.184963119729503],[-121.814793113036004,47.179917987279602],[-121.813105828730187,47.179351589776118],[-121.816636949382001,47.184963119729503]],[[-121.797780508501091,47.180062798242986],[-121.797786140033011,47.18010800323551],[-121.802494463339002,47.182229821186496],[-121.806411022329002,47.182029019106992],[-121.806472692000128,47.181959370532354],[-121.797780508501091,47.180062798242986]],[[-121.793712103273506,47.174016811988224],[-121.794107988166161,47.173104922350099],[-121.792626512993678,47.173064391924875],[-121.793712103273506,47.174016811988224]],[[-121.79086755897427,47.173016245242799],[-121.782157368290868,47.172777427832969],[-121.789620927327007,47.173132339966209],[-121.79086755897427,47.173016245242799]],[[-121.773994251382007,47.166804687098107],[-121.77384318522023,47.166785688886399],[-121.776482052874698,47.169759762155948],[-121.779395190585007,47.172645954530502],[-121.779575780478027,47.172654552246954],[-121.773994251382007,47.166804687098107]],[[-121.768463232898057,47.167318819972202],[-121.768116139059003,47.167291583227296],[-121.763460818045999,47.168016399127893],[-121.768463232898057,47.167318819972202]],[[-121.763997337139699,47.174123737373073],[-121.765968918794201,47.175017009308839],[-121.764656895908004,47.173461851368586],[-121.765351050500996,47.174426301239805],[-121.763997337139699,47.174123737373073]],[[-121.76605309199627,47.175116777330992],[-121.76501755490446,47.175380171718245],[-121.766073231358007,47.175140647860495],[-121.76605309199627,47.175116777330992]],[[-121.751812811626692,47.17873781366896],[-121.75159092326102,47.178794217717808],[-121.751568112562353,47.179656148693191],[-121.751812811626692,47.17873781366896]],[[-121.888170203272495,47.156939783294597],[-121.886209547926995,47.158914023830093],[-121.886672542530945,47.160773295423517],[-121.888170203272495,47.156939783294597]],[[-121.901595856824997,47.156102200585295],[-121.90174718626416,47.155977747832758],[-121.888472788433063,47.154068382271241],[-121.89028711126592,47.154649521881645],[-121.890349015963011,47.154601943913811],[-121.901595856824997,47.156102200585295]],[[-121.882677427863896,47.153234263749773],[-121.879176761441002,47.153243698486897],[-121.885111481495201,47.153584632657413],[-121.882677427863896,47.153234263749773]],[[-121.872744742760005,47.154281991954299],[-121.876823957571006,47.155636036852698],[-121.876889782972327,47.155569109007736],[-121.872744742760005,47.154281991954299]],[[-121.825766480093634,47.165936874859128],[-121.827853231892021,47.16680138446899],[-121.829150296020231,47.166243497000842],[-121.825766480093634,47.165936874859128]],[[-121.828073211732999,47.162743794447096],[-121.828144596353127,47.162048412956004],[-121.827940683649032,47.162879924822512],[-121.828073211732999,47.162743794447096]],[[-121.829695615600954,47.156579791772053],[-121.829481643172997,47.156595544913692],[-121.829386242118545,47.156984657449428],[-121.829695615600954,47.156579791772053]],[[-121.906514342903293,47.152056851459555],[-121.907812026611197,47.150989395158312],[-121.907749391052988,47.151000051469502],[-121.906514342903293,47.152056851459555]],[[-121.742975958607616,47.16451776791255],[-121.743254516586717,47.164687050632175],[-121.749576624584009,47.161916713003798],[-121.742975958607616,47.16451776791255]],[[-121.741207608517385,47.163371189434955],[-121.741171832619258,47.163421338682618],[-121.741592940226795,47.163677266758171],[-121.741207608517385,47.163371189434955]],[[-121.693403335162003,47.162421038209203],[-121.693236967044555,47.162672276048191],[-121.714415956878,47.1630684414204],[-121.693403335162003,47.162421038209203]],[[-121.796406514444186,47.173105834429464],[-121.796504948291997,47.1731093035946],[-121.798194887703005,47.170586591878696],[-121.796406514444186,47.173105834429464]],[[-121.736804121943806,47.159924535206393],[-121.737468754687939,47.160401088652641],[-121.73690456778499,47.15995286624289],[-121.736804121943806,47.159924535206393]],[[-121.728303092613999,47.157615797532998],[-121.734503959461804,47.159275735581936],[-121.728171206361651,47.1574891566937],[-121.728303092613999,47.157615797532998]],[[-121.722972016054484,47.152883219461451],[-121.723478519151385,47.153040211769664],[-121.723416840043001,47.152980294827898],[-121.722972016054484,47.152883219461451]],[[-121.821176583636799,47.170028699619458],[-121.810728786902004,47.175089488812894],[-121.81050173901555,47.175917934232075],[-121.819729806870015,47.17176385702971],[-121.821176583636799,47.170028699619458]],[[-121.810097888358982,47.178053439374843],[-121.810024719241554,47.177658380612158],[-121.809931605877992,47.177998098430692],[-121.810097888358982,47.178053439374843]],[[-121.757563862937857,47.172685548620869],[-121.754736696650994,47.172053403524501],[-121.753555002985919,47.17278669061956],[-121.757563862937857,47.172685548620869]],[[-121.743999005407019,47.169718931144693],[-121.746688640017013,47.172959599291893],[-121.744742691950492,47.169130374059257],[-121.743999005407019,47.169718931144693]],[[-121.742287496241005,47.165737205625007],[-121.743613621050571,47.166908331861691],[-121.742789012452704,47.165285357661595],[-121.742287496241005,47.165737205625007]],[[-121.794070847215181,47.183210500575306],[-121.792468782694982,47.185088259593897],[-121.794092892216,47.183249260567997],[-121.794070847215181,47.183210500575306]],[[-121.67602593883322,46.934810513250291],[-121.676221101069004,46.935094321333594],[-121.68599082483702,46.939855785865895],[-121.67602593883322,46.934810513250291]],[[-121.673207445285996,46.925649190696291],[-121.672411398930038,46.92524744135617],[-121.673219452544913,46.925864829869234],[-121.673207445285996,46.925649190696291]],[[-121.66357418214001,46.920253084145003],[-121.666687887312989,46.92345605027991],[-121.6693647460054,46.923709747971564],[-121.666320425937002,46.922173064053197],[-121.666476727733354,46.921888004047034],[-121.666316536251998,46.922019866764195],[-121.66357418214001,46.920253084145003]],[[-121.633191395482655,46.919173910887743],[-121.629430001463263,46.918673443241417],[-121.632233853124021,46.919885245118792],[-121.63394810614399,46.927480768280198],[-121.633191395482655,46.919173910887743]],[[-121.627144934225996,46.929398375822799],[-121.627164189622945,46.929474606695294],[-121.63394810614399,46.927480768280198],[-121.627144934225996,46.929398375822799]],[[-121.646332011397831,46.946404185029841],[-121.646460230938004,46.946391022387303],[-121.646047320486772,46.946194403327382],[-121.646332011397831,46.946404185029841]],[[-121.632877420531003,46.950575889579895],[-121.63111814818447,46.948209869542332],[-121.633014194523,46.9518042214346],[-121.640341372612994,46.957739404670491],[-121.632877420531003,46.950575889579895]],[[-121.621781780708758,46.970189573626705],[-121.623089624448014,46.9797837807535],[-121.623672642785863,46.98127897718966],[-121.623537778626996,46.974664680151207],[-121.621781780708758,46.970189573626705]],[[-121.624481455381002,46.983353101399402],[-121.628263113150993,46.985234302205505],[-121.623853945409635,46.981743924887404],[-121.624481455381002,46.983353101399402]],[[-121.609653061871001,46.976410685762794],[-121.604785213236994,46.984646404125904],[-121.606218552414006,46.983052475645998],[-121.609653061871001,46.976410685762794]],[[-121.605201639287998,46.990377412765291],[-121.605853008927539,46.991468793171194],[-121.604785213236994,46.984646404125904],[-121.605201639287998,46.990377412765291]],[[-121.599785370801996,47.014933005165695],[-121.592900867864657,47.01674492385979],[-121.592903509614146,47.017151299138078],[-121.592996072455989,47.016887774746301],[-121.599785370801996,47.014933005165695]],[[-121.576293013210389,46.979699107652792],[-121.576277684503992,46.979713158327286],[-121.580148402888994,46.990387330325589],[-121.576293013210389,46.979699107652792]],[[-121.551080168067017,46.99887970224777],[-121.554661630454007,46.996306188966599],[-121.56092284251001,46.98826085811249],[-121.551080168067017,46.99887970224777]],[[-121.546653833240256,46.999881631218699],[-121.54945894653271,47.000044535399745],[-121.549582640093874,46.999955665314502],[-121.546653833240256,46.999881631218699]],[[-121.520777178740019,46.995628241640297],[-121.528382234147486,46.998818822091216],[-121.529052036116028,46.99885783481681],[-121.520777178740019,46.995628241640297]],[[-121.524236214219883,46.99857724812432],[-121.524433659922906,46.998182026846578],[-121.516497449373006,46.999772639654701],[-121.524014699074002,46.998564336936298],[-121.524236214219883,46.99857724812432]],[[-121.512430448013248,47.004284488940392],[-121.513120160938001,47.004182396906906],[-121.516497449373006,46.999772639654701],[-121.512430448013248,47.004284488940392]],[[-121.524780932295982,46.997486886498699],[-121.518353589248008,46.998494775070597],[-121.524521817760828,46.998005561833999],[-121.524780932295982,46.997486886498699]],[[-121.665526632905383,46.846595387490154],[-121.665224271031718,46.846918310135372],[-121.665667266830994,46.846735849892397],[-121.665762627973649,46.846754539171613],[-121.665526632905383,46.846595387490154]],[[-121.652938869494292,46.835583388447134],[-121.656049607427533,46.837542489909389],[-121.655870641731994,46.837032080207287],[-121.652938869494292,46.835583388447134]],[[-121.65210978312399,46.835173680125003],[-121.646854706953434,46.834937311091942],[-121.647304033945005,46.835254822659898],[-121.652334225216791,46.835284593525813],[-121.65210978312399,46.835173680125003]],[[-121.608398330702002,46.840912353515506],[-121.608127570756437,46.840624944039618],[-121.608476749202907,46.843397811758905],[-121.61063099683102,46.834194413988492],[-121.608398330702002,46.840912353515506]],[[-121.597924229612005,46.836395354161795],[-121.597967905097178,46.836398451289291],[-121.588575148281009,46.832968656830296],[-121.597924229612005,46.836395354161795]],[[-121.584626485583996,46.829499201547193],[-121.583642449544357,46.829271014839527],[-121.588575148281009,46.832968656830296],[-121.584626485583996,46.829499201547193]],[[-121.580471684994151,46.828575338899903],[-121.580628331310095,46.828572010861556],[-121.580515370861576,46.828545812322496],[-121.580471684994151,46.828575338899903]],[[-121.528681169959938,46.807816497845394],[-121.532369154379012,46.805968694718864],[-121.529928961917008,46.806302123703887],[-121.528681169959938,46.807816497845394]],[[-121.527715648146994,46.808988227684615],[-121.52693154034823,46.808751109712901],[-121.532052810142005,46.816111446372595],[-121.527921870322217,46.808737967373595],[-121.527715648146994,46.808988227684615]],[[-121.587149382853994,46.78380433022069],[-121.586871632082591,46.783803555093506],[-121.587263684992863,46.783973768568984],[-121.587149382853994,46.78380433022069]],[[-121.575728705799506,46.785019657825622],[-121.57628368005102,46.785264293604698],[-121.577984923737006,46.783778398815898],[-121.575728705799506,46.785019657825622]],[[-121.645531876056012,46.808197640920298],[-121.645488661633451,46.80815792737932],[-121.645335221642412,46.808364596867172],[-121.645531876056012,46.808197640920298]],[[-121.642217702087862,46.813997850517602],[-121.641279914872015,46.8118071666728],[-121.640529225235511,46.811019122907766],[-121.642217702087862,46.813997850517602]],[[-121.631196655206139,46.820704082321676],[-121.631016612969646,46.820583627948416],[-121.631024188575012,46.820722324786303],[-121.631196655206139,46.820704082321676]],[[-121.622372544523543,46.814720155060506],[-121.615496666358993,46.805957974495996],[-121.622343053126983,46.814705747273493],[-121.622372544523543,46.814720155060506]],[[-121.643566125522014,46.81714746822901],[-121.643420547155841,46.816807447554488],[-121.637245106167995,46.818525987683806],[-121.643420443758018,46.8170995682217],[-121.653214566559996,46.821703712274896],[-121.643566125522014,46.81714746822901]],[[-121.637058881474005,46.8200838495803],[-121.632753754988983,46.81966106398071],[-121.631339336752362,46.820688990134698],[-121.637058881474005,46.8200838495803]],[[-121.59620913724892,46.892205319915021],[-121.595500547143985,46.892576836862702],[-121.595654888035,46.892827535850891],[-121.610594333690997,46.892670681893705],[-121.615431091313795,46.891843681630135],[-121.59620913724892,46.892205319915021]],[[-121.592435324501011,46.883442354121399],[-121.592651172652694,46.882232414850201],[-121.592109015768102,46.883730447407999],[-121.592435324501011,46.883442354121399]],[[-121.581262851712012,46.894217136907699],[-121.565414474709016,46.900824577354726],[-121.565161276571004,46.90125567447221],[-121.581262851712012,46.894217136907699]],[[-121.570406561374838,46.884579578770108],[-121.571121739629007,46.883938656018707],[-121.578751386392,46.893945288978884],[-121.569889688208008,46.881719891414505],[-121.570406561374838,46.884579578770108]],[[-121.566764710186206,46.887842992764199],[-121.563542758477013,46.889519235364801],[-121.553257322082004,46.899942240054592],[-121.566764710186206,46.887842992764199]],[[-121.555225697096006,46.902433784421603],[-121.551533503569004,46.904500654728494],[-121.549892678458647,46.907502193849943],[-121.555225697096006,46.902433784421603]],[[-121.549535020897835,46.907842061634852],[-121.546746349667998,46.905348129528008],[-121.549315163849002,46.908050980328596],[-121.549535020897835,46.907842061634852]],[[-121.660890389817993,46.848188265128407],[-121.651714080084005,46.852481431231091],[-121.662095560332062,46.848206872605346],[-121.660890389817993,46.848188265128407]],[[-121.643908142686726,46.855665492005386],[-121.643961510132982,46.855673217733802],[-121.650242569354006,46.854644742704487],[-121.643908142686726,46.855665492005386]],[[-121.615011525650004,46.8519258708954],[-121.618160464587007,46.85004734206511],[-121.612779264198991,46.852215520462501],[-121.608148879856003,46.852892410214899],[-121.615011525650004,46.8519258708954]],[[-121.608908325201341,46.846824646541613],[-121.609145085807015,46.848704422462816],[-121.612779264198991,46.852215520462501],[-121.608908325201341,46.846824646541613]],[[-121.594615008828995,46.853491101537195],[-121.602227403954004,46.856865545826302],[-121.602343904830121,46.856787385898208],[-121.594615008828995,46.853491101537195]],[[-121.593688932365936,46.865317556051778],[-121.59574219644567,46.868394340858202],[-121.595817873290997,46.866660347872191],[-121.593688932365936,46.865317556051778]],[[-121.578375050096994,46.859072560221392],[-121.578116525854128,46.859354432779412],[-121.579185330262163,46.859220611997728],[-121.578375050096994,46.859072560221392]],[[-121.554066371138006,46.8728423630591],[-121.553686771253282,46.872560431398043],[-121.554170985338999,46.873166000664099],[-121.559144816891873,46.869722937012767],[-121.557923458702021,46.869570545846592],[-121.554066371138006,46.8728423630591]],[[-121.544875287302006,46.8660149023668],[-121.543958877522059,46.86584462337693],[-121.546219363963345,46.867013482774617],[-121.544875287302006,46.8660149023668]],[[-121.540423329749004,46.834382840285798],[-121.530368588535012,46.834181221473884],[-121.539830917642021,46.8343737184668],[-121.542937713839393,46.835759231657157],[-121.540423329749004,46.834382840285798]],[[-121.579277181163562,46.82938266563486],[-121.577287769730006,46.830727162407499],[-121.575739757071702,46.834923580775488],[-121.576048623928003,46.834884510248294],[-121.579277181163562,46.82938266563486]],[[-121.572470341111227,46.835337095169983],[-121.57024262951208,46.835547306748403],[-121.570615341506567,46.835643649433997],[-121.570578483041004,46.835576330899599],[-121.572470341111227,46.835337095169983]],[[-121.554949574047214,46.833149227013131],[-121.557672585736881,46.832883019466074],[-121.556314276772,46.832592459248701],[-121.554949574047214,46.833149227013131]],[[-121.545852428838018,46.837058943333098],[-121.547055180256947,46.836369410366444],[-121.545619326981736,46.836955005002778],[-121.545852428838018,46.837058943333098]],[[-121.571967689245525,46.844673578089122],[-121.573118451162983,46.845862395057203],[-121.591629747265003,46.850500511157897],[-121.571967689245525,46.844673578089122]],[[-121.572245980825016,46.83862168253669],[-121.570777760267319,46.835940289979611],[-121.571932084915446,46.83900157112641],[-121.572245980825016,46.83862168253669]],[[-121.542990366224601,46.865664654239069],[-121.542820982379993,46.865633178306297],[-121.537171847509995,46.868303572276389],[-121.536503232767075,46.868751963656827],[-121.542990366224601,46.865664654239069]],[[-121.529377348350451,46.873530060721144],[-121.528136556023,46.87436191144009],[-121.526158350083364,46.874079259949909],[-121.528327747093002,46.874475493267397],[-121.529377348350451,46.873530060721144]],[[-121.517262588351997,46.852385923591797],[-121.509279097473012,46.844562499707898],[-121.509237473252711,46.844561789582762],[-121.517262588351997,46.852385923591797]],[[-121.598699811977866,46.87802144841892],[-121.59876576430598,46.878017367306306],[-121.598915720936944,46.877808180928348],[-121.598699811977866,46.87802144841892]],[[-121.600526153947683,46.875561542997239],[-121.600917513048003,46.875015544221192],[-121.598949114069555,46.873199091983018],[-121.600526153947683,46.875561542997239]],[[-121.572424347680993,46.879103650871606],[-121.572441573516244,46.878658819197035],[-121.572363702396245,46.879166251789528],[-121.572424347680993,46.879103650871606]],[[-121.630429736170001,46.947283970812492],[-121.619529911079013,46.942948029606612],[-121.630477838557439,46.947348668603077],[-121.630429736170001,46.947283970812492]],[[-121.605539345013995,46.939084030783299],[-121.609254570043788,46.938633379261354],[-121.608195601970991,46.937977352413697],[-121.608188323129241,46.937882749701444],[-121.605539345013995,46.939084030783299]],[[-121.604661865186728,46.945688027275203],[-121.605950876330994,46.944752965497884],[-121.605539345013995,46.939084030783299],[-121.604661865186728,46.945688027275203]],[[-121.607827647728001,46.933194712808103],[-121.60522830964301,46.929859884476286],[-121.6081773366965,46.93773995908851],[-121.607827647728001,46.933194712808103]],[[-121.60988619405579,46.917751049821653],[-121.610342736749644,46.919237936967775],[-121.611213257540001,46.918326915705094],[-121.612288734870987,46.918086608783966],[-121.60988619405579,46.917751049821653]],[[-121.596562309541994,46.9158891357865],[-121.595290153084647,46.916214684796408],[-121.59763758040954,46.916039459068116],[-121.596562309541994,46.9158891357865]],[[-121.536406812587003,46.962352116334699],[-121.536871090898586,46.963162707128163],[-121.535105733261005,46.956620857249703],[-121.536406812587003,46.962352116334699]],[[-121.542523644696018,46.968482454730392],[-121.545593922099314,46.967429289465606],[-121.541167052500995,46.967721239905103],[-121.536988350452333,46.963367428327217],[-121.539300520984,46.967403864916207],[-121.542523644696018,46.968482454730392]],[[-121.582660155897003,46.961049922797407],[-121.582138340116998,46.96100966925578],[-121.582364565653819,46.964412491878669],[-121.584499059779802,46.954202783499774],[-121.582660155897003,46.961049922797407]],[[-121.504753007803998,46.929503355208602],[-121.506450657649353,46.926065707558145],[-121.500495189461006,46.933147910155796],[-121.504753007803998,46.929503355208602]],[[-121.508667255218995,46.921576497783498],[-121.50766868119139,46.918344585526469],[-121.507883008312035,46.923164903365887],[-121.508667255218995,46.921576497783498]],[[-121.507253942961,46.917002161200003],[-121.503912916544991,46.915961255391991],[-121.507396430427633,46.917463371958235],[-121.507253942961,46.917002161200003]],[[-121.502651709755995,46.91092512211339],[-121.501805652857556,46.910652846471983],[-121.503912916544991,46.915961255391991],[-121.502651709755995,46.91092512211339]],[[-121.668090324318527,46.90845560762439],[-121.667891045923994,46.908290123102603],[-121.667714916925277,46.908305875014058],[-121.668090324318527,46.90845560762439]],[[-121.673508852362573,46.91283871671525],[-121.687457054255006,46.909132013312593],[-121.687494467341139,46.909097120117217],[-121.673390097870225,46.912454610777701],[-121.673630379412984,46.9127696201584],[-121.673508852362573,46.91283871671525]],[[-121.519396773677002,46.900707764733305],[-121.519306512801876,46.90066998552787],[-121.518987052265999,46.906226388588799],[-121.519396773677002,46.900707764733305]],[[-121.523905042482639,46.913876663933721],[-121.522760794313001,46.909647901802401],[-121.523822021344017,46.913857057331811],[-121.523905042482639,46.913876663933721]],[[-121.535500882357994,46.916668763964893],[-121.53531049729304,46.916623943769487],[-121.534678093354998,46.920211793588109],[-121.535500882357994,46.916668763964893]],[[-121.541360004387002,46.923376740243292],[-121.540789212236319,46.923106409074293],[-121.539935065647896,46.9254940941642],[-121.541360004387002,46.923376740243292]],[[-121.538991412396555,46.926896189317389],[-121.537238897828004,46.92773468348809],[-121.530738429123986,46.924655075762502],[-121.537967764819001,46.928417047616598],[-121.538991412396555,46.926896189317389]],[[-121.670499952842889,46.91454938586746],[-121.669480174615018,46.9151291238542],[-121.669118492730803,46.917069504925678],[-121.670499952842889,46.91454938586746]],[[-121.629184566152034,46.918640782540287],[-121.628751393120012,46.918583137725697],[-121.622182429144019,46.919467870908292],[-121.629184566152034,46.918640782540287]],[[-121.615466300705037,46.959142815310486],[-121.620412721641543,46.961938612681131],[-121.620407391356991,46.961697909529597],[-121.615466300705037,46.959142815310486]],[[-121.60549563713802,46.971496668542287],[-121.6135950609643,46.958094734181302],[-121.613570721383013,46.958067140222404],[-121.60549563713802,46.971496668542287]],[[-121.604244668585878,46.948827264604382],[-121.605033169670406,46.948386008471921],[-121.604398919007181,46.947666638806645],[-121.604244668585878,46.948827264604382]],[[-121.60087154093398,46.950714768689295],[-121.601899227086051,46.950139730299156],[-121.600694424276625,46.950647343864844],[-121.60087154093398,46.950714768689295]],[[-121.585449154083392,46.950664387531774],[-121.593894582000999,46.948058444215199],[-121.585500665301012,46.950472532274198],[-121.585449154083392,46.950664387531774]],[[-121.518718160370682,47.011249929464178],[-121.519197409877293,47.011091835042151],[-121.519123867913009,47.011093865557299],[-121.520325286800016,47.008208501524692],[-121.518718160370682,47.011249929464178]],[[-121.514582907365408,47.02384740517401],[-121.517413373487287,47.021636293859217],[-121.51733600751399,47.021638252734199],[-121.522887164251998,47.014845844543693],[-121.514582907365408,47.02384740517401]],[[-121.534672808078994,47.022571357402597],[-121.531079983958975,47.02313330237601],[-121.531443509224005,47.023318013916608],[-121.534672808078994,47.022571357402597]],[[-121.530544366697995,47.037618223413794],[-121.529232952148007,47.0311605756931],[-121.530511324900715,47.037662233988407],[-121.530544366697995,47.037618223413794]],[[-121.522142021373497,47.049991910897134],[-121.521880164876578,47.049541413712035],[-121.521702819640069,47.049784881310721],[-121.522142021373497,47.049991910897134]],[[-121.49227003409986,47.046031520515648],[-121.499967018926355,47.056747582074991],[-121.499961612755996,47.056699886906891],[-121.492370873786015,47.046021084794894],[-121.49227003409986,47.046031520515648]],[[-121.501379268908877,47.069204335399846],[-121.500832925459818,47.064385931407564],[-121.501357237609014,47.069183623402004],[-121.501379268908877,47.069204335399846]],[[-121.505590893985996,47.073705019973403],[-121.505377763057552,47.07348051791535],[-121.505690668937007,47.079370812536794],[-121.505590893985996,47.073705019973403]],[[-121.496809807973733,47.083074134619253],[-121.497093151548953,47.082885843084057],[-121.496672571573001,47.082963991059394],[-121.496809807973733,47.083074134619253]],[[-121.472887703516264,47.100008624181228],[-121.474166391097043,47.099943079617034],[-121.473218524209287,47.098118918721404],[-121.472913356405016,47.099967017025079],[-121.457135552366651,47.091638177478636],[-121.458443312248008,47.09288923869201],[-121.472887703516264,47.100008624181228]],[[-121.47457791401601,47.089884755380595],[-121.473711642826203,47.095132295136672],[-121.474966579168012,47.094064608757897],[-121.47457791401601,47.089884755380595]],[[-121.46948712066893,47.085441817472443],[-121.469433038190019,47.085520232523201],[-121.47457791401601,47.089884755380595],[-121.46948712066893,47.085441817472443]],[[-121.466572076095005,47.079251733651994],[-121.472002684208007,47.081794172305798],[-121.466622428522754,47.079213337303287],[-121.466572076095005,47.079251733651994]],[[-121.467044434372028,47.071256734306516],[-121.469961211322001,47.072504530980403],[-121.467052602421361,47.071234925233043],[-121.467044434372028,47.071256734306516]],[[-121.452493420881993,47.082257659113296],[-121.452647839112885,47.082062328403865],[-121.447777610510997,47.082558862126405],[-121.452493420881993,47.082257659113296]],[[-121.444018015492006,47.084930448277291],[-121.449729263923018,47.088572893204102],[-121.451788898763908,47.08881469321036],[-121.444132972033515,47.084770770156368],[-121.443868918021423,47.084931011087093],[-121.443939723439996,47.084939066202487],[-121.431040843966571,47.094502520940736],[-121.431382977542,47.094465212732302],[-121.444018015492006,47.084930448277291]],[[-121.441457856418381,47.084656691299649],[-121.443793271113734,47.084922405133035],[-121.442964822385207,47.084370350929561],[-121.441457856418381,47.084656691299649]],[[-121.430128196408006,47.0826070997282],[-121.419475636355017,47.084285810672192],[-121.420397105970451,47.083468615487966],[-121.414958114902845,47.085168895970384],[-121.415384218034021,47.085232361836894],[-121.430128196408006,47.0826070997282]],[[-121.387542999854006,47.083424112830102],[-121.387110819107008,47.083522286465438],[-121.395580020601003,47.084516929866389],[-121.395667207943291,47.084498274793958],[-121.387542999854006,47.083424112830102]],[[-121.493167324492987,47.035637728160296],[-121.490906113579001,47.034270744895494],[-121.49583591029355,47.038444918846736],[-121.494037840702518,47.034869657018106],[-121.493167324492987,47.035637728160296]],[[-121.494525685664001,47.028053881315699],[-121.487584904608539,47.028952310198413],[-121.489244783522409,47.029055236214752],[-121.489216777739003,47.028967307446401],[-121.494525685664001,47.028053881315699]],[[-121.500672098395,47.024200269150896],[-121.500841868618565,47.024043101627207],[-121.494525685664001,47.028053881315699],[-121.500672098395,47.024200269150896]],[[-121.469412327079183,47.022796333452135],[-121.468691289418985,47.0222968361036],[-121.468371788929815,47.022294534390646],[-121.469412327079183,47.022796333452135]],[[-121.465831276943163,47.02227620055676],[-121.464602031542,47.022267309356486],[-121.461160239725004,47.023201188777996],[-121.465831276943163,47.02227620055676]],[[-121.449943147107604,47.032611395274508],[-121.449498440821017,47.032879336674192],[-121.449522481991067,47.033390691997496],[-121.449943147107604,47.032611395274508]],[[-121.448194310576341,47.077187959711551],[-121.447963729527984,47.077008404437692],[-121.441432286187833,47.076385210740582],[-121.441448770962992,47.076851725741697],[-121.448194310576341,47.077187959711551]],[[-121.455113066425952,47.074926282642146],[-121.45540882006344,47.074788899643934],[-121.455196013581997,47.074852043899803],[-121.455113066425952,47.074926282642146]],[[-121.42738646086319,47.081055127308673],[-121.427724690212997,47.080994249294392],[-121.429638786291989,47.074145637476093],[-121.42738646086319,47.081055127308673]],[[-121.392495675979234,47.061508551584758],[-121.392375038710256,47.061144488906656],[-121.392387990383,47.061452891723093],[-121.392495675979234,47.061508551584758]],[[-121.38845351386,47.05119064216106],[-121.389840390079016,47.055539391023899],[-121.390672162247128,47.056004975465967],[-121.389203840649003,47.051572596203386],[-121.38845351386,47.05119064216106]],[[-121.491652231312784,47.005189033247326],[-121.485826961651,47.005392391127899],[-121.475001992272993,47.003640774112498],[-121.469089756364994,46.99220889571879],[-121.474927795520998,47.003582732651203],[-121.474780549034847,47.003825098486516],[-121.486943883888003,47.005862218997102],[-121.491652231312784,47.005189033247326]],[[-121.460939915147009,47.016678032646901],[-121.461094151229119,47.016913459739563],[-121.469902545764981,47.011852847632809],[-121.460939915147009,47.016678032646901]],[[-121.501043186554497,47.023856726751198],[-121.510675368652386,47.014937541054181],[-121.508290295877003,47.015899216596694],[-121.501043186554497,47.023856726751198]],[[-121.51143787794966,47.026303947092948],[-121.503044142592159,47.030845006118795],[-121.509641227602003,47.027707145407291],[-121.51143787794966,47.026303947092948]],[[-121.501741211195025,47.031464647564121],[-121.497550012266998,47.031770512725707],[-121.501000716847997,47.031816794930592],[-121.501741211195025,47.031464647564121]],[[-121.472504930274994,47.056672694333805],[-121.472497916467418,47.056691432475468],[-121.477729469218005,47.051303143790797],[-121.472504930274994,47.056672694333805]],[[-121.468550033062698,47.067236392835021],[-121.469874650795006,47.066090268650385],[-121.472400855379135,47.05695074017072],[-121.468550033062698,47.067236392835021]],[[-121.675619270508008,47.04615959242431],[-121.671427370018009,47.048715801814005],[-121.671151657970753,47.049754345920768],[-121.67748205665454,47.045828852433004],[-121.675619270508008,47.04615959242431]],[[-121.661685542436061,47.061042510699657],[-121.659550568461626,47.061334695122525],[-121.661289681544005,47.061331966145509],[-121.661295394326942,47.062165930776331],[-121.661302397093451,47.062165668439192],[-121.661685542436061,47.061042510699657]],[[-121.672486312055995,47.061912205179098],[-121.672214414777471,47.061921783195586],[-121.672815181539193,47.062156595618362],[-121.672486312055995,47.061912205179098]],[[-121.670141292055433,47.06987561724582],[-121.682776184666992,47.069557349736293],[-121.670141292055433,47.06987561724582],[-121.670141292055433,47.06987561724582]],[[-121.662993131042001,47.073388122383989],[-121.675069587006007,47.078230993504597],[-121.661360667605123,47.072085699003168],[-121.662993131042001,47.073388122383989]],[[-121.662136214753986,47.068950175739403],[-121.662039701554747,47.068912102092789],[-121.661045125787979,47.071833941298507],[-121.661169745400343,47.071933370493376],[-121.662136214753986,47.068950175739403]],[[-121.650411329945001,47.067469962634398],[-121.655521125966999,47.066340266492091],[-121.650580665802252,47.067301346554132],[-121.650411329945001,47.067469962634398]],[[-121.653257873032587,47.064635341480752],[-121.652304634416538,47.065584629776986],[-121.653326657527003,47.064696739120699],[-121.653257873032587,47.064635341480752]],[[-121.649577376779007,47.061349834729697],[-121.650424901986185,47.061348581935846],[-121.647542910303997,47.060769560601905],[-121.653004033669262,47.064408760685161],[-121.649577376779007,47.061349834729697]],[[-121.648090688601997,47.053953807201204],[-121.647487142997818,47.060796758452987],[-121.647542910303997,47.060769560601905],[-121.648090688601997,47.053953807201204]],[[-121.632960191660018,47.071756598928403],[-121.63290772602457,47.071722066554912],[-121.632613423374238,47.072133317532156],[-121.632960191660018,47.071756598928403]],[[-121.62788961149802,47.077264479476803],[-121.628536774867086,47.07656158006305],[-121.627686228231866,47.077343313319894],[-121.62788961149802,47.077264479476803]],[[-121.586958721059986,47.080193653703397],[-121.587008858773885,47.080168236688465],[-121.586587648719984,47.068422144115502],[-121.586958721059986,47.080193653703397]],[[-121.588083204615913,47.057196884309789],[-121.588479215349594,47.058680664193702],[-121.588510174662986,47.058646604110791],[-121.588083204615913,47.057196884309789]],[[-121.586603601568129,47.052172490981022],[-121.586511342679998,47.053542758583809],[-121.584089848216465,47.052675346383076],[-121.587264100808454,47.054415510061823],[-121.586603601568129,47.052172490981022]],[[-121.581287290004013,47.054334537651798],[-121.582952956706109,47.052268069172953],[-121.582714675030005,47.052182705527294],[-121.581287290004013,47.054334537651798]],[[-121.575518898371996,47.055794188588301],[-121.575673754017615,47.055708565902172],[-121.572243149724017,47.051234069642092],[-121.575518898371996,47.055794188588301]],[[-121.585851054650092,47.024886099713441],[-121.591450497815003,47.021287629074699],[-121.592096668002213,47.019448242319633],[-121.585980658572296,47.024347977717397],[-121.586128784544016,47.024344848733605],[-121.585851054650092,47.024886099713441]],[[-121.559842212649457,47.00650337283929],[-121.56781869804702,46.99954093989529],[-121.568134383613597,46.99898210314911],[-121.560051968178016,47.006258905100395],[-121.55976667876152,47.006393333439426],[-121.559842212649457,47.00650337283929]],[[-121.543887248820994,47.013640616395605],[-121.544025041856543,47.013577626115605],[-121.543888117266448,47.013538831193877],[-121.543887248820994,47.013640616395605]],[[-121.543959203604985,47.005204094123194],[-121.543952316540356,47.006011860865293],[-121.54473541554654,47.004530966624117],[-121.543959203604985,47.005204094123194]],[[-121.67875627986632,47.04215845275175],[-121.678480290989995,47.042062848577658],[-121.679356986765697,47.042755317012954],[-121.67875627986632,47.04215845275175]],[[-121.672402616986005,47.039957252399802],[-121.667072812019995,47.029785701364304],[-121.66666792470896,47.029654561817345],[-121.672402616986005,47.039957252399802]],[[-121.658136163722972,47.026890716950085],[-121.657575216359362,47.026708967179225],[-121.657577173836017,47.026732738960007],[-121.658136163722972,47.026890716950085]],[[-121.653578910230337,47.03191513749092],[-121.650882415008994,47.033542347117503],[-121.649435338339998,47.037284649074614],[-121.653578910230337,47.03191513749092]],[[-121.651837172935487,47.03940420577041],[-121.651903920414014,47.039333007003798],[-121.649435338339998,47.037284649074614],[-121.651837172935487,47.03940420577041]],[[-121.651321410259385,47.039954356041967],[-121.649122449578996,47.04175512414281],[-121.649038798860715,47.041745676549553],[-121.651442532977626,47.04538187940193],[-121.651726760236983,47.043954463276904],[-121.649518453748996,47.041877412578899],[-121.651321410259385,47.039954356041967]],[[-121.652991371728987,47.047589836680189],[-121.654490192582188,47.047649312419047],[-121.652364377344824,47.046776239364711],[-121.652943444749837,47.04765208261724],[-121.652991371728987,47.047589836680189]],[[-121.58670302449417,47.050695727613075],[-121.592466290768016,47.045785706080004],[-121.586765916292009,47.049761524283902],[-121.58670302449417,47.050695727613075]],[[-121.589781364134552,47.042685540794096],[-121.589754991791992,47.042815288759599],[-121.592466290768016,47.045785706080004],[-121.589781364134552,47.042685540794096]],[[-121.590423155278614,47.039527816816246],[-121.590590658170584,47.038816714587654],[-121.590563438499998,47.03883754578731],[-121.590423155278614,47.039527816816246]],[[-121.593976915301212,47.036170673041546],[-121.594047622914019,47.036116106914008],[-121.593447147286639,47.035401799156055],[-121.593976915301212,47.036170673041546]],[[-121.592890832205796,47.034594370384966],[-121.597246101197996,47.035638227159595],[-121.592812973183015,47.034481364641493],[-121.592890832205796,47.034594370384966]],[[-121.656933735540107,47.018917770692731],[-121.657737880146016,47.015795180990906],[-121.656432883798189,47.01283322814281],[-121.656933735540107,47.018917770692731]],[[-121.570494560510994,46.994803634673396],[-121.571721001762015,46.988058311909491],[-121.569228996334189,46.997044284915162],[-121.570494560510994,46.994803634673396]],[[-121.66236149557453,46.986151054802633],[-121.660628425593003,46.985968807830695],[-121.654165757979072,46.986953198063311],[-121.66236149557453,46.986151054802633]],[[-121.65333998338447,46.987078950632934],[-121.653101532457995,46.987115261761197],[-121.649244187809998,46.990003777097101],[-121.65333998338447,46.987078950632934]],[[-121.632168227751109,46.998900263885318],[-121.632046436387,46.998994212706101],[-121.63168629118438,46.99991132032374],[-121.632168227751109,46.998900263885318]],[[-121.629022059125617,47.006694727110165],[-121.628913225864011,47.006971788592693],[-121.630254091566997,47.013660017078898],[-121.629022059125617,47.006694727110165]],[[-121.63505795220712,47.021664747087684],[-121.635162398461006,47.021333991527591],[-121.630254091566997,47.013660017078898],[-121.63505795220712,47.021664747087684]],[[-121.680013980554008,47.043408089418406],[-121.67992482207751,47.043319504956777],[-121.67342128850548,47.043184494049413],[-121.680013980554008,47.043408089418406]],[[-121.672911311572506,47.044545674893158],[-121.670929111561975,47.043132659354747],[-121.66733459575255,47.043057801477097],[-121.672911311572506,47.044545674893158]],[[-121.655551040917715,47.047691396741847],[-121.657168598414003,47.047755546932208],[-121.662275601099466,47.045771460154917],[-121.659856196852019,47.046016616540001],[-121.654968980022019,47.044477081310703],[-121.659856332589001,47.046595476975],[-121.655551040917715,47.047691396741847]],[[-121.673092386674284,47.044674749275515],[-121.671655043227162,47.044820542735238],[-121.673298480322998,47.044821656339089],[-121.673092386674284,47.044674749275515]],[[-121.571278952264947,47.068689189188134],[-121.578708036036019,47.070647224893506],[-121.571322668152007,47.068637059002199],[-121.571278952264947,47.068689189188134]],[[-121.568133375848049,47.073340364169617],[-121.570769249524218,47.069296989029851],[-121.567201731226746,47.073550650570255],[-121.568133375848049,47.073340364169617]],[[-121.542771414032771,47.076274194248398],[-121.548120021085055,47.074132191537387],[-121.546679578119011,47.073997419333494],[-121.542771414032771,47.076274194248398]],[[-121.53986643414396,47.077437398243738],[-121.539905664690153,47.077421690493189],[-121.534913842484016,47.073961173884008],[-121.53986643414396,47.077437398243738]],[[-121.525497863326379,47.05528328791187],[-121.525384142722999,47.055433008144895],[-121.534913842484016,47.073961173884008],[-121.525497863326379,47.05528328791187]],[[-121.59433474293175,47.112252035887494],[-121.593472381230981,47.1093860473582],[-121.591847732077014,47.108539881197508],[-121.59433474293175,47.112252035887494]],[[-121.589930145773337,47.107541080776393],[-121.588406615758998,47.106747480605001],[-121.579407182535988,47.107714218901194],[-121.589930145773337,47.107541080776393]],[[-121.573800929504799,47.102840832044784],[-121.573339236205967,47.103172813677389],[-121.57360644382031,47.10327636755936],[-121.573535311949016,47.1032219418164],[-121.573800929504799,47.102840832044784]],[[-121.569064950856045,47.101654204433395],[-121.567490491129007,47.101059615663701],[-121.560234467466785,47.101725434898668],[-121.569064950856045,47.101654204433395]],[[-121.556836805429697,47.101752660399072],[-121.555141605651571,47.101207057850154],[-121.555538213532984,47.101763039387798],[-121.556836805429697,47.101752660399072]],[[-121.553535790348789,47.101991658680475],[-121.553441404246982,47.098823499599305],[-121.55364808973863,47.099113270101526],[-121.551458221642989,47.092869171055803],[-121.553535790348789,47.101991658680475]],[[-121.55363734682588,47.105400241624018],[-121.547396720855019,47.1150627866581],[-121.553669654438011,47.10648453988609],[-121.55363734682588,47.105400241624018]],[[-121.544504915976006,47.123201871464595],[-121.550199958054009,47.123242966105984],[-121.546409070058985,47.122783193582791],[-121.545623743619018,47.121945159225497],[-121.544779527102023,47.121992069478132],[-121.546552890605,47.12286585117451],[-121.546514305997889,47.122861352623296],[-121.546901438579013,47.123033335228889],[-121.544504915976006,47.123201871464595]],[[-121.535988657086804,47.122516695948427],[-121.539367136118997,47.122830902327394],[-121.540676683298685,47.122219960694395],[-121.536071994267004,47.122475549125802],[-121.535988657086804,47.122516695948427]],[[-121.531627838142995,47.124669627600596],[-121.516126950041993,47.121434882888096],[-121.520366817120006,47.122946352108507],[-121.505515757146,47.127331433247292],[-121.521296973929012,47.123078102534492],[-121.521119017636678,47.12359656110926],[-121.531627838142995,47.124669627600596]],[[-121.512921669180614,47.122846974749606],[-121.513710349343995,47.1229690145679],[-121.516126950041993,47.121434882888096],[-121.512921669180614,47.122846974749606]],[[-121.511411506879327,47.122613276624563],[-121.509798059285401,47.122216885597091],[-121.509978553132996,47.122391506305597],[-121.511411506879327,47.122613276624563]],[[-121.505245551510015,47.117812045900109],[-121.499972184039706,47.11824193791643],[-121.500000365869994,47.118252581002096],[-121.505245551510015,47.117812045900109]],[[-121.499620838361878,47.118109248576779],[-121.493335276671999,47.115559495146684],[-121.493158052907987,47.115668202369307],[-121.499620838361878,47.118109248576779]],[[-121.490991846137419,47.116852670880462],[-121.491372646468406,47.11762326733421],[-121.492688498300623,47.115956218792768],[-121.491085535796998,47.116939408982404],[-121.490991846137419,47.116852670880462]],[[-121.483258621966002,47.116585861200988],[-121.481487640147165,47.117594408578022],[-121.490974233124135,47.116836364672679],[-121.490372977675918,47.11627971212075],[-121.483258621966002,47.116585861200988]],[[-121.473759643495981,47.10862202258388],[-121.480010483737018,47.109074997372517],[-121.481059074341999,47.11096827017559],[-121.480196030682009,47.108581889030688],[-121.476009077249003,47.106564369773309],[-121.480186952392998,47.108802638142599],[-121.468667161260996,47.10574705364909],[-121.480035961446021,47.108954411922703],[-121.473759643495981,47.10862202258388]],[[-121.439461355782981,47.1026742415931],[-121.437490445697009,47.101328409258805],[-121.435174182238157,47.101648541757882],[-121.439461355782981,47.1026742415931]],[[-121.422951918107998,47.098723290890355],[-121.421925558544999,47.098425062535703],[-121.421587394758305,47.098396608368311],[-121.422951918107998,47.098723290890355]],[[-121.413700810698359,47.097442994271276],[-121.41138816381806,47.097812178458156],[-121.418353623593376,47.098124456796661],[-121.413224730995992,47.097692620730896],[-121.413700810698359,47.097442994271276]],[[-121.656668511039001,47.115445680028898],[-121.656652324454569,47.115551278619968],[-121.660902993332002,47.116659635052791],[-121.650685233798001,47.112973702532592],[-121.656668511039001,47.115445680028898]],[[-121.655424599113999,47.1235594375921],[-121.657445251684919,47.124985089088632],[-121.657491595052008,47.124922233204202],[-121.655424599113999,47.1235594375921]],[[-121.662303639547062,47.159947220658516],[-121.662449823376178,47.159877959373802],[-121.633330482200009,47.142466780117196],[-121.658272078455994,47.158501741762592],[-121.649366530581005,47.1550911223759],[-121.649045354328635,47.15512867768259],[-121.655873196628008,47.158613774244287],[-121.662303639547062,47.159947220658516]],[[-121.585578050500004,47.094459895531912],[-121.585485318583437,47.094437122775034],[-121.584851652005611,47.094892971660883],[-121.585578050500004,47.094459895531912]],[[-121.560210786417443,47.091885043905918],[-121.560561931757007,47.092090534567596],[-121.563693541734793,47.092106181113103],[-121.560210786417443,47.091885043905918]],[[-121.553403856909569,47.087901099234543],[-121.555155137627992,47.088926179731061],[-121.549339929997018,47.08517722630301],[-121.549169407714743,47.085190286872134],[-121.553403856909569,47.087901099234543]],[[-121.540048508433983,47.115994835095293],[-121.536604533189006,47.115492349963297],[-121.540089716255636,47.116038821083912],[-121.540048508433983,47.115994835095293]],[[-121.568868864897013,47.089612229130815],[-121.571598557807008,47.090703835767982],[-121.568826861961426,47.089497623319886],[-121.568868864897013,47.089612229130815]],[[-121.572632166924492,47.084144179477448],[-121.567911158966012,47.08699898772079],[-121.572828448194997,47.084471375399886],[-121.572632166924492,47.084144179477448]],[[-121.570203325641984,47.082282333460391],[-121.572307005599512,47.083602134357022],[-121.571092616847622,47.081577640190318],[-121.570203325641984,47.082282333460391]],[[-121.572606290638006,47.080378113364702],[-121.571317527053921,47.081399412458026],[-121.581870229304002,47.0784153532815],[-121.572606290638006,47.080378113364702]],[[-121.543176016682651,47.085330414865318],[-121.540867251702466,47.079879597964869],[-121.541178622892019,47.083221485262492],[-121.543176016682651,47.085330414865318]],[[-121.546884376714274,47.085365275816251],[-121.543457517453064,47.085627618816453],[-121.543598544394982,47.085776511288898],[-121.546884376714274,47.085365275816251]],[[-121.611917883754003,47.104786838136405],[-121.609890698909453,47.09794919944899],[-121.609844442227995,47.097970783357795],[-121.611917883754003,47.104786838136405]],[[-121.619519139380984,47.125318069532071],[-121.61758809595301,47.121920736124501],[-121.619202826629007,47.125370471306908],[-121.619519139380984,47.125318069532071]],[[-121.638454889676012,47.120799687393898],[-121.633433978661003,47.123011905115753],[-121.635933619259987,47.1225974281733],[-121.638454889676012,47.120799687393898]],[[-121.526615728347934,47.053811497491246],[-121.527455103524005,47.052929533691298],[-121.527296448487263,47.052915209664526],[-121.526615728347934,47.053811497491246]],[[-121.40628895684101,47.088380282666286],[-121.411518320040003,47.090592541780794],[-121.414174854432474,47.089836785796798],[-121.411228895631979,47.0903956697966],[-121.40628895684101,47.088380282666286]],[[-121.393830212261548,47.088983611379085],[-121.392599818663555,47.088826541142502],[-121.39331713402801,47.08900842837501],[-121.393830212261548,47.088983611379085]],[[-121.384223245412727,47.087756825238706],[-121.380298997887749,47.087255461065958],[-121.382393555568996,47.088182344325801],[-121.384223245412727,47.087756825238706]],[[-121.432370424105528,47.086382917021304],[-121.427244977194206,47.087356164804611],[-121.428447621139981,47.087394519483901],[-121.432370424105528,47.086382917021304]],[[-121.475888232931283,47.103569673061529],[-121.475869398655007,47.1031029113527],[-121.473640143776308,47.100828819719233],[-121.475888232931283,47.103569673061529]],[[-121.472591674110006,47.117205511826199],[-121.464371363947365,47.126202981044358],[-121.467515669844985,47.123501457551797],[-121.472841769539997,47.12251714882639],[-121.467602077658015,47.122752039467599],[-121.472591674110006,47.117205511826199]],[[-121.492231454299997,47.134357231932185],[-121.499127448067341,47.130710508910568],[-121.496502346255014,47.130858211199296],[-121.49636431608856,47.130255984211701],[-121.492231454299997,47.134357231932185]],[[-121.494425157459006,47.121794032241603],[-121.492792461254211,47.120496234893722],[-121.495281838192611,47.125532668592342],[-121.494425157459006,47.121794032241603]],[[-121.531253641688878,47.12962139278212],[-121.532005354449268,47.129039934883174],[-121.531239101010996,47.12939886318869],[-121.531253641688878,47.12962139278212]],[[-121.514708622219757,47.142265452832753],[-121.520553311674988,47.128745934921],[-121.520704169846766,47.124805138504286],[-121.514708622219757,47.142265452832753]],[[-121.544419191523019,47.127196074212506],[-121.554902606556197,47.129357095191914],[-121.554861853402016,47.129284684271099],[-121.544419191523019,47.127196074212506]],[[-121.555052428477154,47.129623299632946],[-121.557700647692798,47.138065460559069],[-121.557998263451012,47.134856906844888],[-121.555052428477154,47.129623299632946]],[[-121.557582936808217,47.139334364369688],[-121.552694690335642,47.143890599399057],[-121.557554418460001,47.139641777136703],[-121.557582936808217,47.139334364369688]],[[-121.659985706527891,47.160220291876897],[-121.661068264821012,47.160532521231808],[-121.662115491717174,47.160036363765705],[-121.659985706527891,47.160220291876897]]],[[[-122.632085092706276,47.266136898615073],[-122.632146981440997,47.266515433678791],[-122.62907781942701,47.268453954291701],[-122.627238564093005,47.261188904792498],[-122.628117444255082,47.261173108696752],[-122.628272032163011,47.259938210336493],[-122.624176578735998,47.259664043415299],[-122.620826633451372,47.25724944157632],[-122.620805944150007,47.257705919711697],[-122.609629074099999,47.250952924501398],[-122.603648801343994,47.244815153123],[-122.603567281055476,47.243675993045173],[-122.601256893433998,47.240810757142086],[-122.602732679457816,47.240709891772461],[-122.600510109287001,47.238551493353192],[-122.599637035101992,47.24215284296281],[-122.589379872481004,47.236412178640194],[-122.598800881800003,47.235420901058106],[-122.589177322653015,47.23601381869161],[-122.589681208537996,47.233051665614497],[-122.590364238932423,47.231992327148902],[-122.590516879684003,47.228034570159195],[-122.594371819827018,47.225288763570305],[-122.602385090626015,47.218612490307407],[-122.608089558554013,47.218362003989405],[-122.615037360098,47.222446312443402],[-122.624748555672014,47.234534115664097],[-122.631727623337994,47.239244957848392],[-122.634371727385002,47.244067598937789],[-122.653340519398981,47.259083971314787],[-122.668226456720006,47.270382779982505],[-122.669739657191002,47.274247319227598],[-122.66714675554671,47.276807262103915],[-122.667259262011981,47.27703632688609],[-122.664869134653998,47.278480521045402],[-122.665068598789006,47.277131521930308],[-122.660528874493011,47.276186168626708],[-122.661009377559722,47.275686551143039],[-122.660335120829004,47.276100527898485],[-122.657412770351996,47.274130216749903],[-122.653942900636011,47.274212131771002],[-122.653691032658998,47.2720779704905],[-122.655556962521004,47.271110309749524],[-122.652625930867018,47.272405783106592],[-122.652688745229867,47.272144754314951],[-122.651439174813007,47.272762663511287],[-122.651710082509993,47.269217900807099],[-122.646770173559005,47.271362412813595],[-122.646740467214997,47.268554835825014],[-122.648990156455994,47.268687971671604],[-122.648116937440008,47.266678376125903],[-122.639760830610982,47.261991561617798],[-122.633378677400998,47.266947293480087],[-122.633943255470172,47.265446627805431],[-122.633244057145006,47.265030268125393],[-122.632085092706276,47.266136898615073]],[[-122.631153597527913,47.261118488030554],[-122.631312792748673,47.260466436147993],[-122.629257664735206,47.261152605476155],[-122.631153597527913,47.261118488030554]],[[-122.641068805964395,47.258125890003534],[-122.640657742708001,47.2581626005936],[-122.640273405124006,47.259453268332493],[-122.641068805964395,47.258125890003534]],[[-122.644647105311449,47.258403082670128],[-122.643916561741221,47.257871525199519],[-122.641587722024909,47.258079545285455],[-122.644647105311449,47.258403082670128]],[[-122.648644362945021,47.262552399672202],[-122.648244895227151,47.260054470010211],[-122.64730658065335,47.260233150230029],[-122.648644362945021,47.262552399672202]],[[-122.656719891844006,47.266738641321297],[-122.653832206379491,47.265241846647022],[-122.653332899154975,47.26946778207644],[-122.65425762911299,47.265624306956489],[-122.656719891844006,47.266738641321297]],[[-122.664706392122,47.2715901033853],[-122.664674025665491,47.271875744896725],[-122.664707676284991,47.271840749080305],[-122.666440283957343,47.275368828133935],[-122.664030355528013,47.269869455061396],[-122.664016622775051,47.26986800412903],[-122.664706392122,47.2715901033853]],[[-122.659496257720747,47.269368980007471],[-122.659501033545396,47.269369500172921],[-122.659500480196797,47.269367113365725],[-122.659496257720747,47.269368980007471]],[[-122.637015835089798,47.248149878670596],[-122.636912410147019,47.247879188055691],[-122.635401512787993,47.248509577605503],[-122.637015835089798,47.248149878670596]],[[-122.630748300453931,47.245045655637739],[-122.630467279266995,47.244836438674405],[-122.627426323414909,47.244796937817298],[-122.630748300453931,47.245045655637739]],[[-122.62516310534609,47.244767487061196],[-122.625434620223089,47.247171771034779],[-122.625537577455006,47.246049595429696],[-122.628511113390005,47.25279635345759],[-122.626001615332243,47.244778403622398],[-122.62516310534609,47.244767487061196]],[[-122.62105584253095,47.243835784016795],[-122.62092113724448,47.243018660967401],[-122.615539936058994,47.242866004839293],[-122.62105584253095,47.243835784016795]],[[-122.612270926287906,47.245741034916797],[-122.613785604414986,47.245469313269091],[-122.615539936058994,47.242866004839293],[-122.612270926287906,47.245741034916797]],[[-122.610972867170986,47.246882539552367],[-122.610635425321334,47.247179273178652],[-122.610871338325339,47.247190095776837],[-122.610972867170986,47.246882539552367]],[[-122.609488117294021,47.230183492980899],[-122.608754089731733,47.230032216052976],[-122.609209373707273,47.231879100116956],[-122.610652426521995,47.228682065920189],[-122.607741720276465,47.228075600459867],[-122.610006086444983,47.228606299923506],[-122.609488117294021,47.230183492980899]],[[-122.614569338042998,47.2367839939091],[-122.616368559346995,47.2392082658248],[-122.610652426521995,47.228682065920189],[-122.614569338042998,47.2367839939091]],[[-122.593340737195973,47.229451375956039],[-122.594586073878986,47.229474860072798],[-122.596518081156688,47.225736257405757],[-122.596453650538265,47.225722824366031],[-122.593340737195973,47.229451375956039]],[[-122.624989839405998,47.2520190641482],[-122.625041756058323,47.251453315498878],[-122.623932208626101,47.253336724036878],[-122.624989839405998,47.2520190641482]],[[-122.623338762744993,47.254076041347702],[-122.623431036189018,47.253961088278821],[-122.62098907300998,47.25366516598681],[-122.623338762744993,47.254076041347702]]],[[[-122.689532103128911,47.28108783017688],[-122.689536807789011,47.281049712781396],[-122.692793602573232,47.281315501902142],[-122.688644058099996,47.279942472720506],[-122.692926188393997,47.281326320299875],[-122.693277687447008,47.2813550002545],[-122.693262962210667,47.281435144979582],[-122.694934121493006,47.281975140103803],[-122.696257856117015,47.286040788471901],[-122.690458819698009,47.296184587989906],[-122.68998133196925,47.29545693411881],[-122.689846542404368,47.296337420912913],[-122.690033046638007,47.296171685306909],[-122.690852988204995,47.296330387374191],[-122.688680097147014,47.298703633140796],[-122.686735902468001,47.299101469373902],[-122.686806908332983,47.299038379254029],[-122.686562148933007,47.299165973364204],[-122.688277369515021,47.297676913793097],[-122.687135257551006,47.290363460525583],[-122.688062012806384,47.292673175368215],[-122.68745259250602,47.287196412648697],[-122.69304510112373,47.288456814836628],[-122.691459689490998,47.287196823598407],[-122.687576009638008,47.286859980958702],[-122.687988826133818,47.286761067616879],[-122.687541996104997,47.286823742768796],[-122.686651485000993,47.28394264649031],[-122.689277725482995,47.283148726959006],[-122.68584169385187,47.283747709913641],[-122.683734189527996,47.291942563947693],[-122.679520359010013,47.297829562085397],[-122.682409175798654,47.302445943578434],[-122.682506466626009,47.302407997540904],[-122.684436355349007,47.303750568967715],[-122.689554069303014,47.308532205096697],[-122.683100443742006,47.313809118616398],[-122.681223988474486,47.313695659238995],[-122.682191719646994,47.314330027276696],[-122.679500752408998,47.316921625739546],[-122.679615174595995,47.317109509353195],[-122.677563051505359,47.317203559919776],[-122.678671890182997,47.317976290101697],[-122.674369497757013,47.322294029972397],[-122.668864810174995,47.324361850709202],[-122.661523506027422,47.324234316897247],[-122.661471877412012,47.324365827846108],[-122.65994382543623,47.320696381554633],[-122.658638701463332,47.321878187098925],[-122.658297774462,47.324549229260505],[-122.656167719058004,47.32569463269931],[-122.656042002964995,47.323722300822801],[-122.650745232322933,47.329519802345381],[-122.650420941718053,47.330234092186387],[-122.653699975500018,47.328775413354506],[-122.655000304162982,47.32673160510749],[-122.656396597207006,47.327849823237891],[-122.655333260043264,47.330483812874192],[-122.655871560304007,47.330609427389305],[-122.654685822442971,47.333772966082698],[-122.655225835150986,47.334050191389402],[-122.652955803386007,47.340870907039502],[-122.657049186425994,47.334525843756346],[-122.657212288263992,47.333860296360797],[-122.661026548753,47.338396151644105],[-122.666429295724996,47.3386416206924],[-122.669441032598982,47.342026768263409],[-122.668242901347014,47.341197596131799],[-122.667530637170017,47.343638953966298],[-122.670868636514996,47.342742446450103],[-122.667139487468006,47.343981883614305],[-122.658873526338013,47.351015577359703],[-122.657212089259744,47.350787700209601],[-122.656602306244011,47.350988121121304],[-122.655221411127997,47.350541478555193],[-122.65558489911902,47.348567445905807],[-122.654453259800988,47.351673301719899],[-122.653339268001019,47.355109020978794],[-122.647737475832017,47.357928999712001],[-122.647818447464203,47.356223597462126],[-122.646579139514031,47.357996416469838],[-122.646789207691015,47.358107817247195],[-122.636747693744994,47.361522012592097],[-122.639002405006011,47.356279774036494],[-122.635313576765014,47.361820781391202],[-122.634837486993021,47.367225919901699],[-122.626193336205006,47.370236564704001],[-122.624539381218938,47.369282594252418],[-122.626047190743009,47.370628441893594],[-122.621164279683001,47.372595294297099],[-122.624056481461011,47.371805746005883],[-122.625423194239019,47.381201643094393],[-122.628503175701994,47.385166041248908],[-122.626358574359983,47.385830978818397],[-122.626386622366979,47.387236337689401],[-122.627610068820985,47.386009798566313],[-122.629892248906984,47.389555307451701],[-122.629721124627991,47.402360054688408],[-122.627270363280999,47.403354612497687],[-122.595656705831018,47.403552679029303],[-122.581502405829994,47.403791440572689],[-122.581287611093998,47.405729790567591],[-122.579608085203986,47.405034176817701],[-122.578529479138012,47.40628251039989],[-122.572725944275007,47.404841739495502],[-122.572866957602002,47.402470310977797],[-122.563335209217001,47.400580206901495],[-122.561814020377994,47.402318238599598],[-122.557874786688018,47.402707326950292],[-122.554410048455992,47.399104637458308],[-122.556246952649005,47.401485231326795],[-122.554779019465983,47.403440276466597],[-122.551319981315018,47.403434055978998],[-122.552841475966005,47.392837095306696],[-122.547376615264,47.384171904252995],[-122.547431785874323,47.384167949534827],[-122.550308978098002,47.377040464000402],[-122.54698400656099,47.383210712954501],[-122.538677839219019,47.376626949003601],[-122.55150049613799,47.361128982243002],[-122.558504756774354,47.344915285692238],[-122.558373790242001,47.344872773300196],[-122.562448568017999,47.340101878647992],[-122.571670083887994,47.327051092438602],[-122.574467431157004,47.326069494269895],[-122.573560473792995,47.327388753857896],[-122.577754282154999,47.335214894682601],[-122.583984122985015,47.339232678819201],[-122.584154897803998,47.343183630203598],[-122.573400294422001,47.342527658814298],[-122.583861401081009,47.343434248046002],[-122.582535000272003,47.346059525742596],[-122.584787143460019,47.343744052418202],[-122.591946006849,47.337517030387495],[-122.593556655135998,47.341274638405004],[-122.592320993740003,47.336761053157197],[-122.590031627898014,47.335938127737499],[-122.591324632765421,47.331382563992612],[-122.589462388103996,47.335617184474195],[-122.588004322442657,47.333350796779264],[-122.587927949562015,47.334216224032595],[-122.583244268193013,47.333354351379796],[-122.576012771056014,47.327670213060408],[-122.572818476075,47.317586861871192],[-122.560342144276206,47.30135459387089],[-122.560141524187983,47.301395504459506],[-122.55325776067798,47.294418994883301],[-122.55351675248761,47.293489534659585],[-122.550575218717,47.291442924608901],[-122.549499271355018,47.289683760715093],[-122.548798583416001,47.287649799709193],[-122.551106239616999,47.288078904012998],[-122.548302886683999,47.286916865057307],[-122.548057042337007,47.284900206589199],[-122.555101561553016,47.27517275910369],[-122.563355043527011,47.267488511771603],[-122.563435684406997,47.272746577556504],[-122.564238387329979,47.266262894514497],[-122.567768970003016,47.262918196552583],[-122.570605193031994,47.261026415279296],[-122.57075064809564,47.261221695319371],[-122.579250107555566,47.256150836473239],[-122.579185195888016,47.256000881079594],[-122.582271717425002,47.254959848432392],[-122.583884725115979,47.254666520068795],[-122.584137073861996,47.254643563199608],[-122.584048561835218,47.254832446963889],[-122.589685429388993,47.255516701931199],[-122.591536658273455,47.258744229279344],[-122.591679228112014,47.258435598985791],[-122.594974475723006,47.260377630522591],[-122.592929807726833,47.260738217608875],[-122.596798712750996,47.26130613541541],[-122.599000390460006,47.263782844960389],[-122.597366999898128,47.266119103519763],[-122.597594845687993,47.266279168021804],[-122.591062318008071,47.266972135082405],[-122.591069785773527,47.267134116398978],[-122.595341383293004,47.26716545232221],[-122.595660319296996,47.2674544918655],[-122.59122330667212,47.270463892976643],[-122.591237940102005,47.27078126297409],[-122.583428532601005,47.269990728991296],[-122.585911656085074,47.274500046181196],[-122.584668950437006,47.270461012865006],[-122.591147710725011,47.271310003853699],[-122.590933695516,47.275680169021399],[-122.585911745742109,47.274500069392346],[-122.591183826838019,47.275803280130802],[-122.589791238121762,47.280277232397957],[-122.595628353929527,47.284558202661927],[-122.596243699301013,47.283987410755387],[-122.598597497729997,47.284845143486592],[-122.604319273906,47.287429828529191],[-122.606672641821987,47.291136194994507],[-122.609126265113005,47.291360343838498],[-122.609703158167989,47.294383870937502],[-122.608515085134371,47.294185037396907],[-122.612322266924011,47.299153347844594],[-122.610912623435325,47.300406370798157],[-122.612967678493007,47.299583794064901],[-122.618221278360991,47.298890467213006],[-122.615461008438999,47.295731530643188],[-122.614506920425001,47.2973763251279],[-122.613804175772444,47.29667232867051],[-122.613856846942994,47.297256918006994],[-122.610739449177018,47.291636089946792],[-122.616039951844996,47.289609427582491],[-122.611126653174011,47.290672299882402],[-122.61135187074099,47.289237261735202],[-122.609247069584995,47.289114550440601],[-122.607446138823008,47.285318434127603],[-122.608735277134016,47.289011988395799],[-122.605445516451994,47.28506794168711],[-122.607261117937,47.282818181606807],[-122.60496926871302,47.28530290110649],[-122.600577663691993,47.2805736346331],[-122.605571455138005,47.280092222848097],[-122.605581527294817,47.28005697084545],[-122.599958721867011,47.280423883342401],[-122.598782263800018,47.274709494160398],[-122.599506080753997,47.272970749189604],[-122.608816425600992,47.271302921866891],[-122.608852679363778,47.271354668279962],[-122.616657273259008,47.270523475218404],[-122.626196018604006,47.275377751759287],[-122.62642450963952,47.276789056699613],[-122.627119585217017,47.2761500501801],[-122.632441854461803,47.281448821697758],[-122.631747719661021,47.279384955184298],[-122.628886364311015,47.277696861210998],[-122.636156566804985,47.277496292728891],[-122.642763638706995,47.279060422418191],[-122.642351191019372,47.279529798782576],[-122.648659610601001,47.280746756896697],[-122.648659610501895,47.280746757324742],[-122.654897322273015,47.283027778763696],[-122.660014842388009,47.282923072176594],[-122.663802838837938,47.285303766957917],[-122.663802839424989,47.285303766525402],[-122.663802839239963,47.285303767210571],[-122.663802839458,47.285303767347592],[-122.663802839153803,47.285303767529527],[-122.663327159368009,47.287065070887998],[-122.664799137024019,47.285189027753297],[-122.661637369869013,47.294219460714203],[-122.655724608778058,47.300344274540834],[-122.659838069371006,47.300058129445993],[-122.657224955253994,47.29956771834911],[-122.661637371110999,47.294219461513897],[-122.664964943202989,47.285130309852796],[-122.673661434520994,47.287992750640917],[-122.677736622739005,47.287055891038897],[-122.681036601330021,47.285634791092001],[-122.68050681089818,47.287056968603245],[-122.680853354492001,47.286566205367293],[-122.681950493660352,47.28588063778998],[-122.68206259848175,47.285535336963164],[-122.681076671618001,47.2861954384841],[-122.682134937360019,47.285312519143325],[-122.683489427897996,47.2811400662697],[-122.680695672445012,47.282238143843507],[-122.681147415331012,47.281155891170883],[-122.688644058055999,47.279942471624203],[-122.686607257510929,47.281756561756659],[-122.689532103128911,47.28108783017688]],[[-122.680448872770995,47.306310728306194],[-122.680240716623686,47.306731944074357],[-122.684436355349007,47.303750568967715],[-122.680448872770995,47.306310728306194]],[[-122.679200366966853,47.310763832543316],[-122.67758224828998,47.313771186666301],[-122.677672572776515,47.31391952061184],[-122.678641989960994,47.312002990800309],[-122.679414016557914,47.312509122028352],[-122.679212414855002,47.310856817644407],[-122.683100443742006,47.313809118616398],[-122.679200366966853,47.310763832543316]],[[-122.653373712850041,47.331625432826563],[-122.655112649270407,47.330453646907934],[-122.653699975500018,47.328775413354506],[-122.653373712850041,47.331625432826563]],[[-122.619215547574981,47.368272560695999],[-122.618861481831672,47.368265053321757],[-122.621164279683001,47.372595294297099],[-122.619215547574981,47.368272560695999]],[[-122.597177509651743,47.400332979898977],[-122.595375890612445,47.402197100752737],[-122.596010120844014,47.4023939707035],[-122.595656705831018,47.403552679029303],[-122.597177509651743,47.400332979898977]],[[-122.554593814748017,47.374745660932106],[-122.557506405262984,47.366589388396207],[-122.559512037399998,47.3673849666569],[-122.55699132285018,47.365990191557003],[-122.555572190562003,47.368375207046803],[-122.554593814716,47.374745660109909],[-122.550308978098002,47.377040464000402],[-122.554593814748017,47.374745660932106]],[[-122.559101108291998,47.370375737426897],[-122.559189851968043,47.370301038076242],[-122.559512037399998,47.3673849666569],[-122.559101108291998,47.370375737426897]],[[-122.563630323021016,47.343723072234283],[-122.564991088595491,47.343817847818784],[-122.562448568017999,47.340101878647992],[-122.563630323021016,47.343723072234283]],[[-122.569965158254021,47.349012998172498],[-122.567947918965004,47.348892038056803],[-122.57027073557002,47.349156349157504],[-122.573400294422001,47.342527658814298],[-122.569965158254021,47.349012998172498]],[[-122.569552434580558,47.264177974777276],[-122.56962658229898,47.263933095015894],[-122.567768970003016,47.262918196552583],[-122.569552434580558,47.264177974777276]],[[-122.579829430526004,47.270204396550703],[-122.579719114145263,47.270804719466611],[-122.583428532601005,47.269990728991296],[-122.579829430526004,47.270204396550703]],[[-122.613283332258007,47.300471684057001],[-122.610542012896147,47.300735791305442],[-122.609964159034007,47.30124941127211],[-122.609928747100184,47.301258982918256],[-122.611601172434007,47.301721749976501],[-122.610382924823995,47.306182777405695],[-122.611956028880996,47.301291894689697],[-122.615671648997008,47.300011891463029],[-122.612967678493007,47.299583794064901],[-122.613283332258007,47.300471684057001]],[[-122.609046076492007,47.282809112203999],[-122.608284359362315,47.284003812373015],[-122.610410920818012,47.282666379497599],[-122.607261117937,47.282818181606807],[-122.609046076492007,47.282809112203999]],[[-122.60812053834502,47.275606921243202],[-122.607996728193925,47.275827339010185],[-122.608919215203002,47.275415721355394],[-122.608654905805011,47.281726265217891],[-122.609281841815005,47.275149333047196],[-122.610686886419288,47.275291297463134],[-122.610366745517638,47.274612887902506],[-122.598782263800018,47.274709494160398],[-122.60812053834502,47.275606921243202]],[[-122.663177034051017,47.296661625471906],[-122.667743900595013,47.296214788697689],[-122.669505387078601,47.299481716758415],[-122.669505387322999,47.299481716198898],[-122.667743900561021,47.296214787875599],[-122.66317703400702,47.296661624375609],[-122.659838069371006,47.300058129445993],[-122.663177034051017,47.296661625471906]],[[-122.679261683072951,47.288820191987902],[-122.679590784811168,47.288354164392651],[-122.677736622739005,47.287055891038897],[-122.679261683072951,47.288820191987902]],[[-122.555208795207008,47.381836745903591],[-122.557432927760686,47.37469208098409],[-122.554943286428397,47.382574036515756],[-122.555110410297999,47.382400696996697],[-122.557844607560995,47.392165986592403],[-122.555208795207008,47.381836745903591]],[[-122.560777601569001,47.371160644642103],[-122.560770274400113,47.370795039443955],[-122.557432964490701,47.374691985063727],[-122.560777601569001,47.371160644642103]],[[-122.560727748902224,47.368673053565026],[-122.559608296008662,47.369948812021129],[-122.56048535347,47.3692105269404],[-122.560752657388363,47.369915982777918],[-122.560727748902224,47.368673053565026]],[[-122.559469864598015,47.363157135686201],[-122.559498452026901,47.36177609724686],[-122.557313376625856,47.365448910312843],[-122.559604111179468,47.363283850434598],[-122.559469864598015,47.363157135686201]],[[-122.562981247040014,47.355072945637403],[-122.563001736261384,47.354992524799293],[-122.559570005981016,47.358319004824011],[-122.562981247040014,47.355072945637403]],[[-122.565115864936743,47.346693145242313],[-122.562833600429556,47.353569694607152],[-122.563008157728973,47.354967320285176],[-122.565115864936743,47.346693145242313]],[[-122.568592704652232,47.343719106735954],[-122.568612264534991,47.343562167016053],[-122.565397204798742,47.343846130098996],[-122.566045601045005,47.34389128192479],[-122.566038773857059,47.343911857541265],[-122.568592704652232,47.343719106735954]],[[-122.568331401332998,47.302828189912901],[-122.568361060933896,47.302770417902757],[-122.563679398846006,47.303045000977498],[-122.568331401332998,47.302828189912901]],[[-122.569966134328951,47.299643798205807],[-122.569288833333005,47.299662372266511],[-122.568748916298304,47.302014927195913],[-122.569966134328951,47.299643798205807]],[[-122.572771581777999,47.304783463091709],[-122.571422940533992,47.299603833661607],[-122.570277669967183,47.299635253415033],[-122.572771581777999,47.304783463091709]],[[-122.567902470635715,47.294589401633957],[-122.560363891364005,47.2861954666404],[-122.567066125435645,47.29432241879163],[-122.567902470635715,47.294589401633957]],[[-122.569941448481018,47.295240258843208],[-122.569924096812301,47.295136731355733],[-122.569669989353955,47.295153610042455],[-122.569941448481018,47.295240258843208]],[[-122.566675360491999,47.292908231593202],[-122.565631637383021,47.287242774086501],[-122.566675360523021,47.292908232415392],[-122.569641121827019,47.29344832491249],[-122.566675360491999,47.292908231593202]],[[-122.564111080932989,47.287012859025005],[-122.564111079282,47.287012859592686],[-122.565631637383021,47.287242774086501],[-122.564111080932989,47.287012859025005]],[[-122.571223771418971,47.282230284107769],[-122.567209404558,47.28139279927759],[-122.571172598574805,47.282269363419744],[-122.571223771418971,47.282230284107769]],[[-122.574595141621998,47.279655481853496],[-122.57460522327267,47.279598548401466],[-122.574585912903316,47.279662530543241],[-122.574595141621998,47.279655481853496]],[[-122.578264651760932,47.271123845334159],[-122.577585440633996,47.270904908235686],[-122.578168308347003,47.267726984937831],[-122.573658798516007,47.268613180612697],[-122.578131088270993,47.267913416748691],[-122.577084410395599,47.27138278751589],[-122.578264651760932,47.271123845334159]],[[-122.57009227636604,47.266824641022467],[-122.572455142113995,47.267051296535001],[-122.573804766995352,47.265838886567572],[-122.57009227636604,47.266824641022467]],[[-122.569489080367759,47.264387206121683],[-122.567370474264337,47.26656349214776],[-122.568788867148953,47.266699591139947],[-122.569489080367759,47.264387206121683]],[[-122.642334639785005,47.353964480208603],[-122.64239484972984,47.35588225106838],[-122.642427442932245,47.355878431316121],[-122.642953401505821,47.35359816247643],[-122.642193827083062,47.353940924816847],[-122.642334639785005,47.353964480208603]],[[-122.648066375763932,47.355617893837326],[-122.643040134489766,47.353463567593629],[-122.642984164913997,47.353584280110603],[-122.64296322991369,47.353593727288342],[-122.647842019631696,47.355727104959414],[-122.64784406863302,47.35568394707709],[-122.648066375763932,47.355617893837326]],[[-122.651143365869331,47.345556777219997],[-122.651357770256993,47.345616066013399],[-122.65128349073747,47.345522027589453],[-122.651143365869331,47.345556777219997]],[[-122.64783610567298,47.341157191967795],[-122.647836090706974,47.341157173017116],[-122.647836090706008,47.341157173796191],[-122.64783610567298,47.341157191967795]],[[-122.646695970916994,47.339140228053509],[-122.647768642745305,47.337849683786658],[-122.647766778943009,47.337758282187011],[-122.650372323734999,47.333467612178097],[-122.646695970916994,47.339140228053509]],[[-122.653208851366003,47.333014708394799],[-122.654245027322176,47.333546671883255],[-122.653339901877985,47.331920765509345],[-122.653215119565999,47.333010686859197],[-122.650372323734999,47.333467612178097],[-122.653208851366003,47.333014708394799]],[[-122.644369336409696,47.337279353386329],[-122.643419068356366,47.336519264545984],[-122.642564613024376,47.337275347062672],[-122.644369336409696,47.337279353386329]],[[-122.641370542715151,47.337272680713234],[-122.639969336866685,47.336910203279842],[-122.640349840604983,47.337270391631897],[-122.641370542715151,47.337272680713234]],[[-122.639668494397014,47.335367334986799],[-122.638112955489149,47.335152847123346],[-122.639670004302857,47.336626847978835],[-122.639668495606003,47.335367334964488],[-122.63966849924023,47.335367327792156],[-122.639668494397014,47.335367334986799]],[[-122.637691454895275,47.335094723935995],[-122.63638895424701,47.334915103890005],[-122.634190013370784,47.337326222020963],[-122.637691454895275,47.335094723935995]],[[-122.633893555420016,47.337515143542603],[-122.634016576206207,47.337436747272399],[-122.631300757711998,47.336961088817198],[-122.631261480260605,47.337011820440758],[-122.633893555420016,47.337515143542603]],[[-122.630995079945123,47.33735590602641],[-122.629169465549012,47.339713751616991],[-122.629283746543706,47.339826742318543],[-122.630995079945123,47.33735590602641]],[[-122.629769422501056,47.340306928085155],[-122.630358118961979,47.340888955351708],[-122.630760805341993,47.340670936852604],[-122.629769422501056,47.340306928085155]],[[-122.627073275745929,47.342667282385207],[-122.629666089358423,47.34126361967818],[-122.626939937332097,47.34206240927054],[-122.627181223793016,47.342474002030585],[-122.627073275745929,47.342667282385207]],[[-122.626210109556979,47.33738302492241],[-122.62532307934012,47.337130692085729],[-122.624322359437997,47.342296438799394],[-122.62539996712654,47.341842199214121],[-122.628202098728707,47.330310287924618],[-122.628142985809021,47.330286462695497],[-122.626210109556979,47.33738302492241]],[[-122.630393333064902,47.331193419649772],[-122.630393340411999,47.331193423120084],[-122.630393340669855,47.331193422714676],[-122.630393333064902,47.331193419649772]],[[-122.643119832623029,47.314145251407275],[-122.643077358194986,47.314158637665905],[-122.635370931070995,47.326178374079099],[-122.633506332981,47.326298607953596],[-122.632517992484139,47.327852766042888],[-122.633506333013997,47.326298608775801],[-122.635370931104021,47.326178374901296],[-122.643119832623029,47.314145251407275]],[[-122.643460394066807,47.314037919103384],[-122.648417454466994,47.313149037922287],[-122.648870489831211,47.312332663481605],[-122.643460394066807,47.314037919103384]],[[-122.64952430435001,47.296662181187997],[-122.655653006293676,47.300460696462338],[-122.655695553195301,47.300374367884395],[-122.655649081162991,47.300422499643503],[-122.64952430435001,47.296662181187997]],[[-122.643780831838015,47.296458704717004],[-122.643080867846123,47.297211221061211],[-122.64952430435001,47.296662181187997],[-122.643780831838015,47.296458704717004]],[[-122.638420093879986,47.297608128717783],[-122.640214848886771,47.297455312025143],[-122.635741445678008,47.296561663471373],[-122.635767882278017,47.296844074772196],[-122.638420093879986,47.297608128717783]],[[-122.635725438319824,47.296390662036508],[-122.636114956565081,47.29582252763678],[-122.635613900123857,47.295199105682187],[-122.635725438319824,47.296390662036508]],[[-122.637201809117798,47.293898665933291],[-122.63683837280179,47.294767348001564],[-122.637138914694006,47.294328961832107],[-122.638183247300418,47.294033434503227],[-122.637201809117798,47.293898665933291]],[[-122.639704110577071,47.293603034601375],[-122.641125429596983,47.293200780812704],[-122.640265902987551,47.292270347676677],[-122.639704110577071,47.293603034601375]],[[-122.641887060285001,47.288424234355901],[-122.641338325404888,47.2897261457342],[-122.642762987480509,47.287103783447328],[-122.639159133757801,47.289027905310981],[-122.641887060285001,47.288424234355901]],[[-122.638966174495195,47.289070602853613],[-122.638805667796149,47.288835621652531],[-122.638826717832998,47.289101461229201],[-122.638966174495195,47.289070602853613]],[[-122.63819971670388,47.289352250967973],[-122.638460275245606,47.288329960445886],[-122.638207391796342,47.287959727538912],[-122.637507446868995,47.289195833240797],[-122.63819971670388,47.289352250967973]],[[-122.636967106181828,47.285924932018602],[-122.639389794757975,47.282899656351169],[-122.636821344729213,47.285821957494463],[-122.636967106181828,47.285924932018602]],[[-122.690622201284555,47.291270168573242],[-122.69056563926685,47.291639712557988],[-122.691144527077014,47.290883733248407],[-122.690622201284555,47.291270168573242]],[[-122.688247671102019,47.293135859038593],[-122.68851547937011,47.292828715115249],[-122.688213935289383,47.293051785799449],[-122.688247671102019,47.293135859038593]],[[-122.684342043295004,47.2840090984919],[-122.683277447790303,47.284721931975987],[-122.682036714325108,47.285826760020548],[-122.685178693217836,47.283863273438499],[-122.684342043295004,47.2840090984919]],[[-122.692799342525007,47.283958350787401],[-122.693706926318001,47.281617678887898],[-122.693256787838607,47.281468750026832],[-122.692799342525007,47.283958350787401]],[[-122.693328607492077,47.288217947279406],[-122.694941772212005,47.285785560451799],[-122.693251695091377,47.286022722569008],[-122.694215164753018,47.286350599555099],[-122.693328607492077,47.288217947279406]],[[-122.65415066701479,47.285669926968239],[-122.647886407870004,47.286132646445303],[-122.64865960743073,47.280746770589154],[-122.647320425542389,47.286530087681477],[-122.65415066701479,47.285669926968239]],[[-122.661187707563002,47.286867826376529],[-122.66155599399201,47.286959132047002],[-122.663802833353728,47.285303770998624],[-122.661187707563002,47.286867826376529]],[[-122.656375867101005,47.28550547461311],[-122.655850031723034,47.285544340219644],[-122.660751592077673,47.286759702571658],[-122.656375867101005,47.28550547461311]],[[-122.675749345581636,47.315939548395669],[-122.675293393218993,47.314392729557497],[-122.670343699802018,47.31217170674519],[-122.675749345581636,47.315939548395669]],[[-122.669893070966054,47.3103656081393],[-122.669547559699424,47.308980731645647],[-122.669056885157389,47.310849420567195],[-122.669893070966054,47.3103656081393]],[[-122.667394792332132,47.312210305968009],[-122.666020125471832,47.313057505765755],[-122.668463381863731,47.312989445168924],[-122.667394792332132,47.312210305968009]],[[-122.66590181199058,47.313130419681642],[-122.665634531066004,47.313295137661001],[-122.666563612843021,47.314701036409907],[-122.66590181199058,47.313130419681642]],[[-122.658796900594751,47.320638658782244],[-122.658825792909013,47.320577819484598],[-122.658805335052776,47.320572571093997],[-122.658796900594751,47.320638658782244]],[[-122.656568058827986,47.319998577495191],[-122.657450759225014,47.318015552940004],[-122.652242646525792,47.323904302719619],[-122.656523940677999,47.320007127159194],[-122.657539337623476,47.320247774809317],[-122.656568058827986,47.319998577495191]],[[-122.658246410776002,47.313245177749991],[-122.658221413935905,47.313238268222257],[-122.659096967205699,47.318491552063008],[-122.659151796957005,47.318507405467898],[-122.658246410776002,47.313245177749991]],[[-122.650997521308867,47.310451263015317],[-122.652472000456754,47.311013606608199],[-122.651961469755889,47.309681053428257],[-122.651003709011974,47.310438177945407],[-122.650997521308867,47.310451263015317]],[[-122.673862991074714,47.301594314715608],[-122.673924232047995,47.3021093084973],[-122.673738879125594,47.302163910751709],[-122.672682278585086,47.305104898924391],[-122.673966498859983,47.302007810256001],[-122.679518586846001,47.303573288290806],[-122.681772531523038,47.302694248566418],[-122.679258477339019,47.303426630814897],[-122.673862991074714,47.301594314715608]],[[-122.66739371957398,47.304137380487603],[-122.670236066641422,47.30319571026849],[-122.667535594634998,47.303991069084191],[-122.669505373179092,47.299481748580774],[-122.66739371957398,47.304137380487603]],[[-122.678547697082337,47.310157599922206],[-122.678805354399955,47.310320730744898],[-122.679382281408579,47.308468960971311],[-122.678547697082337,47.310157599922206]],[[-122.674211418730522,47.306182310776038],[-122.670004974351016,47.307238587631296],[-122.669757449947426,47.30818134243863],[-122.675581610499009,47.308279564603197],[-122.669779872637989,47.308159716060217],[-122.674211418730522,47.306182310776038]],[[-122.672682275350994,47.305104907925802],[-122.674211422292743,47.306182309186411],[-122.674211422986986,47.3061823088766],[-122.672682275656427,47.305104907075702],[-122.672682275350994,47.305104907925802]],[[-122.666062411566273,47.321285941746588],[-122.666160125156011,47.321262464521084],[-122.665665360120983,47.315911331680702],[-122.666062411566273,47.321285941746588]],[[-122.668727400969985,47.313181943986294],[-122.668559315073466,47.313059391208029],[-122.665665360120983,47.315911331680702],[-122.668727400969985,47.313181943986294]],[[-122.648342947509008,47.325108705831894],[-122.64974674880898,47.326489289791994],[-122.649391387814077,47.324626600843011],[-122.646384761432003,47.325388155681807],[-122.644673018873476,47.327931898799449],[-122.648342947509008,47.325108705831894]],[[-122.658585866622815,47.348983224302167],[-122.658462385911008,47.346406414059089],[-122.658288447527255,47.349248656239894],[-122.658585866622815,47.348983224302167]],[[-122.655475597144999,47.34591110756989],[-122.655376599310586,47.346053212056603],[-122.658462385911008,47.346406414059089],[-122.655475597144999,47.34591110756989]],[[-122.663678767242018,47.344437524300105],[-122.659179460255004,47.34106288025869],[-122.663659092181192,47.344455087347598],[-122.663678767242018,47.344437524300105]],[[-122.650638496190993,47.354853606393405],[-122.652410237547002,47.3514400879777],[-122.652829604566875,47.351487962424564],[-122.655220317132915,47.346277542481467],[-122.648880542740514,47.355375978516818],[-122.650638496190993,47.354853606393405]],[[-122.597214208679489,47.266011764993351],[-122.595387495536002,47.261654205300196],[-122.595426312715006,47.264755689140202],[-122.597214208679489,47.266011764993351]],[[-122.59270759611401,47.260777403204095],[-122.592693119819728,47.261872612170293],[-122.592801976547577,47.261659656146534],[-122.592742914243985,47.2616597799814],[-122.592834981728672,47.260754939626416],[-122.59270759611401,47.260777403204095]],[[-122.591534203969445,47.264139681519865],[-122.590948547942773,47.264504264713054],[-122.590981573279663,47.265220663705477],[-122.591534203969445,47.264139681519865]],[[-122.583208820348986,47.259753562711197],[-122.583370941887026,47.256278433707166],[-122.582521190744941,47.25809161632241],[-122.583208820348986,47.259753562711197]],[[-122.582150709565298,47.258882100714601],[-122.581318123311235,47.260658473302072],[-122.581675876332014,47.260780274410799],[-122.582150709565298,47.258882100714601]],[[-122.579573411048017,47.260064442048503],[-122.581181361188086,47.260611910630089],[-122.579282319550401,47.256225250539885],[-122.578241204634551,47.267329510700399],[-122.579573411048017,47.260064442048503]],[[-122.590418590951799,47.26059980244591],[-122.59065470044402,47.260653376656407],[-122.590780120772209,47.260381891964244],[-122.590418590951799,47.26059980244591]],[[-122.573891824041269,47.265438471925179],[-122.574006287211006,47.263878894566709],[-122.570908156867389,47.261433156185007],[-122.573891824041269,47.265438471925179]],[[-122.609018439951257,47.389460114794723],[-122.61000782874801,47.38785603311041],[-122.61052972314701,47.388832914568702],[-122.612663770328993,47.387947042597105],[-122.610527130558012,47.388647474180097],[-122.610067187449232,47.376922106446898],[-122.610067187449005,47.376922106446891],[-122.609018439951257,47.389460114794723]],[[-122.608832877254301,47.391677911739436],[-122.609665777876003,47.391640495897306],[-122.608921834464255,47.390614742612527],[-122.608832877254301,47.391677911739436]],[[-122.606478716695676,47.398354775552946],[-122.606716780151999,47.398252804886795],[-122.606785282668355,47.397894392435603],[-122.606478716695676,47.398354775552946]],[[-122.59796051139999,47.399522764020695],[-122.597651882132311,47.399842123687684],[-122.600404070098989,47.400956451454888],[-122.59796051139999,47.399522764020695]],[[-122.595660349748016,47.296612267616894],[-122.595834031720969,47.292483266482087],[-122.595353279322296,47.292358353056784],[-122.595660349748016,47.296612267616894]],[[-122.590162022681739,47.290743003638667],[-122.592720610729671,47.291479980627194],[-122.592115866759869,47.290617807427367],[-122.590162022681739,47.290743003638667]],[[-122.590033623536996,47.290751229866103],[-122.589841877077788,47.294919466501483],[-122.590150312457993,47.294780092231903],[-122.590092831366093,47.290747436579693],[-122.590033623536996,47.290751229866103]],[[-122.581849436035,47.298530503861592],[-122.581849409466301,47.29853055000617],[-122.581849437243008,47.298530503839899],[-122.581849467595802,47.298530490128314],[-122.581849436035,47.298530503861592]],[[-122.580274322937996,47.301266010550592],[-122.583639015813432,47.306043088381216],[-122.583860719532993,47.305987081102003],[-122.580320266889629,47.301186223810632],[-122.580274322937996,47.301266010550592]],[[-122.580709233589999,47.31022675315829],[-122.581916996792984,47.306478089919693],[-122.581916997100592,47.306478089842003],[-122.581916995583995,47.3064780899414],[-122.580380084148985,47.309878849534492],[-122.57615086995699,47.305626913638399],[-122.581943626848329,47.311827038008424],[-122.580709233589999,47.31022675315829]],[[-122.592369903681288,47.287564625549471],[-122.592385916693004,47.287565615200499],[-122.59247676069856,47.287481361862632],[-122.592369903681288,47.287564625549471]],[[-122.591981917583567,47.29042683414464],[-122.589865935634009,47.287409845014118],[-122.589935376475012,47.288608670489303],[-122.588990200790334,47.28861916755401],[-122.591981917583567,47.29042683414464]],[[-122.588052832919601,47.285861086174492],[-122.587478479523,47.287705672974596],[-122.587703441653048,47.28784161510368],[-122.588052832919601,47.285861086174492]],[[-122.635468441519208,47.295018120745482],[-122.635435938811014,47.294977679488497],[-122.632051414249005,47.296294038362291],[-122.632044243128064,47.295946458651748],[-122.632041350552001,47.2963391779207],[-122.635468441519208,47.295018120745482]],[[-122.631998511581017,47.293729787131809],[-122.626556995587691,47.292842094255334],[-122.626655622785009,47.293241537634991],[-122.631999171253227,47.29376176349205],[-122.631998511581017,47.293729787131809]],[[-122.626047264885656,47.290777571730111],[-122.626195008794284,47.291375984006301],[-122.626212221883037,47.29091101078167],[-122.626047264885656,47.290777571730111]],[[-122.619112323283062,47.291201229029511],[-122.61912682160937,47.291199745039023],[-122.61911707846896,47.29119472577338],[-122.619112323283062,47.291201229029511]],[[-122.621152381460035,47.280278463676225],[-122.620511780677418,47.282224030602407],[-122.625181559010429,47.277931694100928],[-122.621484784071001,47.280527123958791],[-122.621152381460035,47.280278463676225]],[[-122.619738677969053,47.279220878282906],[-122.615079594991997,47.275735016733691],[-122.618192915034015,47.279066509807798],[-122.619738677969053,47.279220878282906]],[[-122.633198085915993,47.283697133149595],[-122.63317590698027,47.283631196907521],[-122.632849567002296,47.284088707325459],[-122.633616277968926,47.283999188508531],[-122.633198085915993,47.283697133149595]],[[-122.629804034312002,47.284470876329301],[-122.629803651946062,47.284478319399135],[-122.629812595554228,47.284470398035289],[-122.629804034312002,47.284470876329301]],[[-122.62766578313699,47.285456430681101],[-122.627499572267979,47.286518942637024],[-122.628477753044578,47.285652635435184],[-122.62766578313699,47.285456430681101]],[[-122.607967596373115,47.284500615525609],[-122.607934637177109,47.284552307314307],[-122.61054871349198,47.285848148545192],[-122.607967596373115,47.284500615525609]],[[-122.619380914157233,47.285794081201196],[-122.619385283730225,47.285644951833241],[-122.619341696150002,47.285777308427598],[-122.619380914157233,47.285794081201196]],[[-122.621534467320998,47.287296252918097],[-122.621486102478144,47.287264569316079],[-122.621519727879004,47.288851463942692],[-122.621534467320998,47.287296252918097]],[[-122.620025576684995,47.28859809998071],[-122.619635460135001,47.28866022859831],[-122.621519727879004,47.288851463942692],[-122.620025576684995,47.28859809998071]],[[-122.623874606184003,47.3367186260664],[-122.622272871013379,47.338195829350994],[-122.62240743372098,47.33846385658493],[-122.623874606227005,47.336718627162604],[-122.623874610331612,47.336718627246363],[-122.623874606184003,47.3367186260664]],[[-122.607260710321,47.341995984520111],[-122.614930895342994,47.344674416485603],[-122.617885059486994,47.343842457647995],[-122.618036185237159,47.343662739761569],[-122.614220362842005,47.344368646352606],[-122.607265412394014,47.341985246538293],[-122.604213191146528,47.334997502073016],[-122.604062432839001,47.335499357357797],[-122.608603844701136,47.345582602951993],[-122.607260710321,47.341995984520111]],[[-122.598364741362772,47.330702895903102],[-122.591519715275993,47.330938917909897],[-122.59136790379705,47.331284160033597],[-122.598364741362772,47.330702895903102]],[[-122.605671902465886,47.33009538165323],[-122.607366770257698,47.32609093259962],[-122.600173192303998,47.326635334013694],[-122.590553603087301,47.32354512717945],[-122.590141148289376,47.323709635089529],[-122.600198300048007,47.326643557894393],[-122.607190117027997,47.326372390115097],[-122.605668383901929,47.330095674300658],[-122.605671902465886,47.33009538165323]],[[-122.589466239705999,47.321824196140589],[-122.589466238683286,47.321824196860014],[-122.58946624174736,47.321824200449583],[-122.589466239705999,47.321824196140589]],[[-122.585443703991999,47.321525468047703],[-122.588079627088007,47.322799578125199],[-122.588079627768977,47.322799577646194],[-122.585443705603993,47.321525468018699],[-122.584795150477021,47.3193605028913],[-122.586841978872982,47.318176248287301],[-122.586841973100078,47.318176240805514],[-122.586841977261003,47.318176248316291],[-122.584795149268004,47.319360502913092],[-122.585443703991999,47.321525468047703]],[[-122.60662044223524,47.296525399011145],[-122.607988531464898,47.294096910008186],[-122.607045313054016,47.29393904016721],[-122.60662044223524,47.296525399011145]],[[-122.606922967404003,47.301929214066206],[-122.607195206201837,47.301772800543731],[-122.606336109032497,47.298256103944439],[-122.606019695878004,47.300181939197891],[-122.605801374036176,47.300308532386367],[-122.606922967404003,47.301929214066206]],[[-122.603933784700999,47.301273358618808],[-122.604078837389025,47.301185550221419],[-122.602000885305998,47.298505363102699],[-122.603933784700999,47.301273358618808]],[[-122.613652785603009,47.294992002399709],[-122.613731878245474,47.295869888985813],[-122.614785493736989,47.294875468414787],[-122.613652785603009,47.294992002399709]],[[-122.615944089664012,47.332599040758495],[-122.61578383058081,47.329975319192535],[-122.615783829351997,47.329975319282397],[-122.61594408969701,47.332599041580607],[-122.619895181033002,47.333459381383904],[-122.6198951831242,47.333459385550022],[-122.619895181000985,47.333459380561699],[-122.615944089664012,47.332599040758495]],[[-122.618664440147995,47.318096133068799],[-122.623807352860013,47.31924509697668],[-122.623807353158,47.3192450962283],[-122.618664440147995,47.318096133068799]],[[-122.620281512306192,47.310367719417471],[-122.620505959039875,47.310682606033517],[-122.620517779606999,47.310635012267703],[-122.620281512306192,47.310367719417471]],[[-122.614105228493997,47.307729578185992],[-122.617991167797001,47.307776452316553],[-122.617468603492,47.307185187704093],[-122.614105228493997,47.307729578185992]],[[-122.615859057013751,47.300041559613177],[-122.615875231084559,47.302376480558834],[-122.616607964254001,47.300160114078999],[-122.615859057013751,47.300041559613177]],[[-122.588526893847529,47.327428432210219],[-122.589635114485588,47.323911463620668],[-122.588808064492994,47.324241319370991],[-122.588526893847529,47.327428432210219]],[[-122.609378012041674,47.349441333450486],[-122.610049237403004,47.349441727378803],[-122.609969462694153,47.349228748075149],[-122.609378012041674,47.349441333450486]],[[-122.602710228188016,47.349447544078892],[-122.599786432402013,47.351696346078796],[-122.599694565243993,47.354343866541896],[-122.601288314118008,47.359830003676002],[-122.599786432433987,47.351696346901008],[-122.602721614777607,47.349449664618476],[-122.602710228188016,47.349447544078892]],[[-122.603957985950004,47.36138696042979],[-122.605115717727003,47.359703499072296],[-122.605115716911612,47.359703499099268],[-122.603957985950004,47.36138696042979]],[[-122.594095637790005,47.371775155413999],[-122.594141231065564,47.371697228979137],[-122.590002949110897,47.371916554936561],[-122.589631414725176,47.372693017513939],[-122.594095637790005,47.371775155413999]],[[-122.59082955274198,47.369984888191993],[-122.589307665993005,47.369676864242905],[-122.590758698697442,47.370135364831704],[-122.59082955274198,47.369984888191993]],[[-122.586460697290008,47.362159718906803],[-122.589164137081738,47.361841640466842],[-122.589163034400002,47.361781437813796],[-122.586460697359797,47.362159718070458],[-122.586460697290008,47.362159718906803]],[[-122.58736466777836,47.35473955322886],[-122.587014747549006,47.355519295905417],[-122.586460697577266,47.362159715464422],[-122.58736466777836,47.35473955322886]],[[-122.625447040099004,47.366786727458297],[-122.624056552051002,47.368851609674401],[-122.624144143759779,47.368929796749448],[-122.625447040099004,47.366786727458297]],[[-122.625844413489446,47.355162710944221],[-122.625049596846296,47.355572749172772],[-122.625409565532209,47.356029065300348],[-122.625844413489446,47.355162710944221]],[[-122.622013963860184,47.351724237496548],[-122.622013957871019,47.351724248216094],[-122.622013958146852,47.351724248565844],[-122.622013963860184,47.351724237496548]],[[-122.62772634309205,47.351519745860607],[-122.628229907305311,47.35160405329561],[-122.627728053957981,47.351500011073604],[-122.62772634309205,47.351519745860607]],[[-122.615901855701011,47.368554272196207],[-122.617607398597784,47.36823845376297],[-122.616046199793999,47.368205320965103],[-122.615901855701011,47.368554272196207]],[[-122.615017013356464,47.370693268961823],[-122.613437985047995,47.374509922173587],[-122.611972110575991,47.3769838079537],[-122.614015473669994,47.374162692821699],[-122.615017013356464,47.370693268961823]],[[-122.610657816814012,47.374289862021506],[-122.610657742721529,47.374289674274053],[-122.610657815199986,47.374289862050794],[-122.613437985047995,47.374509922173587],[-122.610657816814012,47.374289862021506]],[[-122.608863650161297,47.370459752428474],[-122.609174343937426,47.370530523654303],[-122.609158185165995,47.370489571915797],[-122.608863650161297,47.370459752428474]],[[-122.606539882279037,47.370224460438173],[-122.605962602968987,47.370166000675205],[-122.60433406721674,47.372217003089858],[-122.605133663219007,47.372401092448285],[-122.606539882279037,47.370224460438173]],[[-122.589222909938997,47.391725766577295],[-122.595675215493017,47.3852150747013],[-122.596048858171187,47.383158816443526],[-122.593174331829758,47.386432478837406],[-122.593929646375017,47.386441311413499],[-122.589222909938997,47.391725766577295]],[[-122.589362067860193,47.377793195774345],[-122.591002863480014,47.3745806250475],[-122.589312625055996,47.377750152117798],[-122.589362067860193,47.377793195774345]],[[-122.589547244616895,47.372868919633802],[-122.589440359428011,47.373092290858402],[-122.591002863480014,47.3745806250475],[-122.589547244616895,47.372868919633802]],[[-122.561146838550982,47.27646490719939],[-122.56535374564902,47.277235242985597],[-122.561425124999275,47.276012849336247],[-122.561146838550982,47.27646490719939]],[[-122.560487127610372,47.289013378280863],[-122.557194554025642,47.287681436097287],[-122.55524465535467,47.288595576554876],[-122.558083593278013,47.2880511481452],[-122.560487127610372,47.289013378280863]],[[-122.553786897082006,47.292520013778592],[-122.559529337725976,47.291760985053941],[-122.553648262840028,47.292261736697476],[-122.553777285822491,47.292554508220313],[-122.553786897082006,47.292520013778592]],[[-122.554957513500824,47.288650637735401],[-122.554100796054882,47.287527038414119],[-122.553011610892781,47.289076165763028],[-122.553081854043995,47.289010286187299],[-122.554957513500824,47.288650637735401]],[[-122.554014817785372,47.287414273491578],[-122.552968987839009,47.286042570237093],[-122.552937429935014,47.285083442243298],[-122.552881609267189,47.287315614389399],[-122.554014817785372,47.287414273491578]],[[-122.562602941297285,47.351722768181602],[-122.562616348784914,47.351830127644519],[-122.562609388001988,47.351722073952303],[-122.562602941297285,47.351722768181602]],[[-122.553850262848002,47.383707677382802],[-122.554288932118894,47.383252714098212],[-122.547600377502519,47.384155864447187],[-122.553850262848002,47.383707677382802]]],[[[-122.659698037026999,47.32907816887311],[-122.659621207368005,47.327646936774599],[-122.662611666238007,47.326481312084596],[-122.665011933276006,47.327172228752296],[-122.669658921725997,47.325665566792509],[-122.677589418525997,47.32790470610999],[-122.673765268329007,47.331435218332196],[-122.665771224232998,47.33281088814509],[-122.659698037026999,47.32907816887311]]],[[[-122.630529861767002,47.16724421770909],[-122.628864749604006,47.158195325313798],[-122.630847209427998,47.1535763293993],[-122.639162000390016,47.14699782049869],[-122.640133226170008,47.149862507687509],[-122.634888002654009,47.162986551129592],[-122.63487296694349,47.162611950689481],[-122.634487386483002,47.164053405328097],[-122.632403215865509,47.164360661153445],[-122.633615609496005,47.165166255648003],[-122.630529861767002,47.16724421770909]],[[-122.633400724945247,47.155224062240016],[-122.634655959305917,47.157204865308586],[-122.634583903818012,47.155409263924298],[-122.633400724945247,47.155224062240016]],[[-122.633083386076351,47.155174387240606],[-122.632447268161997,47.155074808877401],[-122.631058746728002,47.157652254160404],[-122.631037149040495,47.157997674518299],[-122.633083386076351,47.155174387240606]],[[-122.631951928909345,47.164060786757915],[-122.631013128748464,47.158381835009571],[-122.630709628175993,47.163235267223605],[-122.631951928909345,47.164060786757915]]],[[[-122.641641231750995,47.265149158865107],[-122.642998652783987,47.266392631047601],[-122.64166120638501,47.269930519526191],[-122.640811639771982,47.268441310540894],[-122.641641231750995,47.265149158865107]]]]}}
]
}
